<?xml version="1.0" encoding="utf-8"?>
<COLLADA xmlns="http://www.collada.org/2005/11/COLLADASchema" version="1.4.1" xmlns:xsi="http://www.w3.org/2001/XMLSchema-instance">
  <asset>
    <contributor>
      <author>Blender User</author>
      <authoring_tool>Blender 4.1.1 commit date:2024-04-15, commit time:15:11, hash:e1743a0317bc</authoring_tool>
    </contributor>
    <created>2024-09-27T02:00:32</created>
    <modified>2024-09-27T02:00:32</modified>
    <unit name="meter" meter="1"/>
    <up_axis>Z_UP</up_axis>
  </asset>
  <library_effects>
    <effect id="Aluminum_-_Cast_001-effect">
      <profile_COMMON>
        <technique sid="common">
          <lambert>
            <emission>
              <color sid="emission">0 0 0 1</color>
            </emission>
            <diffuse>
              <color sid="diffuse">0.807843 0.043137 0.905882 1</color>
            </diffuse>
            <index_of_refraction>
              <float sid="ior">1.5</float>
            </index_of_refraction>
          </lambert>
        </technique>
      </profile_COMMON>
    </effect>
    <effect id="Plastic_-_Glossy__Black__024-effect">
      <profile_COMMON>
        <technique sid="common">
          <lambert>
            <emission>
              <color sid="emission">0 0 0 1</color>
            </emission>
            <diffuse>
              <color sid="diffuse">0.098039 0.098039 0.098039 1</color>
            </diffuse>
            <index_of_refraction>
              <float sid="ior">1.5</float>
            </index_of_refraction>
          </lambert>
        </technique>
      </profile_COMMON>
    </effect>
    <effect id="Plastic_-_Matte__Black__007-effect">
      <profile_COMMON>
        <technique sid="common">
          <lambert>
            <emission>
              <color sid="emission">0 0 0 1</color>
            </emission>
            <diffuse>
              <color sid="diffuse">0.098039 0.098039 0.098039 1</color>
            </diffuse>
            <index_of_refraction>
              <float sid="ior">1.5</float>
            </index_of_refraction>
          </lambert>
        </technique>
      </profile_COMMON>
    </effect>
  </library_effects>
  <library_images/>
  <library_materials>
    <material id="Aluminum_-_Cast_001-material" name="Aluminum_-_Cast.001">
      <instance_effect url="#Aluminum_-_Cast_001-effect"/>
    </material>
    <material id="Plastic_-_Glossy__Black__024-material" name="Plastic_-_Glossy_(Black).024">
      <instance_effect url="#Plastic_-_Glossy__Black__024-effect"/>
    </material>
    <material id="Plastic_-_Matte__Black__007-material" name="Plastic_-_Matte_(Black).007">
      <instance_effect url="#Plastic_-_Matte__Black__007-effect"/>
    </material>
  </library_materials>
  <library_geometries>
    <geometry id="edf_impeler-mesh" name="edf_impeler">
      <mesh>
        <source id="edf_impeler-mesh-positions">
          <float_array id="edf_impeler-mesh-positions-array" count="3639">4.809886 17.65637 5.780537 5.010848 16.90637 5.780537 5.559886 16.35734 5.780537 6.309886 16.15637 5.780537 7.059886 16.35734 5.780537 7.608924 16.90637 5.780537 7.809886 17.65637 5.780537 7.608924 18.40637 5.780537 7.059886 18.95541 5.780537 6.309886 19.15637 5.780537 5.559886 18.95541 5.780537 5.010848 18.40637 5.780537 4.809886 17.65637 19.26247 5.010848 18.40637 19.26247 5.559886 18.95541 19.26247 6.309886 19.15637 19.26247 7.059886 18.95541 19.26247 7.608924 18.40637 19.26247 7.809886 17.65637 19.26247 7.608924 16.90637 19.26247 7.059886 16.35734 19.26247 6.309886 16.15637 19.26247 5.559886 16.35734 19.26247 5.010848 16.90637 19.26247 4.809886 17.65637 65.78054 5.010848 18.40637 65.78054 5.559886 18.95541 65.78054 6.309886 19.15637 65.78054 7.059886 18.95541 65.78054 7.608924 18.40637 65.78054 7.809886 17.65637 65.78054 7.608924 16.90637 65.78054 7.059886 16.35734 65.78054 6.309886 16.15637 65.78054 5.559886 16.35734 65.78054 5.010848 16.90637 65.78054 4.809886 17.65637 63.98054 5.010848 16.90637 63.98054 5.559886 16.35734 63.98054 6.309886 16.15637 63.98054 7.059886 16.35734 63.98054 7.608924 16.90637 63.98054 7.809886 17.65637 63.98054 7.608924 18.40637 63.98054 7.059886 18.95541 63.98054 6.309886 19.15637 63.98054 5.559886 18.95541 63.98054 5.010848 18.40637 63.98054 15.80989 17.65637 23.48054 15.38783 20.45655 23.48054 14.15915 23.00792 23.48054 12.23304 25.08378 23.48054 9.780628 26.49968 23.48054 7.019822 27.12981 23.48054 4.195937 26.91819 23.48054 1.559886 25.88362 23.48054 -0.654107 24.11802 23.48054 -2.249318 21.77827 23.48054 -3.084007 19.07228 23.48054 -3.084007 16.24047 23.48054 -2.249318 13.53448 23.48054 -0.654107 11.19473 23.48054 1.559886 9.429135 23.48054 4.195937 8.394559 23.48054 7.019822 8.182938 23.48054 9.780628 8.813076 23.48054 12.23304 10.22898 23.48054 14.15915 12.30483 23.48054 15.38783 14.8562 23.48054 12.30989 17.65637 23.48054 11.90472 15.48892 23.48054 10.74394 13.6142 23.48054 8.984316 12.28539 23.48054 6.863496 11.68197 23.48054 4.667908 11.88542 23.48054 2.694078 12.86827 23.48054 1.208583 14.49778 23.48054 0.412047 16.55388 23.48054 0.412047 18.75887 23.48054 1.208583 20.81497 23.48054 2.694078 22.44448 23.48054 4.667908 23.42733 23.48054 6.863496 23.63078 23.48054 8.984316 23.02735 23.48054 10.74394 21.69855 23.48054 11.90472 19.82382 23.48054 11.80989 17.65637 23.98054 11.39122 15.55161 23.98054 10.19897 13.76729 23.98054 8.414647 12.57504 23.98054 6.309886 12.15637 23.98054 4.205127 12.57504 23.98054 2.420799 13.76729 23.98054 1.228549 15.55161 23.98054 0.809886 17.65637 23.98054 1.228549 19.76113 23.98054 2.420799 21.54546 23.98054 4.205127 22.73771 23.98054 6.309886 23.15637 23.98054 8.414647 22.73771 23.98054 10.19897 21.54546 23.98054 11.39122 19.76113 23.98054 0.559886 17.65637 23.54753 0.742899 17.65637 23.73054 11.96198 18.71294 23.54753 11.78209 18.67931 23.73054 11.78209 16.63344 23.73054 11.96198 16.59982 23.54753 11.19863 20.68336 23.54753 11.04303 20.58702 23.73054 9.775035 22.24497 23.54753 9.664747 22.09893 23.73054 7.883448 23.18687 23.54753 7.833364 23.01085 23.73054 5.779343 23.38185 23.54753 5.796229 23.19961 23.73054 3.74689 22.80356 23.54753 3.828466 22.63974 23.73054 2.060585 21.53013 23.54753 2.195833 21.40683 23.73054 0.948171 19.73352 23.54753 1.118825 19.6674 23.73054 0.948171 15.57923 23.54753 1.118825 15.64535 23.73054 2.060585 13.78262 23.54753 2.195833 13.90592 23.73054 3.74689 12.50918 23.54753 3.828466 12.67301 23.73054 5.779343 11.9309 23.54753 5.796229 12.11314 23.73054 7.883448 12.12588 23.54753 7.833364 12.3019 23.73054 9.775035 13.06777 23.54753 9.664747 13.21382 23.73054 11.19863 14.62939 23.54753 11.04303 14.72573 23.73054 11.80989 17.65637 34.89395 11.39122 15.55161 34.89395 10.19897 13.76729 34.89395 8.414647 12.57504 34.89395 6.309886 12.15637 34.89395 4.205127 12.57504 34.89395 2.420799 13.76729 34.89395 1.228549 15.55161 34.89395 0.809886 17.65637 34.89395 1.228549 19.76113 34.89395 2.420799 21.54546 34.89395 4.205127 22.73771 34.89395 6.309886 23.15637 34.89395 8.414647 22.73771 34.89395 10.19897 21.54546 34.89395 11.39122 19.76113 34.89395 11.95989 17.65637 35.04395 11.5298 15.49421 35.04395 10.30504 13.66122 35.04395 8.472047 12.43645 35.04395 6.309886 12.00637 35.04395 4.147725 12.43645 35.04395 2.314733 13.66122 35.04395 1.089967 15.49421 35.04395 0.659886 17.65637 35.04395 1.089967 19.81854 35.04395 2.314733 21.65153 35.04395 4.147725 22.87629 35.04395 6.309886 23.30637 35.04395 8.472047 22.87629 35.04395 10.30504 21.65153 35.04395 11.5298 19.81854 35.04395 0.78979 17.65637 34.96895 0.734886 17.65637 35.02385 2.659037 13.44307 35.02385 2.694992 13.48456 34.96895 9.960737 13.44307 35.02385 9.92478 13.48456 34.96895 9.960737 21.86968 35.02385 9.92478 21.82818 34.96895 2.659037 21.86968 35.02385 2.694992 21.82818 34.96895 11.60638 19.21157 34.96895 11.65906 19.22703 35.02385 11.88489 17.65637 35.02385 11.82998 17.65637 34.96895 10.95369 20.64076 34.96895 10.99987 20.67045 35.02385 7.095478 23.12028 34.96895 7.103291 23.17463 35.02385 8.625825 22.72757 35.02385 8.603017 22.67763 34.96895 5.524294 23.12028 34.96895 5.516481 23.17463 35.02385 4.016755 22.67763 34.96895 3.993947 22.72757 35.02385 1.666086 20.64076 34.96895 1.619898 20.67045 35.02385 1.013393 19.21157 34.96895 0.960713 19.22703 35.02385 1.013393 16.10119 34.96895 0.960713 16.08572 35.02385 1.666086 14.67198 34.96895 1.619898 14.6423 35.02385 5.524294 12.19246 34.96895 5.516481 12.13812 35.02385 3.993947 12.58518 35.02385 4.016755 12.63512 34.96895 7.095478 12.19246 34.96895 7.103291 12.13812 35.02385 8.603017 12.63512 34.96895 8.625825 12.58518 35.02385 10.95369 14.67198 34.96895 10.99987 14.6423 35.02385 11.60638 16.10119 34.96895 11.65906 16.08572 35.02385 15.78871 17.65637 35.04395 15.36759 14.86244 35.04395 14.14166 12.31676 35.04395 12.21984 10.24553 35.04395 9.772891 8.832783 35.04395 7.01824 8.204052 35.04395 4.200649 8.415203 35.04395 1.570472 9.447469 35.04395 -0.638586 11.20913 35.04395 -2.230242 13.54366 35.04395 -3.06307 16.24363 35.04395 -3.06307 19.06912 35.04395 -2.230242 21.76908 35.04395 -0.638586 24.10362 35.04395 1.570472 25.86528 35.04395 4.200649 26.89755 35.04395 7.01824 27.1087 35.04395 9.772891 26.47997 35.04395 12.21984 25.06722 35.04395 14.14166 22.99599 35.04395 15.36759 20.45031 35.04395 16.28871 17.65637 35.54395 15.8845 14.84501 35.54395 14.70461 12.26141 35.54395 12.84463 10.11488 35.54395 10.45524 8.579316 35.54395 7.730021 7.779117 35.54395 4.889751 7.779117 35.54395 2.164531 8.579316 35.54395 -0.224856 10.11488 35.54395 -2.084838 12.26141 35.54395 -3.264728 14.84501 35.54395 -3.668941 17.65637 35.54395 -3.264728 20.46774 35.54395 -2.084838 23.05134 35.54395 -0.224856 25.19787 35.54395 2.164531 26.73344 35.54395 4.889751 27.53363 35.54395 7.730021 27.53363 35.54395 10.45524 26.73344 35.54395 12.84463 25.19787 35.54395 14.70461 23.05134 35.54395 15.8845 20.46774 35.54395 -3.418941 17.65637 35.11093 -3.601954 17.65637 35.29395 15.93005 19.10638 35.11093 16.11102 19.13366 35.29395 16.11102 16.17909 35.29395 15.93005 16.20637 35.11093 15.07526 21.87755 35.11093 15.24014 21.95696 35.29395 13.44162 24.27366 35.11093 13.57578 24.39814 35.29395 11.1743 26.08179 35.11093 11.26581 26.24028 35.29395 8.474756 27.14128 35.11093 8.51548 27.3197 35.29395 5.58285 27.358 35.11093 5.569173 27.5405 35.29395 2.755546 26.71269 35.11093 2.688684 26.88305 35.29395 0.244062 25.26268 35.11093 0.1299549 25.40576 35.29395 -1.728448 23.13682 35.11093 -1.87966 23.23991 35.29395 -2.986717 20.524 35.11093 -3.161599 20.57794 35.29395 -2.986717 14.78875 35.11093 -3.161599 14.73481 35.29395 -1.728448 12.17593 35.11093 -1.87966 12.07284 35.29395 0.244062 10.05007 35.11093 0.1299549 9.906988 35.29395 2.755546 8.600067 35.11093 2.688684 8.429703 35.29395 5.58285 7.954751 35.11093 5.569173 7.77225 35.29395 8.474756 8.171469 35.11093 8.51548 7.993045 35.29395 11.1743 9.230963 35.11093 11.26581 9.072469 35.29395 13.44162 11.03909 35.11093 13.57578 10.91461 35.29395 15.07526 13.43519 35.11093 15.24014 13.35579 35.29395 16.28871 17.65637 37.98054 15.8845 14.84501 37.98054 14.70461 12.26141 37.98054 12.84463 10.11488 37.98054 10.45524 8.579316 37.98054 7.730021 7.779117 37.98054 4.889751 7.779117 37.98054 2.164531 8.579316 37.98054 -0.224856 10.11488 37.98054 -2.084838 12.26141 37.98054 -3.264728 14.84501 37.98054 -3.668941 17.65637 37.98054 -3.264728 20.46774 37.98054 -2.084838 23.05134 37.98054 -0.224856 25.19787 37.98054 2.164531 26.73344 37.98054 4.889751 27.53363 37.98054 7.730021 27.53363 37.98054 10.45524 26.73344 37.98054 12.84463 25.19787 37.98054 14.70461 23.05134 37.98054 15.8845 20.46774 37.98054 19.04264 17.65637 41.97845 18.60878 14.36089 41.97845 17.33678 11.29 41.97845 15.3133 8.652958 41.97845 12.67626 6.629486 41.97845 9.605365 5.357479 41.97845 6.309886 4.923621 41.97845 3.014407 5.357479 41.97845 -0.05649089 6.629486 41.97845 -2.69353 8.652958 41.97845 -4.717002 11.29 41.97845 -5.98901 14.36089 41.97845 -6.422868 17.65637 41.97845 -5.98901 20.95186 41.97845 -4.717002 24.02275 41.97845 -2.69353 26.65979 41.97845 -0.05649089 28.68326 41.97845 3.014407 29.95527 41.97845 6.309886 30.38913 41.97845 9.605365 29.95527 41.97845 12.67626 28.68326 41.97845 15.3133 26.65979 41.97845 17.33678 24.02275 41.97845 18.60878 20.95186 41.97845 19.13088 17.65637 42.26209 18.69401 14.33806 42.26209 17.41319 11.24588 42.26209 15.3757 8.590565 42.26209 12.72038 6.553071 42.26209 9.628205 5.272248 42.26209 6.309886 4.835384 42.26209 2.991569 5.272248 42.26209 -0.100609 6.553071 42.26209 -2.755924 8.590565 42.26209 -4.793418 11.24588 42.26209 -6.07424 14.33806 42.26209 -6.511105 17.65637 42.26209 -6.07424 20.97469 42.26209 -4.793418 24.06687 42.26209 -2.755924 26.72218 42.26209 -0.100609 28.75968 42.26209 2.991569 30.0405 42.26209 6.309886 30.47737 42.26209 9.628205 30.0405 42.26209 12.72038 28.75968 42.26209 15.3757 26.72218 42.26209 17.41319 24.06687 42.26209 18.69401 20.97469 42.26209 -6.488536 17.65637 42.11357 19.00739 19.26044 42.11357 19.00739 16.05231 42.11357 18.20956 22.36779 42.11357 16.66403 25.1791 42.11357 14.46791 27.51773 42.11357 11.75919 29.23673 42.11357 8.708071 30.2281 42.11357 5.506266 30.42954 42.11357 2.354956 29.8284 42.11357 -0.547852 28.46244 42.11357 -3.019762 26.4175 42.11357 -4.905457 23.82206 42.11357 -6.08645 20.83921 42.11357 -6.08645 14.47354 42.11357 -4.905457 11.49069 42.11357 -3.019762 8.895253 42.11357 -0.547852 6.850309 42.11357 2.354956 5.484351 42.11357 5.506266 4.883207 42.11357 8.708071 5.084647 42.11357 11.75919 6.076016 42.11357 14.46791 7.795021 42.11357 16.66403 10.13365 42.11357 18.20956 12.94496 42.11357 19.13088 17.65637 57.65121 18.69401 14.33806 57.65121 17.41319 11.24588 57.65121 15.3757 8.590565 57.65121 12.72038 6.553071 57.65121 9.628205 5.272248 57.65121 6.309886 4.835384 57.65121 2.991569 5.272248 57.65121 -0.100609 6.553071 57.65121 -2.755924 8.590565 57.65121 -4.793418 11.24588 57.65121 -6.07424 14.33806 57.65121 -6.511105 17.65637 57.65121 -6.07424 20.97469 57.65121 -4.793418 24.06687 57.65121 -2.755924 26.72218 57.65121 -0.100609 28.75968 57.65121 2.991569 30.0405 57.65121 6.309886 30.47737 57.65121 9.628205 30.0405 57.65121 12.72038 28.75968 57.65121 15.3757 26.72218 57.65121 17.41319 24.06687 57.65121 18.69401 20.97469 57.65121 18.82878 17.65637 58.11038 18.40221 14.41625 58.11038 17.15157 11.39693 58.11038 15.16208 8.80418 58.11038 12.56933 6.814692 58.11038 9.550017 5.564049 58.11038 6.309886 5.137478 58.11038 3.069757 5.564049 58.11038 0.05043792 6.814692 58.11038 -2.542311 8.80418 58.11038 -4.531796 11.39693 58.11038 -5.782439 14.41625 58.11038 -6.209011 17.65637 58.11038 -5.782439 20.8965 58.11038 -4.531796 23.91582 58.11038 -2.542311 26.50857 58.11038 0.05043792 28.49806 58.11038 3.069757 29.7487 58.11038 6.309886 30.17527 58.11038 9.550017 29.7487 58.11038 12.56933 28.49806 58.11038 15.16208 26.50857 58.11038 17.15157 23.91582 58.11038 18.40221 20.8965 58.11038 -6.473948 17.65637 57.84035 -6.368001 17.65637 58.00139 18.65812 20.96508 57.84035 18.55578 20.93765 58.00139 18.98777 17.65637 58.00139 19.09372 17.65637 57.84035 17.38101 24.04829 57.84035 17.28926 23.99532 58.00139 15.34942 26.69591 57.84035 15.27451 26.621 58.00139 12.7018 28.7275 57.84035 12.64883 28.63575 58.00139 9.618586 30.00461 57.84035 9.591165 29.90227 58.00139 6.309886 30.44021 57.84035 6.309886 30.33426 58.00139 3.001186 30.00461 57.84035 3.028607 29.90227 58.00139 -0.08203095 28.7275 57.84035 -0.02905791 28.63575 58.00139 -2.72965 26.69591 57.84035 -2.654734 26.621 58.00139 -4.761239 24.04829 57.84035 -4.669487 23.99532 58.00139 -6.03835 20.96508 57.84035 -5.936013 20.93765 58.00139 -6.03835 14.34768 57.84035 -5.936013 14.3751 58.00139 -4.761239 11.26446 57.84035 -4.669487 11.31743 58.00139 -2.72965 8.61684 57.84035 -2.654734 8.691756 58.00139 -0.08203095 6.585249 57.84035 -0.02905791 6.677002 58.00139 3.001186 5.308139 57.84035 3.028607 5.410475 58.00139 6.309886 4.87254 57.84035 6.309886 4.978487 58.00139 9.618586 5.308139 57.84035 9.591165 5.410475 58.00139 12.7018 6.585249 57.84035 12.64883 6.677002 58.00139 15.34942 8.61684 57.84035 15.27451 8.691756 58.00139 17.38101 11.26446 57.84035 17.28926 11.31743 58.00139 18.65812 14.34768 57.84035 18.55578 14.3751 58.00139 16.80989 17.65637 58.98054 16.38456 14.69818 58.98054 15.14305 11.97965 58.98054 13.18592 9.721004 58.98054 10.67174 8.105238 58.98054 7.804192 7.263249 58.98054 4.81558 7.263249 58.98054 1.948028 8.105238 58.98054 -0.566152 9.721004 58.98054 -2.523276 11.97965 58.98054 -3.76479 14.69818 58.98054 -4.190114 17.65637 58.98054 -3.76479 20.61457 58.98054 -2.523276 23.3331 58.98054 -0.566152 25.59175 58.98054 1.948028 27.20751 58.98054 4.81558 28.0495 58.98054 7.804192 28.0495 58.98054 10.67174 27.20751 58.98054 13.18592 25.59175 58.98054 15.14305 23.3331 58.98054 16.38456 20.61457 58.98054 14.45981 17.65637 61.80064 14.06092 15.13791 61.80064 12.90331 12.86597 61.80064 11.10029 11.06295 61.80064 8.828351 9.905339 61.80064 6.309886 9.506451 61.80064 3.791421 9.905339 61.80064 1.519481 11.06295 61.80064 -0.28354 12.86597 61.80064 -1.441152 15.13791 61.80064 -1.840037 17.65637 61.80064 -1.441152 20.17484 61.80064 -0.28354 22.44678 61.80064 1.519481 24.2498 61.80064 3.791421 25.40741 61.80064 6.309886 25.8063 61.80064 8.828351 25.40741 61.80064 11.10029 24.2498 61.80064 12.90331 22.44678 61.80064 14.06092 20.17484 61.80064 14.0757 17.65637 61.98054 13.65493 15.13482 61.98054 12.4382 12.88651 61.98054 10.55738 11.1551 61.98054 8.21628 10.12819 61.98054 5.66859 9.917086 61.98054 3.190395 10.54465 61.98054 1.050244 11.94288 61.98054 -0.519942 13.96026 61.98054 -1.350011 16.37817 61.98054 -1.350011 18.93459 61.98054 -0.519942 21.35249 61.98054 1.050244 23.36987 61.98054 3.190395 24.7681 61.98054 5.66859 25.39566 61.98054 8.21628 25.18456 61.98054 10.55738 24.15765 61.98054 12.4382 22.42624 61.98054 13.65493 20.17793 61.98054 -1.668004 17.65637 61.93334 13.89731 20.12168 61.93334 14.28778 17.65637 61.93334 12.76414 22.34566 61.93334 10.99917 24.11062 61.93334 8.775192 25.2438 61.93334 6.309886 25.63427 61.93334 3.844582 25.2438 61.93334 1.6206 24.11062 61.93334 -0.144363 22.34566 61.93334 -1.277539 20.12168 61.93334 -1.277539 15.19107 61.93334 -0.144363 12.96709 61.93334 1.6206 11.20212 61.93334 3.844582 10.06895 61.93334 6.309886 9.678484 61.93334 8.775192 10.06895 61.93334 10.99917 11.20212 61.93334 12.76414 12.96709 61.93334 13.89731 15.19107 61.93334 10.80989 17.65637 61.98054 10.42084 15.82606 61.98054 9.320976 14.31222 61.98054 7.700463 13.37662 61.98054 5.839508 13.18103 61.98054 4.059886 13.75926 61.98054 2.669309 15.01134 61.98054 1.908222 16.72077 61.98054 1.908222 18.59198 61.98054 2.669309 20.30141 61.98054 4.059886 21.55349 61.98054 5.839508 22.13172 61.98054 7.700463 21.93613 61.98054 9.320976 21.00053 61.98054 10.42084 19.48669 61.98054 10.80989 17.65637 63.48054 10.42084 15.82606 63.48054 9.320976 14.31222 63.48054 7.700463 13.37662 63.48054 5.839508 13.18103 63.48054 4.059886 13.75926 63.48054 2.669309 15.01134 63.48054 1.908222 16.72077 63.48054 1.908222 18.59198 63.48054 2.669309 20.30141 63.48054 4.059886 21.55349 63.48054 5.839508 22.13172 63.48054 7.700463 21.93613 63.48054 9.320976 21.00053 63.48054 10.42084 19.48669 63.48054 10.30989 17.65637 63.98054 9.913763 15.92084 63.98054 8.803847 14.52905 63.98054 7.19997 13.75666 63.98054 5.419802 13.75666 63.98054 3.815927 14.52905 63.98054 2.70601 15.92084 63.98054 2.309886 17.65637 63.98054 2.70601 19.39191 63.98054 3.815927 20.7837 63.98054 5.419802 21.55609 63.98054 7.19997 21.55609 63.98054 8.803847 20.7837 63.98054 9.913763 19.39191 63.98054 1.876873 17.65637 63.73054 2.059886 17.65637 63.91355 10.64603 18.57805 63.73054 10.46701 18.54 63.91355 10.46701 16.77275 63.91355 10.64603 16.7347 63.73054 9.896269 20.26203 63.73054 9.748208 20.15446 63.91355 8.526392 21.49548 63.73054 8.434886 21.33698 63.91355 6.773262 22.0651 63.73054 6.754132 21.88309 63.91355 4.94001 21.87242 63.73054 4.996564 21.69836 63.91355 3.343622 20.95075 63.73054 3.466081 20.81474 63.91355 2.260127 19.45944 63.73054 2.427318 19.38501 63.91355 2.260127 15.85331 63.73054 2.427318 15.92774 63.91355 3.343622 14.362 63.73054 3.466081 14.49801 63.91355 4.94001 13.44033 63.73054 4.996564 13.61438 63.91355 6.773262 13.24765 63.73054 6.754132 13.42966 63.91355 8.526392 13.81727 63.73054 8.434886 13.97577 63.91355 9.896269 15.05072 63.73054 9.748208 15.15829 63.91355 15.80989 17.65637 19.26247 15.38783 14.8562 19.26247 14.15915 12.30483 19.26247 12.23304 10.22898 19.26247 9.780628 8.813076 19.26247 7.019822 8.182938 19.26247 4.195937 8.394559 19.26247 1.559886 9.429135 19.26247 -0.654107 11.19473 19.26247 -2.249318 13.53448 19.26247 -3.084007 16.24047 19.26247 -3.084007 19.07228 19.26247 -2.249318 21.77827 19.26247 -0.654107 24.11802 19.26247 1.559886 25.88362 19.26247 4.195937 26.91819 19.26247 7.019822 27.12981 19.26247 9.780628 26.49968 19.26247 12.23304 25.08378 19.26247 14.15915 23.00792 19.26247 15.38783 20.45655 19.26247 16.30989 17.65637 19.76247 15.90482 14.83905 19.76247 14.72242 12.24997 19.76247 12.85849 10.09888 19.76247 10.46404 8.560054 19.76247 7.733034 7.75816 19.76247 4.886738 7.75816 19.76247 2.155736 8.560054 19.76247 -0.238721 10.09888 19.76247 -2.102649 12.24997 19.76247 -3.285044 14.83905 19.76247 -3.690114 17.65637 19.76247 -3.285044 20.4737 19.76247 -2.102649 23.06278 19.76247 -0.238721 25.21387 19.76247 2.155736 26.75269 19.76247 4.886738 27.55459 19.76247 7.733034 27.55459 19.76247 10.46404 26.75269 19.76247 12.85849 25.21387 19.76247 14.72242 23.06278 19.76247 15.90482 20.4737 19.76247 -3.440114 17.65637 19.32946 -3.623127 17.65637 19.51247 15.95099 19.10954 19.32946 16.13195 19.13681 19.51247 16.13195 16.17594 19.51247 15.95099 16.20321 19.32946 15.09433 21.88674 19.32946 15.25922 21.96615 19.51247 13.45714 24.28806 19.32946 13.5913 24.41254 19.51247 11.18489 26.10012 19.32946 11.27639 26.25862 19.51247 8.479465 27.16192 19.32946 8.520191 27.34035 19.51247 5.581268 27.37911 19.32946 5.567591 27.56161 19.51247 2.747811 26.73239 19.32946 2.680949 26.90276 19.51247 0.2308599 25.27923 19.32946 0.116754 25.42232 19.51247 -1.745942 23.14875 19.32946 -1.897154 23.25184 19.51247 -3.006949 20.53024 19.32946 -3.181831 20.58418 19.51247 -3.006949 14.78251 19.32946 -3.181831 14.72857 19.51247 -1.745942 12.164 19.32946 -1.897154 12.06091 19.51247 0.2308599 10.03352 19.32946 0.116754 9.890434 19.51247 2.747811 8.580355 19.32946 2.680949 8.409995 19.51247 5.581268 7.933637 19.32946 5.567591 7.751136 19.51247 8.479465 8.150829 19.32946 8.520191 7.972403 19.51247 11.18489 9.212629 19.32946 11.27639 9.054135 19.51247 13.45714 11.02469 19.32946 13.5913 10.90021 19.51247 15.09433 13.42601 19.32946 15.25922 13.3466 19.51247 16.30989 17.65637 22.98054 15.90482 14.83905 22.98054 14.72242 12.24997 22.98054 12.85849 10.09888 22.98054 10.46404 8.560054 22.98054 7.733034 7.75816 22.98054 4.886738 7.75816 22.98054 2.155736 8.560054 22.98054 -0.238721 10.09888 22.98054 -2.102649 12.24997 22.98054 -3.285044 14.83905 22.98054 -3.690114 17.65637 22.98054 -3.285044 20.4737 22.98054 -2.102649 23.06278 22.98054 -0.238721 25.21387 22.98054 2.155736 26.75269 22.98054 4.886738 27.55459 22.98054 7.733034 27.55459 22.98054 10.46404 26.75269 22.98054 12.85849 25.21387 22.98054 14.72242 23.06278 22.98054 15.90482 20.4737 22.98054 -3.623127 17.65637 23.23054 -3.440114 17.65637 23.41356 16.13195 19.13681 23.23054 15.95099 19.10954 23.41356 15.95099 16.20321 23.41356 16.13195 16.17594 23.23054 15.25922 21.96615 23.23054 15.09433 21.88674 23.41356 13.5913 24.41254 23.23054 13.45714 24.28806 23.41356 11.27639 26.25862 23.23054 11.18489 26.10012 23.41356 8.520191 27.34035 23.23054 8.479465 27.16192 23.41356 5.567591 27.56161 23.23054 5.581268 27.37911 23.41356 2.680949 26.90276 23.23054 2.747811 26.73239 23.41356 0.116754 25.42232 23.23054 0.2308599 25.27923 23.41356 -1.897154 23.25184 23.23054 -1.745942 23.14875 23.41356 -3.181831 20.58418 23.23054 -3.006949 20.53024 23.41356 -3.181831 14.72857 23.23054 -3.006949 14.78251 23.41356 -1.897154 12.06091 23.23054 -1.745942 12.164 23.41356 0.116754 9.890434 23.23054 0.2308599 10.03352 23.41356 2.680949 8.409995 23.23054 2.747811 8.580355 23.41356 5.567591 7.751136 23.23054 5.581268 7.933637 23.41356 8.520191 7.972403 23.23054 8.479465 8.150829 23.41356 11.27639 9.054135 23.23054 11.18489 9.212629 23.41356 13.5913 10.90021 23.23054 13.45714 11.02469 23.41356 15.25922 13.3466 23.23054 15.09433 13.42601 23.41356 5.309886 17.65637 -11.01946 5.443861 17.15637 -11.01946 5.809886 16.79035 -11.01946 6.309886 16.65637 -11.01946 6.809886 16.79035 -11.01946 7.175911 17.15637 -11.01946 7.309886 17.65637 -11.01946 7.175911 18.15637 -11.01946 6.809886 18.5224 -11.01946 6.309886 18.65637 -11.01946 5.809886 18.5224 -11.01946 5.443861 18.15637 -11.01946 5.309886 17.65637 -12.01946 5.443861 18.15637 -12.01946 5.809886 18.5224 -12.01946 6.309886 18.65637 -12.01946 6.809886 18.5224 -12.01946 7.175911 18.15637 -12.01946 7.309886 17.65637 -12.01946 7.175911 17.15637 -12.01946 6.809886 16.79035 -12.01946 6.309886 16.65637 -12.01946 5.809886 16.79035 -12.01946 5.443861 17.15637 -12.01946 16.30989 17.65637 -0.016873 15.90482 20.4737 -0.016873 14.72242 23.06278 -0.016873 12.85849 25.21387 -0.016873 10.46404 26.75269 -0.016873 7.733034 27.55459 -0.016873 4.886738 27.55459 -0.016873 2.155736 26.75269 -0.016873 -0.238721 25.21387 -0.016873 -2.102649 23.06278 -0.016873 -3.285044 20.4737 -0.016873 -3.690114 17.65637 -0.016873 -3.285044 14.83905 -0.016873 -2.102649 12.24997 -0.016873 -0.238721 10.09888 -0.016873 2.155736 8.560054 -0.016873 4.886738 7.75816 -0.016873 7.733034 7.75816 -0.016873 10.46404 8.560054 -0.016873 12.85849 10.09888 -0.016873 14.72242 12.24997 -0.016873 15.90482 14.83905 -0.016873 7.909886 17.65637 -12.01946 7.695527 16.85638 -12.01946 7.109886 16.27074 -12.01946 6.309886 16.05637 -12.01946 5.509886 16.27074 -12.01946 4.924245 16.85638 -12.01946 4.709886 17.65637 -12.01946 4.924245 18.45637 -12.01946 5.509886 19.04202 -12.01946 6.309886 19.25638 -12.01946 7.109886 19.04202 -12.01946 7.695527 18.45637 -12.01946 14.89941 13.59804 16.13874 14.64733 13.10503 13.79634 14.38174 12.65269 11.82422 14.1124 12.24409 10.1909 13.84908 11.88232 8.86489 13.60155 11.57043 7.814694 13.37959 11.31151 7.008832 13.0185 10.93031 5.918414 12.28999 10.27636 4.278257 11.54933 9.731842 3.106869 24.28433 -1.303103 3.106869 25.28651 -0.146529 5.299096 26.17715 0.881317 8.213284 26.95324 1.776979 11.86882 27.63442 2.563094 16.13874 12.54548 10.4892 4.000858 13.22709 11.14395 5.25287 13.7164 11.70679 6.772402 14.08364 12.1941 8.498452 14.59884 13.00826 12.38353 27.36003 2.246436 13.57197 27.05233 1.891326 11.22163 26.70758 1.493473 9.111866 26.32037 1.046601 7.277998 25.88524 0.544435 5.755343 25.3996 -0.01602399 4.560778 24.865 -0.632986 3.684234 -2.382141 13.82249 16.13874 -2.58966 14.33585 13.79634 -2.757588 14.83279 11.82422 -2.890001 15.30392 10.1909 -2.990976 15.73983 8.86489 -3.064588 16.13115 7.814694 -3.114913 16.46845 7.008832 -3.166539 16.99098 5.918414 -3.183692 17.9698 4.278257 -3.110183 18.88613 3.106869 -19.78949 16.48801 3.106869 -19.5717 14.97322 5.299096 -19.37815 13.62703 8.213284 -19.20948 12.45396 11.86882 -19.06145 11.42437 16.13874 -3.190148 17.63733 4.000858 -3.141677 16.69343 5.25287 -3.036748 15.95505 6.772402 -2.908946 15.35839 8.498452 -2.631031 14.43587 12.38353 -19.12108 11.8391 13.57197 -19.18795 12.3042 11.22163 -19.26287 12.82527 9.111866 -19.34702 13.41055 7.277998 -19.44158 14.06825 5.755343 -19.54712 14.80229 4.560778 -19.6633 15.61034 3.684234 -0.788336 23.97027 16.13874 -0.407573 24.37229 13.79634 -0.02529895 24.73148 11.82422 0.348246 25.04764 10.1909 0.702823 25.32058 8.86489 1.028191 25.55009 7.814694 1.314111 25.73599 7.008832 1.767972 26.00002 5.918414 2.651209 26.42224 4.278257 3.515275 26.73603 3.106869 -5.59497 40.91184 3.106869 -6.882397 40.08447 5.299096 -8.026533 39.34918 8.213284 -9.023528 38.70845 11.86882 -9.898581 38.14608 16.13874 2.346106 26.29 4.000858 1.507639 25.8538 5.25287 0.879577 25.45162 6.772402 0.389925 25.0875 8.498452 -0.333784 24.45147 12.38353 -9.546097 38.37261 13.57197 -9.150812 38.62665 11.22163 -8.707945 38.91126 9.111866 -8.210515 39.23094 7.277998 -7.651534 39.59017 5.755343 -7.027667 39.99111 4.560778 -6.340903 40.43246 3.684234 13.5697 23.78379 16.13874 13.91344 23.34969 13.79634 14.21457 22.92018 11.82422 14.47435 22.50545 10.1909 14.69405 22.11564 8.86489 14.87492 21.76092 7.814694 15.01824 21.45145 7.008832 15.21499 20.96463 5.918414 15.50721 20.0303 4.278257 15.69484 19.13037 3.106869 31.02289 26.13046 3.106869 30.38715 27.52253 5.299096 29.82217 28.75966 8.213284 29.32985 29.83769 11.86882 28.89775 30.78387 16.13874 15.41974 20.35112 4.000858 15.1073 21.24313 5.25287 14.7986 21.92203 6.772402 14.50787 22.45852 8.498452 13.98131 23.26538 12.38353 29.0718 30.40274 13.57197 29.267 29.97532 11.22163 29.48569 29.49646 9.111866 29.73132 28.9586 7.277998 30.00735 28.35418 5.755343 30.31542 27.67961 4.560778 30.65455 26.93702 3.684234 -3.075067 19.13037 16.13874 -2.972099 19.67443 13.79634 -2.844702 20.18327 11.82422 -2.701385 20.6512 10.1909 -2.550656 21.07251 8.86489 -2.401024 21.44149 7.814694 -2.260999 21.75246 7.008832 -2.02193 22.21995 5.918414 -1.507171 23.05266 4.278257 -0.949923 23.78379 3.106869 -16.27797 30.78387 3.106869 -16.91371 29.3918 5.299096 -17.47869 28.15467 8.213284 -17.97101 27.07664 11.86882 -18.40312 26.13046 16.13874 -1.692347 22.77646 4.000858 -2.161882 21.95619 5.25287 -2.472807 21.2783 6.772402 -2.687873 20.70727 8.498452 -2.952831 19.78093 12.38353 -18.22906 26.51159 13.57197 -18.03387 26.93901 11.22163 -17.81518 27.41787 9.111866 -17.56954 27.95573 7.277998 -17.29351 28.56015 5.755343 -16.98545 29.23472 4.560778 -16.64632 29.97731 3.684234 1.070442 9.731842 16.13874 0.618322 10.05151 13.79634 0.208385 10.37878 11.82422 -0.157719 10.70353 10.1909 -0.478338 11.01565 8.86489 -0.751821 11.30505 7.814694 -0.97652 11.5616 7.008832 -1.30245 11.97327 5.918414 -1.846068 12.78743 4.278257 -2.279637 13.59804 3.106869 -15.01464 2.563094 3.106869 -14.01246 1.40652 5.299096 -13.12183 0.378673 8.213284 -12.34574 -0.516988 11.86882 -11.66456 -1.303103 16.13874 -1.671755 12.50425 4.000858 -1.120667 11.73639 5.25287 -0.633199 11.17196 6.772402 -0.203106 10.73911 8.498452 0.529447 10.11328 12.38353 -11.93895 -0.986446 13.57197 -12.24665 -0.631335 11.22163 -12.5914 -0.233482 9.111866 -12.97861 0.2133899 7.277998 -13.41374 0.715556 5.755343 -13.89938 1.276015 4.560778 -14.43398 1.892976 3.684234 6.186511 8.157176 16.13874 5.633335 8.181669 13.79634 5.111541 8.235352 11.82422 4.627983 8.310619 10.1909 4.189514 8.399854 8.86489 3.802987 8.49545 7.814694 3.475256 8.589797 7.008832 2.978501 8.759902 5.918414 2.081013 9.150914 4.278257 1.278021 9.59844 3.106869 -3.469405 -6.569812 3.106869 -2.001029 -7.000966 5.299096 -0.696084 -7.384132 8.213284 0.441039 -7.718022 11.86882 1.439085 -8.011075 16.13874 2.380753 9.00693 4.000858 3.25949 8.658908 5.25287 3.974731 8.447624 6.772402 4.570564 8.316014 8.498452 5.525173 8.185584 12.38353 1.037059 -7.893029 13.57197 0.586214 -7.760649 11.22163 0.08110296 -7.612335 9.111866 -0.486242 -7.445747 7.277998 -1.123788 -7.258547 5.755343 -1.835341 -7.049616 4.560778 -2.61863 -6.819622 3.684234 11.34175 9.59844 16.13874 10.86315 9.319972 13.79634 10.39516 9.083031 11.82422 9.947677 8.88492 10.1909 9.53057 8.722934 8.86489 9.153718 8.594384 7.814694 8.827008 8.496565 7.008832 8.317146 8.371103 5.918414 7.350732 8.214823 4.278257 6.433261 8.157176 3.106869 11.18069 -8.011075 3.106869 12.64906 -7.57992 5.299096 13.95401 -7.196754 8.213284 15.09113 -6.862864 11.86882 16.08918 -6.569812 16.13874 7.680733 8.255747 4.000858 8.608127 8.438056 5.25287 9.324056 8.647001 6.772402 9.896456 8.858414 8.498452 10.77004 9.264789 12.38353 15.68715 -6.687857 13.57197 15.23631 -6.820237 11.22163 14.7312 -6.968551 9.111866 14.16385 -7.135138 7.277998 13.5263 -7.322339 5.755343 12.81475 -7.53127 4.560778 12.03146 -7.761264 3.684234 15.72995 18.88613 16.13874 15.78444 18.3351 13.79634 15.80556 17.81098 11.82422 15.79988 17.32163 10.1909 15.77395 16.87493 8.86489 15.73433 16.47873 7.814694 15.68759 16.14091 7.008832 15.58991 15.625 5.918414 15.33061 14.681 4.278257 15.00191 13.82249 3.106869 31.68122 11.42437 3.106869 31.89902 12.93916 5.299096 32.09257 14.28535 8.213284 32.26123 15.45842 11.86882 32.40926 16.48801 16.13874 15.43047 14.99818 4.000858 15.64989 15.9175 5.25287 15.75723 16.65553 6.772402 15.80271 17.26403 8.498452 15.79596 18.22748 12.38353 32.34963 16.07328 13.57197 32.28276 15.60818 11.22163 32.20784 15.0871 9.111866 32.12369 14.50183 7.277998 32.02913 13.84413 5.755343 31.92359 13.11008 4.560778 31.80741 12.30204 3.684234 3.75203 26.80555 16.13874 4.289699 26.9379 13.79634 4.805481 27.03339 11.82422 5.290656 27.09741 10.1909 5.736505 27.13532 8.86489 6.134308 27.15249 7.814694 6.475343 27.1543 7.008832 6.9999 27.13104 5.918414 7.971194 27.00872 4.278257 8.867742 26.80555 3.106869 8.867742 43.65637 3.106869 7.337375 43.65637 5.299096 5.97734 43.65637 8.213284 4.79221 43.65637 11.86882 3.75203 43.65637 16.13874 7.643031 27.06242 4.000858 6.70184 27.14878 5.25287 5.956046 27.15 6.772402 5.347269 27.10841 8.498452 4.394582 26.96461 12.38353 4.171028 43.65637 13.57197 4.640907 43.65637 11.22163 5.167341 43.65637 9.111866 5.758638 43.65637 7.277998 6.423099 43.65637 5.755343 7.164692 43.65637 4.560778 7.98105 43.65637 3.684234 9.104497 26.73603 16.13874 9.628368 26.55668 13.79634 10.1139 26.35817 11.82422 10.55666 26.14972 10.1909 10.95223 25.94056 8.86489 11.29617 25.73994 7.814694 11.58405 25.55709 7.008832 12.01275 25.25392 5.918414 12.76373 24.6259 4.278257 13.40811 23.97027 3.106869 22.51835 38.14608 3.106869 21.23093 38.97346 5.299096 20.08679 39.70875 8.213284 19.0898 40.34948 11.86882 18.21474 40.91184 16.13874 12.51669 24.84849 4.000858 11.7716 25.42998 5.25287 11.14486 25.83422 6.772402 10.61024 26.12836 8.498452 9.731043 26.52245 12.38353 18.56723 40.68532 13.57197 18.96251 40.43128 11.22163 19.40538 40.14667 9.111866 19.90281 39.82699 7.277998 20.46179 39.46776 5.755343 21.08566 39.06682 4.560778 21.77242 38.62546 3.684234 4.809886 17.65637 0.483129 5.010848 18.40637 0.483129 5.559886 18.95541 0.483129 6.309886 19.15637 0.483129 7.059886 18.95541 0.483129 7.608924 18.40637 0.483129 7.809886 17.65637 0.483129 7.608924 16.90637 0.483129 7.059886 16.35734 0.483129 6.309886 16.15637 0.483129 5.559886 16.35734 0.483129 5.010848 16.90637 0.483129 4.809886 17.65637 18.76247 5.010848 16.90637 18.76247 5.559886 16.35734 18.76247 6.309886 16.15637 18.76247 7.059886 16.35734 18.76247 7.608924 16.90637 18.76247 7.809886 17.65637 18.76247 7.608924 18.40637 18.76247 7.059886 18.95541 18.76247 6.309886 19.15637 18.76247 5.559886 18.95541 18.76247 5.010848 18.40637 18.76247 -2.977202 19.65637 0.483129 -1.975092 22.30494 0.483129 -0.236826 24.54046 0.483129 2.083144 26.16429 0.483129 4.778679 27.03216 0.483129 7.610269 27.06695 0.483129 10.32631 26.26557 0.483129 12.68548 24.69923 0.483129 14.47815 22.5071 0.483129 15.54503 19.88395 0.483129 15.79133 17.06288 0.483129 15.19516 14.29454 0.483129 13.8095 11.82492 0.483129 11.75746 9.873449 0.483129 9.221381 8.61352 0.483129 6.426602 8.157093 0.483129 3.621453 8.544715 0.483129 1.055184 9.74195 0.483129 -1.044182 11.64242 0.483129 -2.490106 14.07725 0.483129 -3.154113 16.8301 0.483129 -2.977202 19.65637 18.76247 -1.975092 22.30494 18.76247 -0.236826 24.54046 18.76247 2.083144 26.16429 18.76247 4.778679 27.03216 18.76247 7.610269 27.06695 18.76247 10.32631 26.26557 18.76247 12.68548 24.69923 18.76247 14.47815 22.5071 18.76247 15.54503 19.88395 18.76247 15.79133 17.06288 18.76247 15.19516 14.29454 18.76247 13.8095 11.82492 18.76247 11.75746 9.873449 18.76247 9.221381 8.61352 18.76247 6.426602 8.157093 18.76247 3.621453 8.544715 18.76247 1.055184 9.74195 18.76247 -1.044182 11.64242 18.76247 -2.490106 14.07725 18.76247 -3.154113 16.8301 18.76247</float_array>
          <technique_common>
            <accessor source="#edf_impeler-mesh-positions-array" count="1213" stride="3">
              <param name="X" type="float"/>
              <param name="Y" type="float"/>
              <param name="Z" type="float"/>
            </accessor>
          </technique_common>
        </source>
        <source id="edf_impeler-mesh-normals">
          <float_array id="edf_impeler-mesh-normals-array" count="5145">-0.8660222 -0.5000056 0 -0.866025 -0.5000007 0 -1 -2.98556e-6 0 -1 2.99538e-6 0 -0.8660273 0.4999969 0 -0.8660244 0.5000019 0 -0.5000021 0.8660243 0 -0.4999976 0.8660268 0 -2.30792e-6 1 0 2.30792e-6 1 0 0.4999981 0.8660266 0 0.5000017 0.8660246 0 0.8660249 0.5000008 0 0.8660266 0.4999979 0 1 1.63027e-6 0 1 -1.62045e-6 0 0.8660245 -0.5000017 0 0.8660228 -0.5000046 0 0.500003 -0.8660238 0 0.4999995 -0.8660258 0 2.28828e-6 -1 0 -2.2981e-6 -1 0 -0.499999 -0.866026 0 -0.5000033 -0.8660236 0 -0.8660287 0.4999943 0 -0.8660227 0.500005 0 -1 -6.16774e-6 0 -1 6.16774e-6 0 -0.8660197 -0.50001 0 -0.8660265 -0.499998 0 -0.4999951 -0.8660283 0 -0.500007 -0.8660214 0 6.15793e-6 -1 0 -6.15793e-6 -1 0 0.5000053 -0.8660225 0 0.4999959 -0.8660278 0 0.8660261 -0.4999989 0 0.8660206 -0.5000084 0 1 6.16774e-6 0 1 -6.16774e-6 0 0.8660227 0.500005 0 0.8660287 0.4999943 0 0.4999945 0.8660287 0 0.5000052 0.8660224 0 -6.14809e-6 1 0 6.14809e-6 1 0 -0.5000052 0.8660224 0 -0.4999945 0.8660287 0 0 0 1 -2.13943e-5 0 1 1.56617e-5 0 1 8.4771e-7 0 1 -1.35634e-5 0 1 -9.78855e-7 0 1 2.13943e-5 0 1 0 0 -1 -3.17891e-7 0 -1 -6.11784e-7 0 -1 2.44349e-7 0 1 4.81504e-7 0 1 7.93778e-7 0 1 -9.61433e-7 0 1 -7.91178e-7 0 1 -9.77262e-7 0 1 8.71576e-7 0 1 -7.87317e-7 0 1 1.23713e-7 0 1 7.93345e-7 0 1 -9.65378e-7 0 1 -7.87316e-7 0 1 5.81049e-7 0 1 7.89456e-7 0 1 1.9548e-6 0 1 9.94354e-5 4.22075e-5 1 0.4914881 0.09186047 0.8660261 8.87662e-5 4.96581e-6 1 0.4914875 -0.09186929 0.8660255 8.46684e-5 -4.80786e-5 1 0.4251356 -0.2632431 0.8660041 7.28071e-5 -6.53639e-5 1 0.3013233 -0.3990024 0.8660262 4.6812e-5 -8.89897e-5 1 0.1368206 -0.4809112 0.866028 1.60374e-5 -1.03518e-4 1 -0.04612839 -0.4978604 0.8660297 -2.53618e-5 -1.03489e-4 1 -0.2228751 -0.4475772 0.8660262 -5.54323e-5 -8.68887e-5 1 -0.3694946 -0.3368538 0.8660273 -5.1856e-5 -3.33041e-5 1 -0.4662738 -0.1806253 0.8660043 -4.64767e-5 -3.27155e-5 1 -0.4999992 2.46568e-6 0.866026 -9.54419e-5 3.17805e-5 1 -0.4662675 0.1806389 0.8660048 -7.99298e-5 6.57663e-5 1 -0.3694917 0.3368508 0.8660297 -2.34395e-5 5.13196e-5 1 -0.2228637 0.4475836 0.8660259 -3.40492e-5 9.64701e-5 1 -0.04612159 0.4978576 0.8660315 4.96395e-6 1.04219e-4 1 0.1368374 0.4809201 0.8660205 3.84338e-5 9.3922e-5 1 0.3013176 0.3990105 0.8660245 5.27576e-5 8.52793e-5 1 0.4251337 0.2632432 0.8660048 0.9238888 -0.3826615 -4.26546e-6 0.8512504 -0.1591365 0.5000484 1 2.12637e-5 1.95545e-5 0.8512441 0.1591107 0.5000675 0.9238841 0.3826724 9.31322e-6 0.736296 0.4558838 0.5000382 0.707107 0.7071066 -9.48086e-6 0.5218899 0.6910831 0.5000352 0.3826917 0.9238762 1.65068e-5 0.2369901 0.8329478 0.5000337 -1.2786e-5 1 1.14962e-5 -0.0799117 0.8623191 0.50002 -0.3826822 0.9238801 3.53083e-5 -0.3860192 0.7752245 0.5000162 -0.7071146 0.707099 5.90533e-5 -0.6399895 0.5834431 0.5000076 -0.9238804 0.3826816 4.81829e-5 -0.8075448 0.3128097 0.5000217 -1 4.7388e-6 7.07954e-5 -0.8660237 4.34453e-6 0.5000032 -0.8075557 -0.312837 0.499987 0.7362879 -0.4559003 0.5000351 0.7071147 -0.7070989 -6.9458e-6 0.5218655 -0.6910989 0.5000388 0.3827062 -0.9238702 -1.30832e-5 0.2369594 -0.8329616 0.5000253 2.03205e-5 -1 0 -0.0799399 -0.8623054 0.5000392 -0.3826614 -0.9238886 2.63751e-5 -0.3860315 -0.7752211 0.500012 -0.7070896 -0.7071241 1.87978e-5 -0.6400147 -0.5833994 0.5000265 -0.9238771 -0.3826895 3.80278e-5 0.9238868 0.3826659 5.63976e-5 1 -1.56162e-5 -4.67002e-5 0.9238743 -0.3826963 4.28558e-5 0.7071133 -0.7071004 4.16115e-5 0.3826482 -0.9238942 1.15652e-5 1.11587e-6 -1 4.448e-5 -0.3826739 -0.9238834 -1.84774e-6 -0.7071283 -0.7070853 4.29154e-5 -0.9238852 -0.3826699 4.44353e-5 -1 1.11981e-5 -3.30061e-5 -0.9238724 0.3827008 4.59552e-5 -0.7071173 0.7070963 3.04505e-5 -0.3826607 0.9238891 -3.55952e-6 -1.25582e-6 1 3.43621e-5 0.3826801 0.923881 -1.1133e-5 0.707113 0.7071006 6.01251e-6 0.8309124 0.243961 -0.5000677 0.8660077 3.06601e-6 -0.5000308 0.8309046 -0.2440065 -0.5000585 0.5000081 -7.27573e-6 -0.8660208 0.479741 -0.1408272 -0.8660348 4.67449e-5 1.63503e-5 -1 2.54214e-5 -3.54871e-5 -1 0.7285395 0.468151 -0.5000647 0.5670745 0.6544792 -0.5000836 0.3597419 0.7877371 -0.5000562 0.1232798 0.8571588 -0.5000808 0.07115489 0.4949502 -0.866003 -0.07113546 0.4949157 -0.8660243 4.76502e-5 5.39571e-5 -1 -4.09e-5 4.4927e-5 -1 -0.2077403 0.454841 -0.8660045 -0.3274471 0.377901 -0.8660078 -0.3597484 0.7877329 -0.5000581 -0.5670946 0.6544703 -0.5000725 -0.1232241 0.8571655 -0.5000833 -0.7285119 0.4682072 -0.5000524 -0.8309105 0.2440016 -0.5000512 -0.8660216 8.7166e-6 -0.5000067 -0.8309225 -0.243961 -0.5000508 -0.479695 -0.1409355 -0.8660427 -0.4206974 -0.2703192 -0.8659915 -1.93864e-5 -3.93391e-5 -1 -4.71771e-5 -4.92334e-5 -1 -0.3274716 -0.3778904 -0.8660032 -4.30197e-5 -7.16001e-5 -1 -0.2077202 -0.4548188 -0.866021 -0.07113635 -0.4949288 -0.8660168 -0.3597522 -0.787736 -0.5000506 -0.1232348 -0.8571825 -0.5000517 -0.7285342 -0.4681593 -0.5000649 -0.5670731 -0.65448 -0.5000842 0.1232284 -0.8571798 -0.5000576 0.3597572 -0.7877297 -0.5000568 0.5671013 -0.6544683 -0.5000675 0.327459 -0.3779125 -0.8659982 0.420661 -0.2702996 -0.8660154 3.97265e-5 -5.47469e-5 -1 0.7285144 -0.4682047 -0.5000513 3.0037e-5 -7.31945e-5 -1 0.2077393 -0.4548516 -0.8659991 0.07112532 -0.4949433 -0.8660095 -4.39957e-6 -4.08888e-5 -1 -4.07398e-5 -1.59331e-5 -1 -0.4999791 5.76256e-6 -0.8660376 -0.4797219 0.1407945 -0.8660508 -6.58035e-5 5.42477e-5 -1 -0.4207071 0.2703294 -0.8659836 -3.07411e-5 6.87093e-5 -1 1.42977e-5 4.8995e-5 -1 0.2077217 0.4548352 -0.8660119 0.32742 0.3779152 -0.8660117 4.77731e-5 4.87044e-5 -1 0.420693 0.2703216 -0.8659929 2.45571e-5 4.24534e-5 -1 0.4797124 0.1408585 -0.8660457 8.86509e-7 0 -1 -8.8351e-7 0 -1 5.29941e-7 0 -1 3.60255e-7 0 -1 7.25285e-7 0 -1 -1.76255e-6 0 -1 -1.41318e-6 0 -1 -1.75958e-6 0 -1 2.88888e-6 0 -1 -8.86507e-7 0 -1 -7.23557e-7 0 -1 1.78056e-6 0 -1 4.78327e-5 2.40505e-5 -1 0.4944028 0.07452511 -0.8660323 4.58956e-5 8.53837e-6 -1 0.4944012 -0.07451385 -0.8660342 5.27501e-5 -7.78958e-6 -1 0.4504803 -0.2169391 -0.8660284 6.53267e-5 -2.93851e-5 -1 0.3665162 -0.3400703 -0.8660359 5.61774e-5 -4.95166e-5 -1 0.2499951 -0.4329966 -0.866035 2.84016e-5 -5.9098e-5 -1 0.111261 -0.4874487 -0.8660339 1.44765e-5 -6.935e-5 -1 -0.03736311 -0.4985866 -0.8660343 -1.1621e-5 -7.02739e-5 -1 -0.1826573 -0.4654257 -0.8660343 -3.3915e-5 -6.49095e-5 -1 -0.3117317 -0.3909119 -0.8660319 -6.16759e-5 -3.30806e-5 -1 -0.4131077 -0.2816541 -0.866033 -8.80659e-5 -3.92795e-5 -1 -0.4777704 -0.147381 -0.8660337 -7.82907e-5 -1.81422e-5 -1 -0.4999905 -5.24474e-6 -0.866031 -8.28207e-5 1.48566e-6 -1 -0.4777753 0.1473709 -0.8660327 -8.80957e-5 2.00644e-5 -1 -0.4131138 0.2816523 -0.8660307 -4.77433e-5 4.38094e-5 -1 -0.311735 0.3909136 -0.86603 -4.62979e-5 5.36442e-5 -1 -0.1826676 0.4654191 -0.8660356 -2.67774e-5 6.32107e-5 -1 -0.03737533 0.4985924 -0.8660305 -9.38773e-7 6.76811e-5 -1 0.1112529 0.4874587 -0.8660294 2.55331e-5 6.54161e-5 -1 0.2499862 0.4329962 -0.8660377 4.42117e-5 6.24061e-5 -1 0.3665193 0.3400722 -0.8660337 6.30319e-5 4.86821e-5 -1 0.4504784 0.2169317 -0.8660311 0.9594866 -0.2817545 -3.80874e-5 0.8563713 -0.1290785 -0.499967 1 -5.27129e-7 -2.36929e-5 0.8563652 0.129081 -0.4999768 0.9595007 0.2817063 -2.56896e-5 0.7802612 0.3757708 -0.4999887 0.8412621 0.5406277 -1.63168e-5 0.6348478 0.5890501 -0.4999883 0.6548689 0.7557426 -1.81347e-5 0.4330202 0.7500166 -0.4999685 0.4154152 0.909632 -5.32567e-5 0.1927123 0.844328 -0.4999725 0.1423145 0.9898216 -1.76132e-5 -0.06472778 0.8636 -0.5000056 -0.1423049 0.9898229 -2.82675e-5 -0.3163819 0.8061712 -0.4999904 -0.4154123 0.9096332 -2.32905e-5 -0.5399523 0.6770895 -0.5000014 -0.6548535 0.755756 -2.16216e-5 -0.7155362 0.4878637 -0.4999969 -0.8412597 0.5406312 -4.46141e-5 -0.8275554 0.2552952 -0.4999763 -0.9594992 0.2817113 -5.27054e-5 -0.8660405 3.05491e-6 -0.4999738 -1 -1.48159e-5 -1.88351e-5 -0.959495 -0.2817256 -2.35289e-5 -0.8275514 -0.2552683 -0.4999968 -0.8412594 -0.5406318 -6.06626e-5 -0.7155483 -0.487849 -0.499994 -0.6548704 -0.7557412 -2.33054e-5 -0.5399596 -0.6770995 -0.49998 -0.4154281 -0.9096261 -2.77311e-5 -0.3164002 -0.8061686 -0.4999831 -0.1423392 -0.989818 -1.16974e-5 -0.06470078 -0.8636211 -0.4999724 0.1422777 -0.9898268 -3.24398e-5 0.1927193 -0.8443302 -0.4999658 0.4153967 -0.9096404 -1.09822e-5 0.4330271 -0.7500087 -0.4999746 0.6548615 -0.755749 -5.07086e-5 0.6348415 -0.5890491 -0.4999975 0.8412333 -0.5406724 -4.31985e-5 0.7802626 -0.3757631 -0.4999925 1 3.14585e-6 0 0.9594941 -0.2817289 0 0.8412549 -0.5406387 0 0.6548631 -0.7557475 0 0.4154179 -0.9096308 0 0.1423187 -0.9898209 0 -0.1423113 -0.989822 0 -0.4154119 -0.9096334 0 -0.654857 -0.7557528 0 -0.8412514 -0.5406442 0 -0.959493 -0.2817326 0 -1 3.11949e-6 0 -0.9594931 0.2817325 0 -0.841255 0.5406386 0 0.9594922 0.2817353 0 0.8412515 0.5406441 0 0.6548576 0.7557525 0 0.4154108 0.9096341 0 0.14231 0.9898222 0 -0.1423172 0.9898211 0 -0.4154175 0.909631 0 -0.6548634 0.7557473 0 0.790156 0.2319898 -0.5673046 0.7954816 0.2131354 -0.5672587 0.8235366 1.43569e-7 -0.5672631 0.8235309 0 -0.5672715 0.795482 -0.2131311 -0.5672597 0.7131956 0.4117638 -0.5672765 0.6927915 0.4452273 -0.5672854 0.5823509 0.5823044 -0.5672646 0.5392917 0.6223918 -0.5672681 0.4117952 0.7131789 -0.5672747 0.3421078 0.7490937 -0.5672927 0.2131779 0.7954607 -0.567272 0.1171939 0.8151307 -0.5672987 5.03939e-6 0.8235504 -0.5672432 -0.1171941 0.8151305 -0.5672988 -0.2131475 0.7954796 -0.5672568 -0.3420953 0.7490993 -0.5672928 -0.4117701 0.7132025 -0.5672634 -0.5392752 0.6223681 -0.5673097 -0.5823256 0.5823423 -0.5672516 -0.6927913 0.4452275 -0.5672854 -0.7132131 0.411796 -0.5672312 -0.7901554 0.2319914 -0.5673047 -0.7954854 0.2131551 -0.5672459 -0.8235365 -4.27855e-7 -0.5672633 -0.8235413 -8.32137e-6 -0.5672565 -0.7954944 -0.2131344 -0.567241 -0.7901562 -0.2319896 -0.5673043 -0.7131989 -0.4117695 -0.5672684 -0.6927911 -0.445228 -0.5672854 -0.5823247 -0.5823462 -0.5672487 -0.5392745 -0.6223683 -0.5673101 -0.4117867 -0.7132074 -0.567245 -0.3420932 -0.7490999 -0.5672932 -0.2131286 -0.7954793 -0.5672644 -0.1171933 -0.815131 -0.5672983 2.49827e-5 -0.8235383 -0.5672609 0.1171939 -0.8151308 -0.5672984 0.21314 -0.795477 -0.5672636 0.3421087 -0.749093 -0.5672931 0.4117677 -0.7131881 -0.567283 0.5392925 -0.6223906 -0.5672686 0.5823615 -0.5822932 -0.5672653 0.6927915 -0.445227 -0.5672855 0.7131928 -0.4117646 -0.5672796 0.7901551 -0.231992 -0.5673047 0.9473433 0.1196666 -0.2970198 0.9473382 -0.1196851 -0.2970285 0.8878121 -0.3514997 -0.2970483 0.7725051 -0.5612424 -0.2970571 0.60866 -0.7357394 -0.2970196 0.4065697 -0.863992 -0.2970169 0.1789206 -0.9379444 -0.2970655 -0.05995762 -0.9529777 -0.2970501 -0.2950648 -0.9081249 -0.2970622 -0.5116739 -0.8062046 -0.2970252 -0.6960855 -0.6536328 -0.2970342 -0.836759 -0.4599929 -0.2970538 -0.9248745 -0.2374317 -0.2970413 -0.9548657 0 -0.297038 -0.9248744 0.2374287 -0.2970439 -1 2.09454e-6 -5.19976e-5 -0.9659268 0.2588158 -3.01488e-5 0.8878008 0.3515299 -0.2970464 0.7725015 0.561253 -0.2970467 0.6086547 0.7357412 -0.297026 0.4065613 0.8639914 -0.2970301 0.1789143 0.9379589 -0.2970235 -0.05996388 0.9529731 -0.2970633 -0.2950633 0.9081291 -0.2970511 -0.511669 0.8062091 -0.2970215 -0.6960849 0.6536276 -0.2970469 -0.8367585 0.4600033 -0.2970391 0.9659273 -0.2588137 -3.19481e-5 1 2.33501e-5 -4.65214e-5 0.9659226 0.2588311 -2.79546e-5 0.8660327 0.4999877 -3.66569e-5 0.7071182 0.7070955 -3.20673e-5 0.5000274 0.8660097 -1.84774e-6 0.2588061 0.9659294 -2.5779e-5 2.06772e-5 1 -2.14726e-5 -0.2587893 0.9659339 -5.26309e-5 -0.5000007 0.866025 -2.19494e-5 -0.7071111 0.7071024 -2.83569e-5 -0.8660196 0.5000101 -5.39273e-5 0.8660232 -0.500004 -2.59578e-5 0.7071164 -0.7070972 -2.21133e-5 0.5000255 -0.8660107 -6.25551e-5 0.2588555 -0.9659161 -2.70307e-5 4.43738e-5 -1 -4.1008e-5 -0.2588072 -0.965929 -5.22137e-5 -0.5000157 -0.8660164 -1.01328e-5 -0.707103 -0.7071106 -1.94758e-5 -0.8660257 -0.4999996 -4.17083e-5 -0.9659253 -0.2588209 -2.33278e-5 0.9659244 0.2588248 6.09529e-5 0.894144 0.2395908 0.3782895 1 -3.90958e-6 2.51457e-5 0.9256823 -4.96126e-6 0.378302 0.9659286 -0.2588093 1.89021e-5 0.8941446 -0.2395809 0.3782941 0.8660259 -0.4999993 6.66007e-5 0.8016741 -0.4628428 0.3782793 0.7071167 -0.7070969 2.65017e-5 0.6545579 -0.6545615 0.3782899 0.499997 -0.8660272 6.44252e-5 0.4628413 -0.8016746 0.3782802 0.2588302 -0.9659229 1.53631e-5 0.2395896 -0.8941467 0.3782837 1.36875e-5 -1 6.55279e-5 -3.07415e-6 -0.9256898 0.3782835 -0.2588198 -0.9659256 6.71446e-5 -0.2395912 -0.8941456 0.3782855 -0.4999873 -0.8660329 6.44922e-5 -0.4628492 -0.8016691 0.3782821 -0.7071111 -0.7071025 1.50725e-5 -0.6545672 -0.6545528 0.3782888 -0.8660276 -0.4999962 6.66305e-5 -0.8016742 -0.4628424 0.3782796 -0.9659267 -0.2588159 1.4931e-5 -0.8941508 -0.2395812 0.3782795 -1 3.59782e-6 6.72191e-5 -0.925688 3.32324e-6 0.3782882 -0.9659255 0.2588205 5.80922e-5 -0.8941482 0.2395836 0.3782842 -0.8660232 0.5000039 6.24061e-5 -0.8016746 0.4628393 0.3782824 -0.7071085 0.7071051 5.87404e-5 -0.654563 0.65457 0.3782665 -0.4999958 0.8660278 1.65999e-5 -0.4628409 0.801673 0.3782839 -0.2588149 0.965927 5.75483e-5 -0.2395943 0.8941457 0.3782831 -1.41429e-5 1 2.77758e-5 -6.90331e-6 0.925701 0.378256 0.2588055 0.9659295 5.77643e-5 0.2395865 0.8941474 0.3782839 0.5000026 0.866024 2.22251e-5 0.4628428 0.8016706 0.3782868 0.7071047 0.7071089 6.07893e-5 0.6545546 0.6545506 0.3783146 0.8660277 0.499996 6.0983e-5 0.8016769 0.4628417 0.3782748 0.3823366 -0.1024513 0.918326 0.6894674 -0.1847456 0.7003598 0.3958517 1.01104e-5 0.9183145 0.713789 -5.31647e-7 0.7003609 0.3823555 0.1024459 0.9183187 0.6894644 0.184739 0.7003645 0.3427963 0.1979238 0.9183229 0.6181569 0.3568955 0.7003626 0.2798953 0.2799022 0.918321 0.5047399 0.5047265 0.700349 0.1979252 0.3428337 0.9183087 0.3568971 0.6181644 0.7003551 0.1024439 0.3823785 0.9183093 0.1847354 0.6894672 0.7003626 -5.83008e-7 0.395866 0.9183084 3.15296e-6 0.713786 0.7003639 -0.1024597 0.3823612 0.9183147 -0.1847355 0.6894649 0.700365 -0.1979253 0.3428235 0.9183124 -0.3569018 0.6181635 0.7003535 -0.2799231 0.2799035 0.9183122 -0.5047298 0.5047271 0.700356 -0.3428254 0.197925 0.9183117 -0.6181504 0.3568977 0.7003671 -0.3823419 0.1024423 0.9183248 -0.6894702 0.1847387 0.7003588 -0.3958426 8.63429e-6 0.9183184 -0.7137871 -2.89207e-7 0.7003627 -0.3823509 -0.1024463 0.9183205 -0.6894747 -0.1847411 0.7003539 -0.342795 -0.1979238 0.9183233 -0.6181572 -0.3568962 0.7003619 -0.2798925 -0.2799119 0.9183189 -0.504724 -0.5047271 0.7003601 -0.1979321 -0.3428343 0.918307 -0.3569048 -0.6181579 0.7003569 -0.1024616 -0.382367 0.9183121 -0.1847373 -0.6894689 0.7003605 0 -0.3958642 0.9183092 -3.64401e-6 -0.7137913 0.7003585 0.1024602 -0.3823585 0.9183158 0.1847376 -0.6894699 0.7003594 0.1979263 -0.342816 0.918315 0.3568992 -0.6181603 0.7003577 0.2799129 -0.2799091 0.9183136 0.5047221 -0.5047274 0.7003613 0.3428302 -0.1979278 0.9183093 0.6181619 -0.3568978 0.700357 0.3957575 0 0.9183552 0.3797796 0.1115215 0.9183302 0.3329567 0.2139682 0.918345 0.25919 0.2991193 0.9183399 0.1644141 0.3600204 0.9183427 0.05632585 0.3917625 0.9183407 -0.05632609 0.3917621 0.9183408 -0.1644415 0.3600565 0.9183238 -0.2591905 0.2991189 0.9183399 -0.3329946 0.2139964 0.9183247 -0.3797362 0.1115085 0.9183498 -0.3957565 0 0.9183556 -0.3797806 -0.1115221 0.9183298 -0.3329507 -0.2139827 0.9183438 -0.2591893 -0.2991185 0.9183403 -0.1644148 -0.3600196 0.9183429 -0.0563265 -0.3917621 0.9183408 0.05632638 -0.3917621 0.9183409 0.1644152 -0.3600195 0.9183429 0.2591897 -0.2991185 0.9183403 0.3330004 -0.2139818 0.918326 0.379738 -0.1115089 0.918349 0.7371465 -0.2163823 0.6401513 0.7682214 -1.82381e-7 0.6401844 0.7681851 1.05463e-5 0.6402279 0.7371172 0.2164136 0.6401746 0.7306043 0.2373722 0.6402123 0.6462709 0.4153227 0.6401883 0.621466 0.4515309 0.6402343 0.5031066 0.5805863 0.6401589 0.451526 0.621465 0.6402387 0.3191382 0.6988266 0.6401501 0.2373976 0.7305994 0.6402085 0.1093441 0.760422 0.6401579 6.03404e-6 0.7681831 0.6402304 -0.1093292 0.760392 0.6401963 -0.2373732 0.7306081 0.6402077 -0.3191378 0.6988268 0.6401503 -0.4515361 0.6214559 0.6402405 -0.5031071 0.5805859 0.6401589 -0.6214818 0.4515466 0.640208 -0.6463065 0.4153225 0.6401525 -0.7305905 0.2373852 0.6402232 -0.7370874 0.2164458 0.640198 -0.7681823 6.41216e-6 0.6402312 -0.7682216 -1.62116e-7 0.6401842 -0.7371166 -0.216414 0.6401751 -0.7306022 -0.2373715 0.640215 -0.6463063 -0.4153227 0.6401525 -0.6214627 -0.4515276 0.6402399 -0.5030781 -0.5805706 0.6401956 -0.4515315 -0.6214722 0.6402278 -0.3191378 -0.6988268 0.6401501 -0.2373816 -0.7306069 0.640206 -0.1093376 -0.7603908 0.6401963 -5.54137e-6 -0.7682135 0.6401938 0.1093358 -0.7604236 0.6401575 0.2373791 -0.7306085 0.640205 0.3191192 -0.6988007 0.640188 0.4515253 -0.6214752 0.6402293 0.5031077 -0.5805861 0.6401583 0.6214846 -0.4515489 0.6402035 0.6462708 -0.4153229 0.6401883 0.7305921 -0.2373862 0.6402211 0.4033952 0.1310707 0.9055898 0.424191 -1.74974e-6 0.9055728 0.4033928 -0.131061 0.9055923 0.3431808 -0.2493143 0.9055768 0.2493224 -0.3431509 0.9055859 0.1310741 -0.4034062 0.9055843 2.10386e-6 -0.4241675 0.9055838 -0.1310898 -0.4034034 0.9055833 -0.2492687 -0.3431389 0.9056052 -0.3431787 -0.2493218 0.9055756 -0.4034119 -0.1310802 0.9055809 -0.4241623 -2.00818e-7 0.9055863 -0.403405 0.1310679 0.9055858 -0.3431717 0.2493242 0.9055776 -0.249265 0.3431376 0.9056067 -0.131034 0.4033924 0.9055963 5.63026e-5 0.4241685 0.9055833 0.1310769 0.4033983 0.9055874 0.2493277 0.3431475 0.9055858 0.3431494 0.2493057 0.9055911 8.93474e-5 -3.08678e-5 1 6.28084e-5 1.3832e-5 1 5.8502e-5 -4.13805e-5 1 6.63772e-5 -7.72029e-5 1 1.50613e-5 -7.99894e-5 1 -7.32392e-6 -7.1317e-5 1 -3.47495e-5 -1.03802e-4 1 -4.69089e-5 -4.84735e-5 1 -5.30779e-5 -3.61651e-5 1 -4.41372e-5 -1.55568e-5 1 -4.63724e-5 8.79168e-7 1 -6.11544e-5 2.45869e-5 1 -5.59837e-5 5.47469e-5 1 -1.54376e-5 7.52509e-5 1 -1.45752e-5 5.97834e-5 1 8.2925e-6 8.39382e-5 1 3.35723e-5 5.57154e-5 1 7.12275e-5 6.66901e-5 1 7.40588e-5 2.18898e-5 1 -9.37895e-7 0 1 1.84298e-6 0 1 -1.88485e-6 0 1 4.84857e-6 0 1 -4.88143e-6 0 1 3.73877e-6 0 1 1.25137e-6 0 1 3.73876e-6 0 1 1.86175e-6 0 1 4.60744e-7 0 1 -4.96538e-6 0 1 3.75158e-6 0 1 0.9135469 0.4067335 0 1 1.9706e-6 3.57181e-5 1 -4.31566e-6 0 0.913556 -0.4067131 2.70456e-5 0.9135436 -0.4067411 0 0.6691191 -0.7431553 3.69996e-5 0.6691283 -0.7431469 0 0.3089947 -0.9510638 3.13818e-5 0.3090105 -0.9510586 0 -0.1045458 -0.9945201 3.15756e-5 -0.1045325 -0.9945215 0 -0.5000138 -0.8660175 3.10987e-5 -0.5000022 -0.8660242 0 -0.8090297 -0.5877679 3.06666e-5 -0.8090192 -0.5877823 0 -0.9781518 -0.2078918 2.76566e-5 -0.9781486 -0.207907 0 -0.9781435 0.2079309 3.6478e-5 -0.9781467 0.2079163 0 -0.8090075 0.5877983 3.02047e-5 -0.8090144 0.5877889 0 -0.5000191 0.8660144 3.49283e-5 -0.4999958 0.8660278 0 -0.1045076 0.9945242 2.64496e-5 -0.104523 0.9945226 0 0.3090306 0.9510521 3.11583e-5 0.3090193 0.9510559 0 0.6691466 0.7431305 3.69102e-5 0.6691339 0.7431419 0 0.9135523 0.4067214 3.15905e-5 0.8471047 0.1800837 0.4999834 0.8471146 -0.1800338 0.4999848 0.7006353 -0.509038 0.4999907 0.4330281 -0.7499977 0.4999902 0.09052187 -0.8612886 0.4999877 -0.2675995 -0.8236575 0.4999787 -0.5794752 -0.6436081 0.4999772 -0.7911626 -0.3522461 0.4999847 -0.8660349 -2.65352e-5 0.4999839 -0.7911761 0.3522223 0.4999799 -0.5795045 0.6435775 0.4999825 -0.2676427 0.8236383 0.4999874 0.09049862 0.861293 0.4999842 0.4329946 0.7500188 0.4999876 0.7006184 0.509059 0.4999928 9.14335e-5 -3.12179e-5 1 0.4890859 -0.103969 0.866017 5.76675e-5 1.88872e-5 1 0.4890918 0.103964 0.8660144 9.15528e-5 3.99202e-5 1 0.4045113 0.2938874 0.8660259 5.87702e-5 7.77096e-5 1 0.2500032 0.4330325 0.8660145 1.0103e-5 6.81281e-5 1 0.05226504 0.4972559 0.8660283 -2.52982e-5 7.07507e-5 1 -0.1545231 0.4755362 0.8660185 -3.77372e-5 5.36889e-5 1 -0.3345922 0.3715837 0.8660103 -7.83801e-5 4.95613e-5 1 -0.4567642 0.2033618 0.8660315 -5.87404e-5 -1.36048e-5 1 -0.5000055 -1.60638e-6 0.8660222 -0.4567791 -0.203364 0.8660231 0.4045087 -0.2938917 0.8660256 6.90818e-5 -7.70688e-5 1 0.2499978 -0.4329974 0.8660338 1.14441e-5 -7.17342e-5 1 0.05225247 -0.4972683 0.866022 -2.43559e-5 -1.10865e-4 1 -0.1545143 -0.4755234 0.8660271 -4.43757e-5 -5.7593e-5 1 -0.3345856 -0.3715794 0.8660145 -9.84222e-5 -1.62423e-5 1 3.88996e-6 0 1 4.81979e-6 0 1 -4.81979e-6 0 1 -3.88996e-6 0 1 -3.89e-6 0 1 -4.81979e-6 0 1 4.81979e-6 0 1 3.89e-6 0 1 -3.41299e-7 0 -1 -3.39682e-7 0 -1 3.41118e-7 0 -1 2.44292e-6 0 -1 -3.41118e-7 0 -1 3.39682e-7 0 -1 3.40577e-7 0 -1 -1.02173e-6 0 -1 4.91823e-6 0 -1 -1.10396e-6 0 -1 5.54317e-7 0 -1 -6.82599e-7 0 -1 1.22957e-6 0 -1 3.05362e-7 0 -1 -9.16089e-7 0 -1 -1.53695e-6 0 -1 4.22662e-6 0 -1 -1.35873e-6 0 -1 6.87064e-7 0 -1 -6.81153e-7 0 -1 -9.16087e-7 0 -1 7.3731e-5 3.28869e-5 -1 0.4944038 0.07452535 -0.8660317 3.23355e-5 8.48994e-6 -1 0.4944487 -0.0745176 -0.8660068 4.60148e-5 -2.68221e-6 -1 0.4505038 -0.2169433 -0.8660151 3.35872e-5 -1.00285e-5 -1 0.3665095 -0.3400719 -0.8660381 5.45979e-5 -5.14239e-5 -1 0.2500148 -0.4330313 -0.8660118 2.6226e-6 -8.4281e-5 -1 0.1112596 -0.4874386 -0.8660398 1.3873e-5 -7.88868e-5 -1 -0.03736948 -0.4985782 -0.866039 1.38953e-6 -3.18587e-5 -1 -0.1826661 -0.4654163 -0.8660374 -3.15011e-5 -7.07209e-5 -1 -0.3117256 -0.3909012 -0.866039 -1.16974e-5 -3.12924e-5 -1 -0.4131039 -0.2816479 -0.8660367 -2.37823e-5 -1.95801e-5 -1 -0.4778061 -0.1473877 -0.8660129 -3.01898e-5 -1.29268e-5 -1 -0.4999762 -7.44057e-6 -0.8660392 -3.20077e-5 -3.70294e-6 -1 -0.4778079 0.1473803 -0.8660131 -5.89192e-5 2.44901e-5 -1 -0.4131062 0.2816478 -0.8660357 -3.34978e-5 1.69873e-5 -1 -0.3117508 0.3909334 -0.8660153 -3.09348e-5 3.6478e-5 -1 -0.1826635 0.4654061 -0.8660435 -1.62423e-5 3.15309e-5 -1 -0.03737503 0.4985772 -0.8660392 -4.99189e-6 4.69983e-5 -1 0.1112596 0.4874802 -0.8660163 7.94977e-6 4.69089e-5 -1 0.2499863 0.4329896 -0.8660409 2.83867e-5 4.57466e-5 -1 0.3665455 0.3400948 -0.8660138 2.65539e-5 2.62111e-5 -1 0.4504991 0.216952 -0.8660153 0.9594885 -0.2817482 -1.23233e-5 0.8563548 -0.1290725 -0.4999967 1 -1.23037e-5 -7.77841e-6 0.8563488 0.1290743 -0.5000066 0.9594914 0.2817382 -1.71363e-5 0.7802858 0.3757482 -0.4999676 0.8412461 0.5406523 -1.16676e-5 0.6348456 0.5890621 -0.499977 0.6548482 0.7557604 -4.74304e-5 0.4330071 0.7500215 -0.4999728 0.4153993 0.9096392 -1.04904e-5 0.1927027 0.8443064 -0.5000124 0.1422919 0.9898248 -4.86523e-5 -0.064704 0.8636007 -0.5000072 -0.1423259 0.9898198 -4.32581e-5 -0.3163979 0.8061558 -0.5000052 -0.4154422 0.9096196 -3.51816e-5 -0.5399625 0.6771019 -0.4999737 -0.6548839 0.7557296 -4.18276e-5 -0.7155338 0.4878409 -0.5000228 -0.8412547 0.540639 -5.81741e-5 -0.8275487 0.2552537 -0.5000087 -0.9594994 0.2817105 -4.34369e-5 -0.8660325 2.97617e-6 -0.4999877 -1 -1.48779e-5 -3.2708e-5 -0.9594977 -0.2817167 -6.8292e-5 -0.8275483 -0.2552704 -0.5000009 -0.8412708 -0.5406143 -3.82215e-5 -0.7155401 -0.4878702 -0.499985 -0.6548559 -0.7557538 -6.40005e-5 -0.5399587 -0.6770837 -0.5000025 -0.4154314 -0.9096245 -5.95897e-5 -0.3163934 -0.8061578 -0.500005 -0.1423343 -0.9898187 -2.38866e-5 -0.06471765 -0.863606 -0.4999964 0.1422839 -0.989826 -2.63005e-5 0.1927142 -0.8443071 -0.5000069 0.4153979 -0.9096399 -5.19901e-5 0.4330054 -0.7500089 -0.4999932 0.654862 -0.7557486 -1.88202e-5 0.6348626 -0.5890423 -0.4999788 0.8412326 -0.5406735 -4.89503e-5 0.7802792 -0.3757495 -0.4999768 1 1.74921e-6 7.77841e-6 0.9594898 -0.2817434 1.66819e-5 0.84126 -0.5406309 1.11833e-5 0.6548701 -0.7557416 5.04181e-5 0.415416 -0.9096315 1.52662e-5 0.1423069 -0.9898226 5.06118e-5 -0.1423238 -0.9898203 3.51146e-5 -0.415426 -0.9096271 5.26086e-5 -0.6548667 -0.7557445 4.81158e-5 -0.8412619 -0.5406277 5.48176e-5 -0.9594945 -0.2817277 4.80488e-5 -1 1.76375e-6 3.2872e-5 -0.9594956 0.2817236 7.04676e-5 -0.8412566 0.5406361 4.37796e-5 0.9594904 0.2817417 1.2815e-5 0.8412421 0.5406585 5.27501e-5 0.6548442 0.7557638 1.61231e-5 0.4153918 0.9096426 4.79519e-5 0.1422896 0.9898251 2.63453e-5 -0.1423286 0.9898195 3.31551e-5 -0.4154465 0.9096177 4.19766e-5 -0.6548619 0.7557486 5.96493e-5 0.8563621 0.1290735 0.4999842 0.8563535 -0.1290757 0.4999983 0.7802538 -0.3757689 0.5000018 0.6348292 -0.5890539 0.5000075 0.4329882 -0.7500094 0.5000073 0.1927028 -0.8443123 0.5000025 -0.06472599 -0.8636128 0.4999837 -0.3164007 -0.8061619 0.4999938 -0.5399643 -0.6771058 0.4999665 -0.7155407 -0.4878451 0.5000088 -0.827548 -0.2552625 0.5000057 -0.866038 -2.50497e-6 0.4999783 -0.8275492 0.2552782 0.4999955 -0.7155404 0.4878767 0.4999784 -0.5399618 0.6770921 0.4999877 -0.3163949 0.8061645 0.4999932 -0.06469798 0.8636043 0.5000018 0.1927148 0.8443153 0.4999928 0.4330104 0.7500137 0.4999815 0.6348211 0.5890547 0.5000168 0.7802608 0.3757418 0.5000116 6.49392e-5 -2.23517e-7 1 0.4944033 -0.0745064 0.8660336 3.95775e-5 -8.367e-6 1 0.4944511 0.07452261 0.866005 5.84125e-5 1.67936e-5 1 0.4505015 0.2169488 0.8660148 3.57926e-5 1.18464e-5 1 0.3665144 0.3400651 0.8660387 3.18289e-5 3.47346e-5 1 0.2499939 0.4329888 0.8660392 2.13683e-5 4.00841e-5 1 0.1112551 0.4874359 0.8660418 1.18986e-5 4.48823e-5 1 -0.03736656 0.4985788 0.8660386 2.52575e-6 3.45707e-5 1 -0.1826703 0.4654521 0.8660174 -3.75211e-5 2.69711e-5 1 -0.3117502 0.3909354 0.8660147 -6.37174e-5 3.69251e-5 1 -0.4131056 0.2816513 0.8660349 -6.83665e-5 3.90858e-5 1 -0.477769 0.1473817 0.8660343 -7.27177e-5 2.00048e-5 1 -0.4999763 1.18965e-6 0.866039 -7.56979e-5 -3.53457e-6 1 -0.4778088 -0.147395 0.8660101 -3.44515e-5 -4.15742e-6 1 -0.4131059 -0.2816494 0.8660353 -5.45084e-5 -5.1707e-5 1 -0.3117247 -0.3909056 0.8660373 -5.00679e-5 -6.1661e-5 1 -0.182664 -0.4654178 0.8660371 -2.61515e-5 -7.50422e-5 1 -0.03737366 -0.4986226 0.8660131 -2.54624e-6 -7.9304e-5 1 0.1112484 -0.487443 0.8660387 1.68458e-5 -7.71582e-5 1 0.2499944 -0.4329932 0.8660369 5.82784e-5 -3.97563e-5 1 0.3665141 -0.3400651 0.8660389 6.43432e-5 -5.10216e-5 1 0.4504674 -0.2169312 0.866037 0.8660255 0.5000001 0 0.8660219 0.5000063 0 1 -3.60436e-6 0 1 3.60436e-6 0 0.866025 -0.5000007 0 0.8660287 -0.4999944 0 0.4999962 -0.8660276 0 0.5000025 -0.866024 0 -3.63382e-6 -1 0 3.63382e-6 -1 0 -0.5000025 -0.866024 0 -0.4999962 -0.8660276 0 -0.8660287 -0.4999944 0 -1 3.60436e-6 0 -1 -3.60436e-6 0 -0.8660219 0.5000063 0 -0.8660255 0.5000001 0 -0.4999982 0.8660265 0 -0.5000045 0.8660228 0 3.62401e-6 1 0 -3.62401e-6 1 0 0.5000045 0.8660228 0 0.4999982 0.8660265 0 -7.94731e-7 0 -1 -1.98679e-6 0 -1 3.17894e-6 0 -1 7.94746e-7 0 -1 -2.38419e-6 0 -1 2.38419e-6 0 -1 -4.9671e-7 0 -1 -1.98684e-6 0 -1 1.98679e-6 0 -1 -2.38421e-6 0 -1 0.7095271 0.4096349 -0.5733852 0.7860397 0.2308698 -0.5734463 0.8192782 0 -0.5733962 0.8192898 -1.46097e-7 -0.5733797 0.7862511 -0.2307091 -0.5732213 0.4096313 0.7095242 -0.5733914 0.5365967 0.6191132 -0.5733786 0.6889865 0.4432119 -0.5734638 -8.72416e-7 0.8192995 -0.5733659 0.1167162 0.8108969 -0.5734314 0.340235 0.7452665 -0.5734266 -0.1167175 0.8108978 -0.57343 -0.4096221 0.7095303 -0.5733904 -0.3402804 0.7452614 -0.5734061 -0.5364837 0.6192111 -0.5733786 -0.7095278 0.409635 -0.5733842 -0.6893181 0.4428522 -0.5733432 -0.7862513 0.2307085 -0.5732212 -0.8192782 -4.46569e-7 -0.5733963 -0.8192901 -2.01513e-7 -0.5733793 -0.7862517 -0.2307087 -0.5732206 -0.7095259 -0.409636 -0.5733859 -0.688987 -0.4432112 -0.5734638 -0.5368605 -0.618885 -0.5733779 -0.4096212 -0.7095314 -0.5733897 -0.3403711 -0.7452518 -0.5733649 -0.11659 -0.8109548 -0.5733754 -3.92785e-7 -0.8192989 -0.5733667 0.1166296 -0.8109337 -0.573397 0.409622 -0.7095306 -0.57339 0.3403713 -0.7452518 -0.5733647 0.5365971 -0.6191128 -0.5733786 0.709527 -0.4096348 -0.5733854 0.6889865 -0.443212 -0.5734638 -0.6402271 -0.7388556 0.2102423 -0.6360125 -0.7340022 0.2381786 -0.640227 -0.7388556 0.2102423 -0.6402307 -0.7388612 0.2102113 -0.6360179 -0.7339996 0.2381721 -0.6309683 -0.7281699 0.2676706 -0.6307716 -0.7280232 0.2685319 -0.6243169 -0.7205135 0.3018091 -0.6111807 -0.7053361 0.3591089 -0.6164108 -0.7113702 0.3376242 -0.607385 -0.7009555 0.3738247 -0.598115 -0.6902509 0.4072004 -0.568633 -0.6562439 0.4959844 -0.5811436 -0.6706805 0.4609339 -0.5417174 -0.6251884 0.5618558 -0.4954241 -0.5717447 0.6539595 -0.4954464 -0.5717631 0.6539265 0.2782865 0.3211703 -0.9052107 0.2782838 0.3211724 -0.9052108 0.4240395 0.4893596 -0.7620484 0.4692392 0.541534 -0.6975353 0.5225603 0.6030788 -0.6026831 0.5625948 0.6492751 -0.5117901 0.5816414 0.6712428 -0.4594849 0.6059329 0.6992806 -0.3792785 0.6137096 0.7082554 -0.3489053 0.626158 0.7226324 -0.2927944 0.6303169 0.7274289 -0.271197 0.6392351 0.7377353 -0.2170835 0.6421843 0.7411766 -0.1955933 0.644474 0.7437416 -0.1774871 0.647827 0.7476385 -0.14614 0.6478265 0.7476391 -0.1461392 0.7557404 -0.6548715 1.29299e-5 0.7557471 -0.6548637 6.48136e-6 0.7557433 -0.6548681 5.53491e-6 0.7557487 -0.6548619 9.62371e-7 0.7557405 -0.6548712 4.99578e-7 0.7557546 -0.6548551 2.18654e-6 0.755751 -0.6548592 -1.41464e-6 0.7557337 -0.6548792 3.25151e-6 0.7557356 -0.6548769 5.24018e-6 0.7557566 -0.6548526 -8.12048e-7 -0.1391397 0.9677079 0.2101945 -0.1382182 0.9613362 0.2381775 -0.1391393 0.9677079 0.2101944 -0.1391397 0.9677043 0.2102108 -0.1382342 0.9613352 0.2381722 -0.1371162 0.9537042 0.2676705 -0.1371356 0.9534593 0.2685317 -0.1355926 0.943678 0.3018055 -0.1328212 0.9237958 0.3591098 -0.1339592 0.9317005 0.337623 -0.1319986 0.9180943 0.3737369 -0.1299699 0.9040447 0.4071992 -0.1235815 0.8594928 0.4959838 -0.1262973 0.8784005 0.4609357 -0.1177264 0.8188416 0.5618176 -0.1076625 0.7488328 0.6539559 -0.1076616 0.7488597 0.6539252 0.06048542 -0.4206394 -0.9052094 0.06048911 -0.420638 -0.9052099 0.09216272 -0.6409657 -0.7620166 0.1019779 -0.7092561 -0.6975358 0.1135643 -0.7898616 -0.602679 0.1222677 -0.8503636 -0.5117934 0.1263944 -0.8791486 -0.4594805 0.1316781 -0.9158641 -0.3792809 0.1333675 -0.9276197 -0.3489053 0.1360824 -0.9464424 -0.2927944 0.1369795 -0.9527273 -0.2711963 0.138924 -0.9662274 -0.2170369 0.139575 -0.9707008 -0.1955989 0.1400299 -0.9741012 -0.1775348 0.1407908 -0.9791942 -0.1461395 0.1407876 -0.9791949 -0.1461375 -0.9898205 -0.1423215 -2.47355e-6 -0.989821 -0.1423187 -4.11012e-6 -0.9898205 -0.142322 -4.11167e-6 -0.9898205 -0.1423215 -3.90781e-6 -0.9898201 -0.1423242 -3.99664e-6 -0.9898198 -0.1423267 -2.74874e-6 -0.9898211 -0.1423181 1.25744e-7 -0.9898225 -0.1423082 1.62581e-6 -0.9898213 -0.1423162 1.2649e-6 -0.9898244 -0.1422944 3.24814e-6 0.8224601 0.5285613 0.210196 0.8170437 0.5250814 0.238179 0.8224611 0.5285596 0.210196 0.8224583 0.5285582 0.2102109 0.8170569 0.5250639 0.238172 0.8105567 0.5209123 0.2676724 0.8103293 0.5208246 0.2685298 0.8020983 0.5153181 0.3018041 0.7851371 0.5045785 0.3591105 0.7918575 0.508894 0.3376221 0.780276 0.5014549 0.3737813 0.7683506 0.4937829 0.4072051 0.7304823 0.469461 0.4959859 0.7465595 0.4797801 0.4609338 0.6959087 0.4472494 0.5618533 0.636435 0.4090086 0.653959 0.6364616 0.4090199 0.6539261 -0.3574756 -0.2297205 -0.9052291 -0.3574603 -0.2297372 -0.9052309 -0.5447582 -0.3501022 -0.7620152 -0.6027991 -0.387398 -0.6975358 -0.6712998 -0.4314275 -0.6026831 -0.7227273 -0.4644717 -0.5117923 -0.7471935 -0.4801832 -0.4594845 -0.7783966 -0.5002462 -0.3792788 -0.7883865 -0.5066668 -0.3489063 -0.8043833 -0.5169519 -0.2927942 -0.8097257 -0.5203814 -0.2711967 -0.8211966 -0.5277606 -0.2170367 -0.8249847 -0.5302304 -0.1955919 -0.8279045 -0.5320297 -0.1775346 -0.83222 -0.5348398 -0.1461377 -0.8322191 -0.5348407 -0.1461402 -0.5406383 0.8412552 -3.59793e-6 -0.5406388 0.8412549 0 -0.5406463 0.8412501 0 -0.5406473 0.8412494 -1.86641e-6 -0.54064 0.8412541 0 -0.5406428 0.8412524 0 -0.5406457 0.8412504 -4.02386e-6 -0.5406419 0.8412529 -5.78054e-6 -0.5406488 0.8412484 2.89117e-6 -0.540656 0.8412438 0 0.4061303 -0.8893124 0.2101945 0.403461 -0.883454 0.2381776 0.40613 -0.8893088 0.2102102 0.4034743 -0.8834484 0.2381755 0.4002562 -0.8764399 0.267672 0.4002017 -0.8762021 0.2685299 0.3959656 -0.8672516 0.3018045 0.3877071 -0.848954 0.3591106 0.3910201 -0.8562209 0.3376226 0.3853162 -0.8437324 0.373694 0.3794244 -0.8308158 0.4071637 0.360722 -0.7898607 0.4959838 0.3686528 -0.8072391 0.460934 0.3436515 -0.7524769 0.5618562 0.3142708 -0.6881641 0.6539604 0.314278 -0.6881928 0.6539267 -0.1765441 0.3865614 -0.9052087 -0.1765455 0.3865556 -0.9052107 -0.2690019 0.5890417 -0.7620157 -0.2976675 0.651796 -0.6975358 -0.3314935 0.72587 -0.6026813 -0.3568972 0.7814984 -0.5117468 -0.3689594 0.8079254 -0.4594841 -0.3843771 0.8416668 -0.3792776 -0.3893057 0.8524699 -0.3489071 -0.3972142 0.8697652 -0.2927957 -0.3998515 0.875541 -0.2711954 -0.4055125 0.8879494 -0.2170379 -0.4074386 0.8920419 -0.1955894 -0.4087883 0.8951953 -0.1775324 -0.4109587 0.8998649 -0.1461378 -0.4109556 0.8998665 -0.1461362 0.9096333 0.4154123 3.59795e-6 0.909635 0.4154086 7.58793e-6 0.9096336 0.4154117 7.59085e-6 0.909632 0.4154152 2.33304e-6 0.9096368 0.4154046 1.99833e-6 0.909636 0.4154065 1.99911e-6 0.9096388 0.4154004 3.52089e-6 0.9096449 0.4153867 5.78066e-6 0.9096367 0.415405 5.78236e-6 0.9096212 0.4154388 -6.4961e-6 0.4061306 0.889312 0.2101958 0.4034622 0.883453 0.2381789 0.4061309 0.8893119 0.2101958 0.4061287 0.8893091 0.2102115 0.4034485 0.8834606 0.2381736 0.4002503 0.8764559 0.2676283 0.4001132 0.8762422 0.2685311 0.3961223 0.8671796 0.301806 0.3877005 0.8489567 0.3591114 0.3910223 0.8562204 0.3376212 0.3853119 0.8436974 0.3737773 0.3794199 0.83082 0.4071595 0.3607186 0.7898641 0.4959807 0.3686568 0.8072365 0.4609355 0.3436326 0.752487 0.5618541 0.3142693 0.6881675 0.6539576 0.3142797 0.6881926 0.6539261 -0.1765329 -0.3865702 -0.9052069 -0.1765262 -0.3865631 -0.9052113 -0.269 -0.589042 -0.7620162 -0.297663 -0.6517962 -0.6975374 -0.3314961 -0.7258377 -0.6027189 -0.3569008 -0.7814948 -0.5117497 -0.368973 -0.8079198 -0.4594831 -0.3843803 -0.8416656 -0.3792766 -0.3893131 -0.8524667 -0.3489069 -0.397212 -0.8697676 -0.2927921 -0.3998403 -0.8755311 -0.2712438 -0.4055089 -0.8879513 -0.2170374 -0.4073851 -0.892064 -0.1955997 -0.4088164 -0.8951997 -0.1774451 -0.4109577 -0.8998653 -0.1461377 -0.4109549 -0.8998665 -0.1461389 -0.9096286 0.4154224 7.19589e-6 -0.90963 0.4154195 5.05857e-6 -0.9096318 0.4154154 2.53027e-6 -0.9096318 0.4154156 -1.86643e-6 -0.9096341 0.4154105 -2.99748e-6 -0.9096295 0.4154205 -2.99865e-6 -0.9096305 0.4154183 2.01193e-6 -0.9096277 0.4154245 4.33541e-6 -0.9096279 0.4154241 4.33673e-6 -0.9096343 0.4154101 -4.3308e-6 -0.640234 0.7388634 0.2101938 -0.6360115 0.7340035 0.2381769 -0.6402338 0.7388636 0.2101938 -0.640232 0.7388599 0.2102119 -0.6360241 0.7339936 0.2381741 -0.6309616 0.7281758 0.2676705 -0.6308449 0.7279596 0.2685322 -0.6242589 0.7205654 0.3018052 -0.6111833 0.7053325 0.3591116 -0.6164104 0.7113716 0.3376222 -0.6074053 0.7009848 0.3737369 -0.5981012 0.6902627 0.4072007 -0.5686377 0.6562428 0.4959806 -0.5811417 0.670682 0.460934 -0.5417335 0.6251755 0.5618544 -0.4954267 0.5717438 0.6539584 -0.4954451 0.5717644 0.6539263 0.2782843 -0.321177 -0.905209 0.2783002 -0.3211595 -0.9052103 0.4240351 -0.4893645 -0.7620478 0.4692417 -0.5415304 -0.6975364 0.522566 -0.6030757 -0.6026813 0.5626099 -0.6492941 -0.5117495 0.5816326 -0.6712508 -0.4594844 0.6059296 -0.6992837 -0.379278 0.6136884 -0.7082518 -0.34895 0.6261635 -0.7226276 -0.2927949 0.6303179 -0.7274279 -0.2711975 0.6392473 -0.7377242 -0.2170853 0.6422161 -0.7411474 -0.1955993 0.6444366 -0.7437632 -0.1775328 0.6478281 -0.747638 -0.1461379 0.6478303 -0.7476357 -0.1461392 -0.7557516 -0.6548585 2.58601e-6 -0.7557491 -0.6548614 2.84549e-6 -0.755753 -0.6548568 2.37214e-6 -0.7557507 -0.6548596 0 -0.755752 -0.654858 -7.4938e-7 -0.755752 -0.6548581 -1.80291e-6 -0.7557525 -0.6548573 1.2889e-6 -0.7557365 -0.6548759 -2.9354e-6 -0.7557392 -0.6548729 -4.83363e-6 -0.7557498 -0.6548604 2.03009e-6 -0.9380562 0.2754422 0.2101955 -0.9318812 0.2736212 0.2381786 -0.9380562 0.2754423 0.2101956 -0.9380533 0.2754405 0.2102107 -0.9318863 0.2736088 0.2381728 -0.9244812 0.2714528 0.2676718 -0.9242655 0.2713382 0.2685312 -0.9147528 0.2685866 0.3018087 -0.8954905 0.2629385 0.35911 -0.9031525 0.2651915 0.3376225 -0.8899318 0.2612985 0.3738242 -0.8763391 0.2573234 0.4072031 -0.8331348 0.2446644 0.49601 -0.8514877 0.250018 0.4609336 -0.7937315 0.2330458 0.5618541 -0.725884 0.213142 0.6539593 -0.7259099 0.213155 0.6539265 0.4077539 -0.1197206 -0.9052093 0.4077526 -0.119716 -0.9052105 0.6213285 -0.1824368 -0.7620157 0.6875253 -0.2018733 -0.6975358 0.7656582 -0.2248195 -0.6026806 0.8243105 -0.2420369 -0.5117914 0.8522074 -0.2502318 -0.4594853 0.8878026 -0.2606816 -0.3792781 0.8991952 -0.2640317 -0.3489059 0.9174451 -0.2693806 -0.2927947 0.9235365 -0.2711691 -0.2711969 0.9366224 -0.2750152 -0.2170373 0.9409615 -0.2762832 -0.1955993 0.9442195 -0.2773072 -0.1776236 0.9491912 -0.2787104 -0.146139 0.9491922 -0.2787072 -0.1461386 -0.2817324 -0.9594931 0 -0.2817314 -0.9594933 -1.26466e-6 -0.2817321 -0.9594931 0 -0.281732 -0.9594932 2.33303e-7 -0.281732 -0.9594932 0 -0.2817327 -0.9594929 -9.99554e-7 -0.2817336 -0.9594928 7.54474e-7 -0.2817333 -0.9594928 -7.22569e-7 -0.2817327 -0.9594929 -7.22792e-7 -0.2817323 -0.9594931 -1.08272e-6 -0.9380561 -0.275443 0.2101949 -0.9318817 -0.2736196 0.238178 -0.9380563 -0.2754427 0.2101949 -0.9380526 -0.2754422 0.2102122 -0.9318779 -0.2736359 0.2381747 -0.92449 -0.2714663 0.2676272 -0.9242381 -0.2714315 0.2685313 -0.914748 -0.2686038 0.301808 -0.8954898 -0.2629405 0.3591104 -0.9031895 -0.2651767 0.3375353 -0.889984 -0.2613087 0.3736927 -0.8763452 -0.257306 0.4072014 -0.8331568 -0.2446417 0.4959841 -0.8514884 -0.2500153 0.4609338 -0.7937241 -0.2330666 0.5618559 -0.7258833 -0.2131445 0.6539593 -0.725912 -0.2131534 0.6539247 0.407711 0.1197216 -0.9052284 0.407705 0.1197229 -0.9052309 0.6212924 0.1824271 -0.7620473 0.6875241 0.2018774 -0.6975358 0.765653 0.2248291 -0.6026836 0.8243341 0.2420469 -0.5117486 0.8522288 0.2502392 -0.4594416 0.8878031 0.2606784 -0.3792791 0.899196 0.2640262 -0.3489082 0.9174446 0.2693838 -0.2927933 0.9235222 0.2711695 -0.2712454 0.9366208 0.275022 -0.2170358 0.9409613 0.2762818 -0.1956029 0.9442642 0.2772431 -0.1774863 0.9491909 0.2787115 -0.1461389 0.9491897 0.278715 -0.14614 0.2817358 -0.959492 -8.99486e-7 0.2817295 -0.9594939 0 0.2817319 -0.9594932 1.26513e-6 0.2817331 -0.9594928 -6.9991e-7 0.2817351 -0.9594923 -9.99171e-7 0.2817327 -0.9594931 -9.99551e-7 0.2817316 -0.9594933 7.5447e-7 0.2817275 -0.9594945 1.44512e-6 0.2817264 -0.9594948 1.44556e-6 0.2817358 -0.9594921 -1.08273e-6 -0.1391391 -0.9677082 0.210193 -0.1382201 -0.9613363 0.2381761 -0.1391392 -0.9677083 0.210193 -0.1391379 -0.9677047 0.2102103 -0.1382046 -0.9613396 0.2381719 -0.1371225 -0.9537027 0.2676727 -0.1370396 -0.9534731 0.2685316 -0.1358113 -0.9436472 0.3018036 -0.1328179 -0.9237956 0.3591116 -0.1339743 -0.9317148 0.3375774 -0.1320011 -0.9180758 0.3737816 -0.1299869 -0.9040401 0.4072038 -0.1235768 -0.8594954 0.4959806 -0.1263011 -0.8784006 0.4609345 -0.1177366 -0.8188395 0.5618185 -0.1076595 -0.74883 0.6539596 -0.107663 -0.7488587 0.6539261 0.06049191 0.4206387 -0.9052093 0.06046789 0.4206389 -0.9052109 0.09215569 0.6409698 -0.762014 0.1019735 0.7092563 -0.6975364 0.1135557 0.7898607 -0.6026816 0.1222696 0.8503895 -0.5117498 0.1263947 0.8791677 -0.4594437 0.1316781 0.9158646 -0.3792795 0.1333723 0.9276192 -0.3489049 0.1360756 0.9464434 -0.2927945 0.1369785 0.9527276 -0.2711957 0.1389164 0.9662282 -0.2170377 0.1395186 0.9707106 -0.1955899 0.1400707 0.9741039 -0.1774871 0.1407893 0.9791945 -0.1461392 0.1407924 0.9791943 -0.1461375 0.989821 -0.1423183 -4.49737e-6 0.989822 -0.1423117 -5.37488e-6 0.9898218 -0.1423128 -3.79541e-6 0.9898231 -0.1423032 -1.10819e-6 0.9898231 -0.1423042 -2.4979e-6 0.9898219 -0.1423122 -3.74832e-6 0.9898224 -0.1423089 -1.32034e-6 0.989821 -0.1423184 -1.80644e-6 0.9898245 -0.1422933 -7.228e-7 0.9898195 -0.142328 -3.78947e-6 0.9776594 2.42318e-7 0.2101957 0.9712213 -9.78122e-7 0.2381787 0.9776594 -1.23548e-6 0.2101957 0.9776562 9.73698e-7 0.2102108 0.9712229 1.50347e-5 0.2381728 0.9635106 -4.15533e-6 0.2676706 0.963271 4.85682e-5 0.268531 0.9533711 -2.76851e-4 0.3018003 0.9332952 1.12434e-6 0.3591101 0.9412813 -5.74009e-6 0.3376236 0.9274997 6.00424e-6 0.373824 0.9133381 -9.28726e-6 0.407202 0.8683326 2.33203e-6 0.4959823 0.8874346 -1.25356e-6 0.4609338 0.8272355 9.34617e-6 0.5618553 0.7565297 -3.20554e-6 0.6539594 0.7565584 -8.2294e-6 0.6539263 -0.4249238 -6.61703e-6 -0.9052292 -0.4249202 -9.45106e-6 -0.9052309 -0.6475586 -6.22124e-6 -0.7620158 -0.7165499 -2.05392e-6 -0.6975359 -0.7979548 2.22618e-5 -0.6027173 -0.8591098 -2.42819e-6 -0.5117914 -0.888186 7.38143e-6 -0.4594841 -0.9252826 2.35636e-6 -0.3792787 -0.9371578 3.73519e-6 -0.3489059 -0.9561755 -2.22318e-6 -0.2927944 -0.9625239 -5.1962e-7 -0.2711971 -0.9761634 -2.627e-6 -0.2170369 -0.9806839 -6.34743e-6 -0.1955996 -0.9841311 -3.72811e-6 -0.1774434 -0.9892641 -5.56931e-7 -0.1461388 -0.9892642 -7.23635e-7 -0.1461384 0 1 -7.19586e-6 0 1 0 0.8224607 -0.5285605 0.2101959 0.8170426 -0.5250831 0.238179 0.8224602 -0.5285613 0.2101959 0.822459 -0.5285565 0.2102124 0.8170427 -0.5250868 0.2381704 0.8105533 -0.520919 0.2676696 0.8103819 -0.5207434 0.2685288 0.8018007 -0.5157855 0.3017966 0.7851377 -0.5045778 0.3591101 0.7918469 -0.5088798 0.3376686 0.7802622 -0.5014449 0.3738234 0.7683433 -0.4937987 0.4071994 0.7304892 -0.4694539 0.4959826 0.7465574 -0.4797839 0.4609335 0.6959186 -0.4472304 0.5618562 0.636432 -0.4090135 0.653959 0.6364539 -0.4090341 0.6539248 -0.3575103 0.2297502 -0.9052078 -0.3575073 0.2297441 -0.9052106 -0.5447634 0.3500959 -0.7620143 -0.6028015 0.3873947 -0.6975356 -0.6713043 0.4314227 -0.6026816 -0.7227312 0.4644669 -0.5117912 -0.7471851 0.4801958 -0.4594849 -0.7783952 0.5002489 -0.3792782 -0.7883868 0.5066669 -0.3489056 -0.8043848 0.5169504 -0.2927923 -0.8097266 0.520379 -0.2711984 -0.8211996 0.5277553 -0.2170382 -0.8249861 0.5302055 -0.1956537 -0.8279041 0.5320617 -0.1774408 -0.8322203 0.5348389 -0.1461396 -0.8322227 0.5348359 -0.1461375 0.540636 0.8412567 -7.19589e-6 0.5406459 0.8412503 -5.05863e-6 0.5406451 0.8412508 0 0.5406464 0.84125 3.73282e-6 0.5406419 0.841253 3.9967e-6 0.5406419 0.8412529 3.9982e-6 0.5406433 0.841252 0 0.540628 0.8412619 -5.78052e-6 0.5406338 0.841258 -5.78232e-6 0.5406663 0.8412373 0 0.8660247 -0.5000015 0 0.8660271 -0.499997 0 1 -2.63201e-6 0 1 2.63201e-6 0 0.8660224 0.5000053 0 0.5000033 0.8660236 0 0.4999993 0.8660258 0 2.12133e-6 1 0 -2.00348e-6 1 0 -0.4999997 0.8660258 0 -0.5000032 0.8660236 0 -0.8660226 0.500005 0 -0.8660247 0.5000013 0 -1 2.1115e-6 0 -1 -2.12132e-6 0 -0.8660269 -0.4999976 0 -0.8660248 -0.5000013 0 -0.5000018 -0.8660244 0 -0.4999982 -0.8660265 0 -1.99365e-6 -1 0 2.13114e-6 -1 0 0.4999979 -0.8660266 0 0.5000019 -0.8660243 0 0 0 -1 0 0 -1 0 0 -1 0 0 -1 0 0 -1 0 0 -1 0 0 -1 0 0 -1 0 0 -1 0 0 -1 0 0 -1 0 0 -1 0 0 -1 0 0 -1 0 0 -1 0 0 -1 0 0 -1 0 0 -1 0.6295595 -0.7769524 4.3679e-7 0.5734345 -0.8192515 1.234e-5 0.5515053 -0.8341714 -6.50249e-6 0.5296577 -0.8482116 7.21961e-6 0.469363 -0.8830053 1.04029e-6 0.7061818 -0.7080306 3.71784e-6 0.7894254 -0.6138466 2.5562e-5 0.744237 -0.6679157 2.04332e-6 0.767726 -0.6407783 9.42266e-7 0.7939185 -0.6080243 9.89996e-7 0.8216746 -0.5699571 1.99489e-6 0.849939 -0.5268812 2.8722e-6 0.8777118 -0.479189 -1.10082e-6 0.9041563 -0.4272019 3.86266e-6 0.9352922 -0.3538764 1.3914e-6 0.9149297 -0.4036133 -7.5046e-6 0.9496706 -0.3132504 2.43448e-6 0.8722211 -0.489112 -4.07547e-6 0.8182113 -0.5749177 -3.96743e-7 0.7894304 -0.6138402 -2.582e-5 0.7796369 -0.6262319 0 0.728088 -0.6854837 -8.49366e-6 0.6564066 -0.7544073 -2.08467e-5 0.5734326 -0.8192527 -1.75443e-5 0.3064736 -0.9518792 -7.89575e-6 0.3775036 -0.9260081 -1.7602e-6 0.3172677 -0.9483361 4.87082e-7 -0.9994558 0.03298568 -1.41095e-6 -0.9878941 0.1551302 1.55065e-6 -0.9915902 0.1294174 -1.36718e-5 -0.9775893 0.2105218 1.83228e-5 -0.9962112 -0.086968 1.44318e-5 -0.996209 -0.08699238 1.28811e-5 -0.9975449 -0.07003009 9.85339e-7 -0.992155 -0.125014 7.52509e-7 -0.9870235 -0.1605755 -4.18629e-7 -0.9794256 -0.2018055 1.04294e-5 -0.9688322 -0.247718 2.84426e-6 -0.9547818 -0.2973077 1.81422e-6 -0.9263185 -0.3767415 -9.08505e-6 -0.9369228 -0.3495367 1.72388e-6 -0.9149451 -0.4035784 0 -0.9408251 -0.3388929 -3.77884e-6 -0.9263186 -0.3767414 -2.87779e-6 -0.9041542 -0.4272062 -8.10623e-6 -0.8586425 -0.5125751 9.83477e-7 -0.9703004 -0.2419031 4.13135e-6 -0.9838292 -0.1791095 -7.31647e-6 -0.9948484 -0.1013744 2.05357e-6 -0.9999981 -0.001993 3.57628e-6 -0.3851299 0.9228624 3.7821e-6 -0.2692506 0.9630702 -2.03797e-6 -0.2941764 0.9557512 2.24761e-5 -0.2015306 0.9794822 -2.11038e-6 -0.1611655 0.9869275 -1.44839e-5 -0.101343 0.9948515 -3.68804e-7 -0.0372684 0.9993053 -1.25496e-5 -0.4449362 0.8955624 1.6069e-5 -0.4780898 0.8783109 -2.90386e-6 -0.5259123 0.8505389 2.18861e-7 -0.556074 0.8311329 -3.83146e-6 -0.5904248 0.8070927 1.08071e-5 -0.6277838 0.7783877 4.57652e-6 -0.689123 0.7246444 8.40798e-6 -0.6670668 0.744998 5.72763e-7 -0.7071676 0.707046 3.1339e-7 -0.7471961 0.6646036 6.81123e-6 -0.8721083 0.489313 1.1418e-6 -0.8229421 0.5681253 1.24145e-6 -0.8770433 0.4804116 -7.41333e-7 -0.764191 0.64499 4.05731e-6 -0.6990895 0.7150343 1.07847e-6 -0.689122 0.7246454 -4.11458e-6 -0.6231008 0.7821416 1.06543e-6 -0.5716194 0.820519 -1.17589e-5 -0.5055135 0.8628187 -2.06642e-5 -0.4449111 0.8955749 3.61353e-6 -0.4172166 0.9088071 -2.27802e-6 0.9682725 0.249897 -7.85105e-7 0.9721199 0.2344844 -6.23241e-6 0.9878955 0.1551212 -5.88316e-6 0.9915853 0.1294556 -4.33298e-6 0.9981901 0.06013852 1.5609e-6 0.9373984 0.3482588 5.38863e-6 0.9167398 0.3994848 1.02995e-5 0.9018026 0.4321482 1.27405e-6 0.8598244 0.51059 2.95248e-5 0.8828871 0.4695854 1.23866e-6 0.8597926 0.5106436 -7.94418e-7 0.8323408 0.5542643 1.89943e-6 0.8004823 0.5993564 -2.56114e-6 0.7641891 0.6449922 -7.90879e-6 0.8072364 0.5902284 -2.70177e-6 0.7471737 0.6646288 5.99772e-6 0.6794342 0.7337364 1.48918e-6 0.6711041 0.7413632 1.75163e-5 0.6003466 0.79974 2.16346e-6 0.555236 0.8316929 -1.22003e-7 0.8598245 0.5105899 -1.40388e-5 0.8628556 0.5054506 -1.6354e-6 0.8935076 0.4490481 -3.44776e-6 0.9259998 0.3775242 -8.32044e-6 0.9589191 0.2836799 -8.81404e-6 0.9721181 0.2344918 -3.39337e-5 0.9980468 -0.06247162 8.38935e-6 0.9991469 -0.04129898 -1.28709e-6 0.9944378 -0.1053264 -1.56835e-6 -0.9022618 0.4311888 6.52857e-7 -0.9171528 0.3985359 6.51833e-6 -0.9330519 0.359742 1.22702e-5 -0.9489567 0.3154065 1.79559e-6 -0.9639433 0.266108 -7.52509e-7 -0.9775836 0.2105481 1.90651e-5 -0.9771671 0.2124723 8.33068e-7 -0.9746954 0.2235375 -3.56697e-6 -0.947052 0.3210805 -5.70249e-6 -0.9244831 0.3812232 -1.23903e-5 -0.8721024 0.4893236 -1.11014e-5 -0.8917233 0.4525813 -4.2934e-6 -0.8423397 0.5389471 -2.15881e-6 -0.8013446 -0.5982031 3.77372e-6 -0.7741076 -0.6330541 2.61888e-6 -0.7670339 -0.6416067 -5.56e-7 -0.7435057 -0.6687297 -2.75206e-7 -0.7148477 -0.6992802 3.35183e-6 -0.6810805 -0.7322086 -4.36511e-6 -0.6424854 -0.766298 3.66755e-6 -0.5992454 -0.8005655 9.1847e-6 -0.5531154 -0.8331047 1.18483e-5 -0.5515139 -0.8341657 0 -0.5296651 -0.848207 5.21541e-7 -0.5531436 -0.833086 -1.60094e-5 -0.4136005 -0.9104586 2.94857e-6 -0.2829926 -0.9591221 3.60981e-6 -0.3210614 -0.9470584 -1.55903e-6 -0.2457783 -0.9693261 -5.49667e-6 -0.1830636 -0.9831011 1.63913e-7 0.01224225 -0.9999251 -1.1473e-5 -0.08256113 -0.996586 -7.20844e-7 -0.01301085 -0.9999154 2.47313e-6 0.01225227 -0.999925 7.689e-6 -0.07124114 -0.9974592 4.3232e-6 -0.2829921 -0.9591223 2.08653e-5 -0.1261783 -0.9920076 -5.11669e-6 -0.1771607 -0.984182 7.67875e-7 -0.2232769 -0.9747551 3.8757e-6 -0.2639771 -0.964529 -3.01749e-7 -0.2983939 -0.9544429 0 -0.3506886 -0.9364922 1.98185e-6 -0.4452239 -0.8954194 4.47221e-6 -0.6082563 -0.7937408 0 -0.6855095 -0.7280638 -5.26942e-6 -0.730829 -0.6825608 -3.61167e-6 -0.7741101 -0.633051 -1.70395e-5 -0.7821329 -0.6231117 -2.19885e-6 -0.8401674 -0.5423273 -9.27597e-6 0.1095787 -0.9939782 4.3679e-6 0.01235496 -0.9999237 2.50829e-6 0.01301008 -0.9999154 4.85405e-6 0.01260066 -0.9999206 0 0.01300948 -0.9999154 -2.19879e-7 0.01231855 -0.9999241 -6.8564e-6 0.144323 -0.9895307 -1.11256e-5 0.2418803 -0.9703061 -4.12948e-6 0.21129 -0.9774234 3.47197e-6 0.3064687 -0.9518808 1.05444e-5 0.2649726 -0.9642559 1.44728e-6 0.299404 -0.9541264 -2.07545e-6 0.3391569 -0.9407299 0 0.3831142 -0.923701 5.19678e-7 0.430139 -0.9027628 4.81401e-6 0.4793462 -0.8776259 -1.52737e-6 0.976866 -0.2138526 3.90783e-6 0.9871899 -0.1595504 -1.85333e-7 0.998046 -0.06248456 1.8863e-5 0.992282 -0.1240019 2.53506e-6 0.9966074 -0.0823034 2.55182e-7 0.9993782 -0.03526133 2.8545e-7 0.9998676 0.0162751 6.92904e-6 0.997448 0.07139647 4.19375e-6 0.9831066 -0.183034 -7.05756e-6 0.9600646 -0.2797784 -1.20737e-5 0.9352933 -0.3538736 -3.31365e-6 0.1748982 0.9845866 -1.5609e-6 0.2941748 0.9557517 -3.15253e-7 0.2692533 0.9630694 -3.32668e-6 0.3600175 0.9329456 1.56276e-6 0.4227876 0.9062289 -2.52929e-5 0.4526188 0.8917041 -2.42144e-7 0.5089097 0.86082 -1.52737e-6 0.1368679 0.9905893 1.33552e-5 0.07262265 0.9973595 4.59794e-6 0.01743018 0.9998481 1.55484e-5 -0.01846134 0.9998296 1.18567e-5 -0.06034988 0.9981774 3.24752e-6 -0.1611832 0.9869245 -6.56024e-6 -0.1073077 0.9942259 2.7013e-6 -0.158383 0.9873778 -7.77654e-7 -0.2126836 0.9771211 -1.3751e-6 0.04124778 0.999149 -1.03489e-5 0.1368913 0.9905862 2.80328e-6 0.1402884 0.9901107 2.78186e-6 0.5250163 0.8510922 6.16722e-6 0.4888792 0.8723515 5.80214e-7 0.422799 0.9062235 -3.9693e-6 0.4472163 0.8944258 2.15136e-7 0.4005598 0.9162707 -8.39122e-7 0.3493731 0.9369837 -5.73974e-6 0.5748923 0.8182291 -5.99027e-6 0.6711089 0.7413589 -1.13435e-6 0.6533492 0.7570568 1.70153e-6 3.41173e-7 0 1 -3.39501e-7 0 1 3.4069e-7 0 1 -3.40453e-7 0 1 5.09779e-7 0 1 -8.52636e-7 0 1 3.84902e-7 0 1 -6.82347e-7 0 1 1.83332e-6 0 1 -3.05224e-7 0 1 -3.06916e-7 0 1 6.15849e-7 0 1 -9.16663e-7 0 1 1.36276e-6 0 1 -3.9679e-6 0 1 6.82108e-7 0 1 -6.13838e-7 0 1 3.07922e-7 0 1</float_array>
          <technique_common>
            <accessor source="#edf_impeler-mesh-normals-array" count="1715" stride="3">
              <param name="X" type="float"/>
              <param name="Y" type="float"/>
              <param name="Z" type="float"/>
            </accessor>
          </technique_common>
        </source>
        <source id="edf_impeler-mesh-map-0">
          <float_array id="edf_impeler-mesh-map-0-array" count="14508">0 -0.392699 -1.348194 -0.392699 0 -0.471239 0 -0.471239 -1.348194 -0.392699 -1.348194 -0.471239 0 0.471239 -1.348194 0.471239 0 0.392699 0 0.392699 -1.348194 0.471239 -1.348194 0.392699 0 0.392699 -1.348194 0.392699 0 0.314159 0 0.314159 -1.348194 0.392699 -1.348194 0.314159 0 0.314159 -1.348194 0.314159 0 0.235619 0 0.235619 -1.348194 0.314159 -1.348194 0.235619 0 0.235619 -1.348194 0.235619 0 0.1570799 0 0.1570799 -1.348194 0.235619 -1.348194 0.1570799 0 0.1570799 -1.348194 0.1570799 0 0.07853996 0 0.07853996 -1.348194 0.1570799 -1.348194 0.07853996 0 0.07853996 -1.348194 0.07853996 0 0 0 0 -1.348194 0.07853996 -1.348194 0 0 0 -1.348194 0 0 -0.07853996 0 -0.07853996 -1.348194 0 -1.348194 -0.07853996 0 -0.07853996 -1.348194 -0.07853996 0 -0.1570799 0 -0.1570799 -1.348194 -0.07853996 -1.348194 -0.1570799 0 -0.1570799 -1.348194 -0.1570799 0 -0.235619 0 -0.235619 -1.348194 -0.1570799 -1.348194 -0.235619 0 -0.235619 -1.348194 -0.235619 0 -0.314159 0 -0.314159 -1.348194 -0.235619 -1.348194 -0.314159 0 -0.314159 -1.348194 -0.314159 0 -0.392699 0 -0.392699 -1.348194 -0.314159 -1.348194 -0.392699 -6 0.392699 -5.820001 0.392699 -6 0.471239 -6 0.471239 -5.820001 0.392699 -5.820001 0.471239 -6 -0.471239 -5.820001 -0.471239 -6 -0.392699 -6 -0.392699 -5.820001 -0.471239 -5.820001 -0.392699 -6 -0.392699 -5.820001 -0.392699 -6 -0.314159 -6 -0.314159 -5.820001 -0.392699 -5.820001 -0.314159 -6 -0.314159 -5.820001 -0.314159 -6 -0.235619 -6 -0.235619 -5.820001 -0.314159 -5.820001 -0.235619 -6 -0.235619 -5.820001 -0.235619 -6 -0.1570799 -6 -0.1570799 -5.820001 -0.235619 -5.820001 -0.1570799 -6 -0.1570799 -5.820001 -0.1570799 -6 -0.07853996 -6 -0.07853996 -5.820001 -0.1570799 -5.820001 -0.07853996 -6 -0.07853996 -5.820001 -0.07853996 -6 0 -6 0 -5.820001 -0.07853996 -5.820001 0 -6 0 -5.820001 0 -6 0.07853996 -6 0.07853996 -5.820001 0 -5.820001 0.07853996 -6 0.07853996 -5.820001 0.07853996 -6 0.1570799 -6 0.1570799 -5.820001 0.07853996 -5.820001 0.1570799 -6 0.1570799 -5.820001 0.1570799 -6 0.235619 -6 0.235619 -5.820001 0.1570799 -5.820001 0.235619 -6 0.235619 -5.820001 0.235619 -6 0.314159 -6 0.314159 -5.820001 0.235619 -5.820001 0.314159 -6 0.314159 -5.820001 0.314159 -6 0.392699 -6 0.392699 -5.820001 0.314159 -5.820001 0.392699 0 -0.15 0.07499998 -0.129904 -0.07499998 -0.129904 -0.07499998 -0.129904 0.07499998 -0.129904 -0.129904 -0.07499998 -0.129904 -0.07499998 0.07499998 -0.129904 0.129904 -0.07499998 -0.129904 -0.07499998 0.129904 -0.07499998 -0.15 0 -0.15 0 0.129904 -0.07499998 0.15 0 -0.15 0 0.15 0 -0.129904 0.07499998 -0.129904 0.07499998 0.15 0 0.129904 0.07499998 -0.129904 0.07499998 0.129904 0.07499998 -0.07499998 0.129904 -0.07499998 0.129904 0.129904 0.07499998 0.07499998 0.129904 -0.07499998 0.129904 0.07499998 0.129904 0 0.15 0 -0.15 0.07499998 -0.129904 -0.07499998 -0.129904 -0.07499998 -0.129904 0.07499998 -0.129904 -0.129904 -0.07499998 -0.129904 -0.07499998 0.07499998 -0.129904 0.129904 -0.07499998 -0.129904 -0.07499998 0.129904 -0.07499998 -0.15 0 -0.15 0 0.129904 -0.07499998 0.15 0 -0.15 0 0.15 0 -0.129904 0.07499998 -0.129904 0.07499998 0.15 0 0.129904 0.07499998 -0.129904 0.07499998 0.129904 0.07499998 -0.07499998 0.129904 -0.07499998 0.129904 0.129904 0.07499998 0.07499998 0.129904 -0.07499998 0.129904 0.07499998 0.129904 0 0.15 0.307794 -0.280017 0.35 0 0 0 0 0 0.35 0 0.307794 0.280017 0 0 0.307794 0.280017 -0.04051697 0.216745 -0.04051697 0.216745 0.307794 0.280017 0.184927 0.535154 -0.04051697 0.216745 0.184927 0.535154 -0.156595 0.404217 -0.156595 0.404217 0.184927 0.535154 -0.007684946 0.74274 -0.156595 0.404217 -0.007684946 0.74274 -0.332557 0.537098 -0.332557 0.537098 -0.007684946 0.74274 -0.252926 0.88433 -0.332557 0.537098 -0.252926 0.88433 -0.544639 0.597441 -0.544639 0.597441 -0.252926 0.88433 -0.529006 0.947344 -0.544639 0.597441 -0.529006 0.947344 -0.811395 0.926182 -0.544639 0.597441 -0.811395 0.926182 -0.764198 0.577095 -0.764198 0.577095 -0.811395 0.926182 -1.075 0.822724 -0.764198 0.577095 -1.075 0.822724 -0.961581 0.47881 -0.961581 0.47881 -1.075 0.822724 -1.296399 0.646164 -0.961581 0.47881 -1.296399 0.646164 -1.11013 0.315859 -1.11013 0.315859 -1.296399 0.646164 -1.45592 0.41219 -1.11013 0.315859 -1.45592 0.41219 -1.189784 0.1102499 -1.189784 0.1102499 -1.45592 0.41219 -1.539389 0.1415899 -1.189784 0.1102499 -1.539389 0.1415899 -1.539389 -0.1415899 -1.189784 0.1102499 -1.539389 -0.1415899 -1.189784 -0.1102499 -1.189784 -0.1102499 -1.539389 -0.1415899 -1.45592 -0.41219 -1.189784 -0.1102499 -1.45592 -0.41219 -1.11013 -0.315859 -1.11013 -0.315859 -1.45592 -0.41219 -1.296399 -0.646164 -1.11013 -0.315859 -1.296399 -0.646164 -0.961581 -0.47881 -0.961581 -0.47881 -1.296399 -0.646164 -1.075 -0.822724 -0.961581 -0.47881 -1.075 -0.822724 -0.764198 -0.577095 -0.764198 -0.577095 -1.075 -0.822724 -0.811395 -0.926182 -0.764198 -0.577095 -0.811395 -0.926182 -0.544639 -0.597441 -0.544639 -0.597441 -0.811395 -0.926182 -0.529006 -0.947344 -0.544639 -0.597441 -0.529006 -0.947344 -0.252926 -0.88433 -0.544639 -0.597441 -0.252926 -0.88433 -0.332557 -0.537098 -0.332557 -0.537098 -0.252926 -0.88433 -0.007684946 -0.74274 -0.332557 -0.537098 -0.007684946 -0.74274 -0.156595 -0.404217 -0.156595 -0.404217 -0.007684946 -0.74274 0.184927 -0.535154 -0.156595 -0.404217 0.184927 -0.535154 -0.04051697 -0.216745 -0.04051697 -0.216745 0.184927 -0.535154 0.307794 -0.280017 -0.04051697 -0.216745 0.307794 -0.280017 0 0 -0.07853996 0.208692 -0.1047199 0.104346 -0.07853996 0 -0.07853996 0 -0.1047199 0.104346 -0.1047199 -0.104346 -0.07853996 0 -0.1047199 -0.104346 -0.07853996 -0.208692 -0.07853996 -0.208692 -0.1047199 -0.104346 -0.1047199 -0.313038 -0.07853996 -0.208692 -0.1047199 -0.313038 -0.07853996 -0.417384 -0.07853996 -0.417384 -0.1047199 -0.313038 -0.1047199 -0.52173 -0.07853996 -0.417384 -0.1047199 -0.52173 -0.07853996 -0.626077 -0.07853996 -0.626077 -0.1047199 -0.52173 -0.1047199 -0.730423 -0.07853996 -0.626077 -0.1047199 -0.730423 -0.07853996 -0.834769 -0.07853996 -0.834769 -0.1047199 -0.730423 -0.1047199 -0.939115 -0.07853996 -0.834769 -0.1047199 -0.939115 -0.07853996 -1.043461 -0.07853996 -1.043461 -0.1047199 -0.939115 -0.1047199 -1.147807 -0.07853996 -1.043461 -0.1047199 -1.147807 -0.07853996 -1.252153 -0.07853996 -1.252153 -0.1047199 -1.147807 -0.1047199 -1.356499 -0.07853996 -1.252153 -0.1047199 -1.356499 -0.07853996 -1.460845 -0.07853996 -1.460845 -0.1047199 -1.356499 -0.1047199 -1.565191 -0.07853996 -1.460845 -0.1047199 -1.565191 -0.07853996 -1.669537 -0.07853996 -1.669537 -0.1047199 -1.565191 -0.1047199 -1.773884 -0.07853996 -1.669537 -0.1047199 -1.773884 -0.07853996 -1.87823 -0.07853996 1.669537 -0.1047199 1.773884 -0.1047199 1.565191 -0.07853996 1.669537 -0.1047199 1.565191 -0.07853996 1.460845 -0.07853996 1.460845 -0.1047199 1.565191 -0.1047199 1.356499 -0.07853996 1.460845 -0.1047199 1.356499 -0.07853996 1.252153 -0.07853996 1.252153 -0.1047199 1.356499 -0.1047199 1.147807 -0.07853996 1.252153 -0.1047199 1.147807 -0.07853996 1.043461 -0.07853996 1.043461 -0.1047199 1.147807 -0.1047199 0.939115 -0.07853996 1.043461 -0.1047199 0.939115 -0.07853996 0.834769 -0.07853996 0.834769 -0.1047199 0.939115 -0.1047199 0.730423 -0.07853996 0.834769 -0.1047199 0.730423 -0.07853996 0.626077 -0.07853996 0.626077 -0.1047199 0.730423 -0.1047199 0.52173 -0.07853996 0.626077 -0.1047199 0.52173 -0.07853996 0.417384 -0.07853996 0.417384 -0.1047199 0.52173 -0.1047199 0.313038 -0.07853996 0.417384 -0.1047199 0.313038 -0.07853996 0.208692 -0.07853996 0.208692 -0.1047199 0.313038 -0.1047199 0.104346 -0.1570799 -0.221735 -0.1309 -0.104346 -0.1570799 0 -0.1570799 0 -0.1309 -0.104346 -0.1309 0.104346 -0.1570799 0 -0.1309 0.104346 -0.1570799 0.221735 -0.1570799 0.221735 -0.1309 0.104346 -0.1309 0.313038 -0.1570799 0.221735 -0.1309 0.313038 -0.1570799 0.443471 -0.1570799 0.443471 -0.1309 0.313038 -0.1309 0.52173 -0.1570799 0.443471 -0.1309 0.52173 -0.1570799 0.665206 -0.1570799 0.665206 -0.1309 0.52173 -0.1309 0.730423 -0.1570799 0.665206 -0.1309 0.730423 -0.1570799 0.886942 -0.1570799 0.886942 -0.1309 0.730423 -0.1309 0.939115 -0.1570799 0.886942 -0.1309 0.939115 -0.1570799 1.108677 -0.1570799 1.108677 -0.1309 0.939115 -0.1309 1.147807 -0.1570799 1.108677 -0.1309 1.147807 -0.1570799 1.330413 -0.1570799 1.330413 -0.1309 1.147807 -0.1309 1.356499 -0.1570799 1.330413 -0.1309 1.356499 -0.1570799 1.552148 -0.1570799 1.552148 -0.1309 1.356499 -0.1309 1.565191 -0.1570799 1.552148 -0.1309 1.565191 -0.1570799 1.773884 -0.1570799 1.773884 -0.1309 1.565191 -0.1309 1.773884 -0.1570799 -1.773884 -0.1309 -1.773884 -0.1309 -1.565191 -0.1309 -1.565191 -0.1309 -1.773884 -0.1047199 -1.773884 -0.1309 -1.565191 -0.1047199 -1.773884 -0.1047199 -1.565191 -0.1309 -0.104346 -0.1570799 -0.221735 -0.1309 -0.313038 -0.1309 -0.313038 -0.1570799 -0.221735 -0.1570799 -0.443471 -0.1309 -0.313038 -0.1570799 -0.443471 -0.1309 -0.52173 -0.1309 -0.52173 -0.1570799 -0.443471 -0.1570799 -0.665206 -0.1309 -0.52173 -0.1570799 -0.665206 -0.1309 -0.730423 -0.1309 -0.730423 -0.1570799 -0.665206 -0.1570799 -0.886942 -0.1309 -0.730423 -0.1570799 -0.886942 -0.1309 -0.939115 -0.1309 -0.939115 -0.1570799 -0.886942 -0.1570799 -1.108677 -0.1309 -0.939115 -0.1570799 -1.108677 -0.1309 -1.147807 -0.1309 -1.147807 -0.1570799 -1.108677 -0.1570799 -1.330413 -0.1309 -1.147807 -0.1570799 -1.330413 -0.1309 -1.356499 -0.1309 -1.356499 -0.1570799 -1.330413 -0.1570799 -1.552148 -0.1309 -1.356499 -0.1570799 -1.552148 -0.1309 -1.565191 -0.1309 -1.565191 -0.1570799 -1.552148 -0.1570799 -1.773884 -0.1047199 1.773884 -0.1309 1.773884 -0.1047199 1.565191 -0.1047199 1.565191 -0.1309 1.773884 -0.1309 1.565191 -0.1047199 1.565191 -0.1309 1.565191 -0.1047199 1.356499 -0.1047199 1.356499 -0.1309 1.565191 -0.1309 1.356499 -0.1047199 1.356499 -0.1309 1.356499 -0.1047199 1.147807 -0.1047199 1.147807 -0.1309 1.356499 -0.1309 1.147807 -0.1047199 1.147807 -0.1309 1.147807 -0.1047199 0.939115 -0.1047199 0.939115 -0.1309 1.147807 -0.1309 0.939115 -0.1047199 0.939115 -0.1309 0.939115 -0.1047199 0.730423 -0.1047199 0.730423 -0.1309 0.939115 -0.1309 0.730423 -0.1047199 0.730423 -0.1309 0.730423 -0.1047199 0.52173 -0.1047199 0.52173 -0.1309 0.730423 -0.1309 0.52173 -0.1047199 0.52173 -0.1309 0.52173 -0.1047199 0.313038 -0.1047199 0.313038 -0.1309 0.52173 -0.1309 0.313038 -0.1047199 0.313038 -0.1309 0.313038 -0.1047199 0.104346 -0.1047199 0.104346 -0.1309 0.313038 -0.1309 0.104346 -0.1047199 0.104346 -0.1309 0.104346 -0.1047199 -0.104346 -0.1047199 -0.104346 -0.1309 0.104346 -0.1309 -0.104346 -0.1047199 -0.104346 -0.1309 -0.104346 -0.1047199 -0.313038 -0.1047199 -0.313038 -0.1309 -0.104346 -0.1309 -0.313038 -0.1047199 -0.313038 -0.1309 -0.313038 -0.1047199 -0.52173 -0.1047199 -0.52173 -0.1309 -0.313038 -0.1309 -0.52173 -0.1047199 -0.52173 -0.1309 -0.52173 -0.1047199 -0.730423 -0.1047199 -0.730423 -0.1309 -0.52173 -0.1309 -0.730423 -0.1047199 -0.730423 -0.1309 -0.730423 -0.1047199 -0.939115 -0.1047199 -0.939115 -0.1309 -0.730423 -0.1309 -0.939115 -0.1047199 -0.939115 -0.1309 -0.939115 -0.1047199 -1.147807 -0.1047199 -1.147807 -0.1309 -0.939115 -0.1309 -1.147807 -0.1047199 -1.147807 -0.1309 -1.147807 -0.1047199 -1.356499 -0.1047199 -1.356499 -0.1309 -1.147807 -0.1309 -1.356499 -0.1047199 -1.356499 -0.1309 -1.356499 -0.1047199 -1.565191 -0.1047199 -1.565191 -0.1309 -1.356499 -0.1309 -1.565191 0.54567 0.215984 -0.54567 0.215984 0.54567 0 0.54567 0 -0.54567 0.215984 -0.54567 0 0.54567 0 -0.54567 0 0.54567 -0.215984 0.54567 -0.215984 -0.54567 0 -0.54567 -0.215984 0.54567 -0.215984 -0.54567 -0.215984 0.54567 -0.431969 0.54567 -0.431969 -0.54567 -0.215984 -0.54567 -0.431969 0.54567 -0.431969 -0.54567 -0.431969 0.54567 -0.647953 0.54567 -0.647953 -0.54567 -0.431969 -0.54567 -0.647953 0.54567 -0.647953 -0.54567 -0.647953 0.54567 -0.863938 0.54567 -0.863938 -0.54567 -0.647953 -0.54567 -0.863938 0.54567 -0.863938 -0.54567 -0.863938 0.54567 -1.079922 0.54567 -1.079922 -0.54567 -0.863938 -0.54567 -1.079922 0.54567 -1.079922 -0.54567 -1.079922 0.54567 -1.295907 0.54567 -1.295907 -0.54567 -1.079922 -0.54567 -1.295907 0.54567 -1.295907 -0.54567 -1.295907 0.54567 -1.511891 0.54567 -1.511891 -0.54567 -1.295907 -0.54567 -1.511891 0.54567 -1.511891 -0.54567 -1.511891 0.54567 -1.727876 0.54567 -1.727876 -0.54567 -1.511891 -0.54567 -1.727876 0.54567 1.727876 -0.54567 1.727876 0.54567 1.511891 0.54567 1.511891 -0.54567 1.727876 -0.54567 1.511891 0.54567 1.511891 -0.54567 1.511891 0.54567 1.295907 0.54567 1.295907 -0.54567 1.511891 -0.54567 1.295907 0.54567 1.295907 -0.54567 1.295907 0.54567 1.079922 0.54567 1.079922 -0.54567 1.295907 -0.54567 1.079922 0.54567 1.079922 -0.54567 1.079922 0.54567 0.863938 0.54567 0.863938 -0.54567 1.079922 -0.54567 0.863938 0.54567 0.863938 -0.54567 0.863938 0.54567 0.647953 0.54567 0.647953 -0.54567 0.863938 -0.54567 0.647953 0.54567 0.647953 -0.54567 0.647953 0.54567 0.431969 0.54567 0.431969 -0.54567 0.647953 -0.54567 0.431969 0.54567 0.431969 -0.54567 0.431969 0.54567 0.215984 0.54567 0.215984 -0.54567 0.431969 -0.54567 0.215984 0.0471239 0.21771 0.03926998 0.158334 0.0471239 0 0.0471239 0 0.03926998 0.158334 0.03926998 0 0.0471239 0 0.03926998 0 0.03926998 -0.158334 0.03926998 -0.158334 0.03926998 0 0.03141593 0 0.03926998 -0.158334 0.03141593 0 0.03141593 -0.158334 0.03141593 -0.158334 0.03141593 0 0.02356195 0 0.03141593 -0.158334 0.02356195 0 0.02356195 -0.21771 0.03926998 0.158334 0.0471239 0.21771 0.03926998 0.316669 0.03926998 0.316669 0.0471239 0.21771 0.0471239 0.43542 0.03926998 0.316669 0.0471239 0.43542 0.03926998 0.475003 0.03926998 0.475003 0.0471239 0.43542 0.0471239 0.653129 0.03926998 0.475003 0.0471239 0.653129 0.03926998 0.633338 0.03926998 0.633338 0.0471239 0.653129 0.03926998 0.791672 0.03926998 0.633338 0.03926998 0.791672 0.03141593 0.791672 0.03141593 0.791672 0.03926998 0.791672 0.03141593 0.950006 0.03141593 0.791672 0.03141593 0.950006 0.02356195 0.870839 0.02356195 0.870839 0.03141593 0.950006 0.02356195 1.088549 0.02356195 1.088549 0.03141593 0.950006 0.03141593 1.108341 0.02356195 1.088549 0.03141593 1.108341 0.03141593 1.266675 0.03141593 1.266675 0.03141593 1.108341 0.03926998 1.108341 0.03141593 1.266675 0.03926998 1.108341 0.03926998 1.266675 0.03926998 1.266675 0.03926998 1.108341 0.0471239 1.088549 0.03926998 1.266675 0.0471239 1.088549 0.0471239 1.306259 0.0471239 0.653129 0.0471239 0.870839 0.03926998 0.791672 0.03926998 0.791672 0.0471239 0.870839 0.03926998 0.950006 0.03926998 0.791672 0.03926998 0.950006 0.03141593 0.950006 0.03141593 0.950006 0.03926998 0.950006 0.03141593 1.108341 0.0471239 0.870839 0.0471239 1.088549 0.03926998 0.950006 0.03926998 0.950006 0.0471239 1.088549 0.03926998 1.108341 0.03926998 0.950006 0.03926998 1.108341 0.03141593 1.108341 0.03926998 1.266675 0.0471239 1.306259 0.03926998 1.425009 0.03926998 1.425009 0.0471239 1.306259 0.0471239 1.523968 0.03926998 1.425009 0.0471239 1.523968 0.03926998 1.583344 0.03926998 1.583344 0.0471239 1.523968 0.0471239 1.741678 0.03926998 1.583344 0.0471239 1.741678 0.03926998 1.741678 0.03926998 -1.741678 0.0471239 -1.741678 0.03926998 -1.583344 0.03926998 -1.741678 0.03926998 -1.583344 0.03141593 -1.583344 0.03141593 -1.583344 0.03926998 -1.583344 0.03141593 -1.425009 0.03141593 -1.583344 0.03141593 -1.425009 0.02356195 -1.523968 0.02356195 -1.523968 0.03141593 -1.425009 0.02356195 -1.306259 0.02356195 -1.306259 0.03141593 -1.425009 0.03141593 -1.266675 0.02356195 -1.306259 0.03141593 -1.266675 0.02356195 -1.088549 0.02356195 -1.088549 0.03141593 -1.266675 0.03141593 -1.108341 0.02356195 -1.088549 0.03141593 -1.108341 0.03141593 -0.950006 0.03141593 -0.950006 0.03141593 -1.108341 0.03926998 -1.108341 0.03141593 -0.950006 0.03926998 -1.108341 0.03926998 -0.950006 0.03926998 -0.950006 0.03926998 -1.108341 0.0471239 -1.088549 0.03926998 -0.950006 0.0471239 -1.088549 0.0471239 -0.870839 0.0471239 -1.741678 0.0471239 -1.523968 0.03926998 -1.583344 0.03926998 -1.583344 0.0471239 -1.523968 0.03926998 -1.425009 0.03926998 -1.583344 0.03926998 -1.425009 0.03141593 -1.425009 0.03141593 -1.425009 0.03926998 -1.425009 0.03141593 -1.266675 0.0471239 -1.523968 0.0471239 -1.306259 0.03926998 -1.425009 0.03926998 -1.425009 0.0471239 -1.306259 0.03926998 -1.266675 0.03926998 -1.425009 0.03926998 -1.266675 0.03141593 -1.266675 0.03141593 -1.266675 0.03926998 -1.266675 0.03141593 -1.108341 0.0471239 -1.306259 0.0471239 -1.088549 0.03926998 -1.266675 0.03926998 -1.266675 0.0471239 -1.088549 0.03926998 -1.108341 0.03926998 -1.266675 0.03926998 -1.108341 0.03141593 -1.108341 0.03926998 -0.950006 0.0471239 -0.870839 0.03926998 -0.791672 0.03926998 -0.791672 0.0471239 -0.870839 0.0471239 -0.653129 0.03926998 -0.791672 0.0471239 -0.653129 0.03926998 -0.633338 0.03926998 -0.633338 0.0471239 -0.653129 0.03926998 -0.475003 0.03926998 -0.633338 0.03926998 -0.475003 0.03141593 -0.475003 0.03141593 -0.475003 0.03926998 -0.475003 0.03141593 -0.316669 0.03141593 -0.475003 0.03141593 -0.316669 0.02356195 -0.43542 0.02356195 -0.43542 0.03141593 -0.316669 0.02356195 -0.21771 0.02356195 -0.21771 0.03141593 -0.316669 0.03141593 -0.158334 0.0471239 -0.653129 0.0471239 -0.43542 0.03926998 -0.475003 0.03926998 -0.475003 0.0471239 -0.43542 0.03926998 -0.316669 0.03926998 -0.475003 0.03926998 -0.316669 0.03141593 -0.316669 0.03141593 -0.316669 0.03926998 -0.316669 0.03141593 -0.158334 0.0471239 -0.43542 0.0471239 -0.21771 0.03926998 -0.316669 0.03926998 -0.316669 0.0471239 -0.21771 0.03926998 -0.158334 0.03926998 -0.316669 0.03926998 -0.158334 0.03141593 -0.158334 0.0471239 -0.21771 0.0471239 0 0.03926998 -0.158334 0.02356195 -0.43542 0.02356195 -0.653129 0.03141593 -0.475003 0.03141593 -0.475003 0.02356195 -0.653129 0.03141593 -0.633338 0.03141593 -0.475003 0.03141593 -0.633338 0.03926998 -0.633338 0.03926998 -0.633338 0.03141593 -0.633338 0.03926998 -0.791672 0.03141593 -0.633338 0.02356195 -0.653129 0.03141593 -0.791672 0.03141593 -0.791672 0.02356195 -0.653129 0.02356195 -0.870839 0.03141593 -0.791672 0.02356195 -0.870839 0.03141593 -0.950006 0.03141593 -0.950006 0.02356195 -0.870839 0.02356195 -1.088549 0.02356195 -1.523968 0.02356195 -1.741678 0.03141593 -1.583344 0.03141593 -1.583344 0.02356195 -1.741678 0.03141593 -1.741678 0.03141593 -1.583344 0.03141593 -1.741678 0.03926998 -1.741678 0.03926998 1.741678 0.03141593 1.741678 0.03926998 1.583344 0.03141593 1.741678 0.02356195 1.741678 0.03141593 1.583344 0.03141593 1.583344 0.02356195 1.741678 0.02356195 1.523968 0.03141593 1.583344 0.02356195 1.523968 0.03141593 1.425009 0.03141593 1.425009 0.02356195 1.523968 0.02356195 1.306259 0.03141593 1.425009 0.02356195 1.306259 0.03141593 1.266675 0.03141593 1.266675 0.02356195 1.306259 0.02356195 1.088549 0.02356195 0.870839 0.02356195 0.653129 0.03141593 0.791672 0.03141593 0.791672 0.02356195 0.653129 0.03141593 0.633338 0.03141593 0.791672 0.03141593 0.633338 0.03926998 0.633338 0.03926998 0.633338 0.03141593 0.633338 0.03926998 0.475003 0.03141593 0.633338 0.02356195 0.653129 0.03141593 0.475003 0.03141593 0.475003 0.02356195 0.653129 0.02356195 0.43542 0.03141593 0.475003 0.02356195 0.43542 0.03141593 0.316669 0.03141593 0.316669 0.02356195 0.43542 0.02356195 0.21771 0.03141593 0.316669 0.02356195 0.21771 0.03141593 0.158334 0.03141593 0.158334 0.02356195 0.21771 0.02356195 0 0.03141593 0.158334 0.02356195 0 0.03141593 0 0.03926998 1.583344 0.03141593 1.741678 0.03141593 1.583344 0.03141593 0 0.03926998 0 0.03141593 0.158334 0.03141593 0.158334 0.03926998 0 0.03926998 0.158334 0.03141593 0.158334 0.03926998 0.158334 0.03141593 0.316669 0.03141593 0.316669 0.03926998 0.158334 0.03926998 0.316669 0.03141593 0.316669 0.03926998 0.316669 0.03141593 0.475003 0.03141593 0.475003 0.03926998 0.316669 0.03926998 0.475003 0.03141593 0.475003 0.03926998 0.475003 0.03141593 0.633338 0.03141593 1.266675 0.03926998 1.266675 0.03141593 1.425009 0.03141593 1.425009 0.03926998 1.266675 0.03926998 1.425009 0.03141593 1.425009 0.03926998 1.425009 0.03141593 1.583344 0.03141593 1.583344 0.03926998 1.425009 0.03926998 1.583344 0.03141593 -0.791672 0.03141593 -0.950006 0.03926998 -0.950006 0.03141593 -0.633338 0.03141593 -0.791672 0.03926998 -0.791672 0.03926998 -0.791672 0.03141593 -0.791672 0.03926998 -0.950006 0.425891 0.216216 0.04211199 0.279393 0.382883 0 0.382883 0 0.04211199 0.279393 0 0 0.382883 0 0 0 0.04211199 -0.279393 0.04211199 0.279393 0.425891 0.216216 0.164705 0.533961 0.164705 0.533961 0.425891 0.216216 0.548367 0.399515 0.164705 0.533961 0.548367 0.399515 0.356888 0.741085 0.356888 0.741085 0.548367 0.399515 0.731667 0.521992 0.356888 0.741085 0.731667 0.521992 0.601582 0.882359 0.601582 0.882359 0.731667 0.521992 0.877047 0.945232 0.877047 0.945232 0.731667 0.521992 0.947883 0.565 0.877047 0.945232 0.947883 0.565 1.158806 0.924117 1.158806 0.924117 0.947883 0.565 1.164099 0.521992 1.158806 0.924117 1.164099 0.521992 1.421824 0.820891 1.421824 0.820891 1.164099 0.521992 1.347398 0.399515 1.421824 0.820891 1.347398 0.399515 1.64273 0.644724 1.64273 0.644724 1.347398 0.399515 1.801896 0.411271 1.801896 0.411271 1.347398 0.399515 1.469875 0.216216 1.801896 0.411271 1.469875 0.216216 1.885178 0.141275 1.885178 0.141275 1.469875 0.216216 1.512883 0 1.885178 0.141275 1.512883 0 1.885178 -0.141275 1.885178 -0.141275 1.512883 0 1.469875 -0.216216 1.885178 -0.141275 1.469875 -0.216216 1.801896 -0.411271 1.801896 -0.411271 1.469875 -0.216216 1.347398 -0.399515 1.801896 -0.411271 1.347398 -0.399515 1.64273 -0.644724 1.64273 -0.644724 1.347398 -0.399515 1.421824 -0.820891 1.421824 -0.820891 1.347398 -0.399515 1.164099 -0.521992 1.421824 -0.820891 1.164099 -0.521992 1.158806 -0.924117 1.158806 -0.924117 1.164099 -0.521992 0.947883 -0.565 1.158806 -0.924117 0.947883 -0.565 0.877047 -0.945232 0.877047 -0.945232 0.947883 -0.565 0.731667 -0.521992 0.877047 -0.945232 0.731667 -0.521992 0.601582 -0.882359 0.601582 -0.882359 0.731667 -0.521992 0.356888 -0.741085 0.356888 -0.741085 0.731667 -0.521992 0.548367 -0.399515 0.356888 -0.741085 0.548367 -0.399515 0.164705 -0.533961 0.164705 -0.533961 0.548367 -0.399515 0.425891 -0.216216 0.164705 -0.533961 0.425891 -0.216216 0.04211199 -0.279393 0.04211199 -0.279393 0.425891 -0.216216 0.382883 0 0.07853996 0.294184 0.05235993 0.147092 0.07853996 0 0.07853996 0 0.05235993 0.147092 0.05235993 -0.147092 0.07853996 0 0.05235993 -0.147092 0.07853996 -0.294184 0.07853996 -0.294184 0.05235993 -0.147092 0.05235993 -0.441276 0.07853996 -0.294184 0.05235993 -0.441276 0.07853996 -0.588368 0.07853996 -0.588368 0.05235993 -0.441276 0.05235993 -0.73546 0.07853996 -0.588368 0.05235993 -0.73546 0.07853996 -0.882552 0.07853996 -0.882552 0.05235993 -0.73546 0.05235993 -1.029644 0.07853996 -0.882552 0.05235993 -1.029644 0.07853996 -1.176737 0.07853996 -1.176737 0.05235993 -1.029644 0.05235993 -1.323829 0.07853996 -1.176737 0.05235993 -1.323829 0.07853996 -1.470921 0.07853996 -1.470921 0.05235993 -1.323829 0.05235993 -1.618013 0.07853996 -1.470921 0.05235993 -1.618013 0.07853996 -1.765105 0.07853996 -1.765105 0.05235993 -1.618013 0.05235993 -1.912197 0.07853996 -1.765105 0.05235993 -1.912197 0.07853996 -2.059289 0.07853996 -2.059289 0.05235993 -1.912197 0.05235993 -2.206381 0.07853996 -2.059289 0.05235993 -2.206381 0.07853996 -2.353473 0.07853996 -2.353473 0.05235993 -2.206381 0.05235993 -2.500565 0.07853996 -2.353473 0.05235993 -2.500565 0.07853996 -2.647657 0.07853996 -2.647657 0.05235993 -2.500565 0.05235993 -2.794749 0.07853996 -2.647657 0.05235993 -2.794749 0.07853996 -2.941841 0.07853996 -2.941841 0.05235993 -2.794749 0.05235993 -3.088933 0.07853996 -2.941841 0.05235993 -3.088933 0.07853996 -3.236025 0.07853996 2.941841 0.05235993 3.088933 0.05235993 2.794749 0.07853996 2.941841 0.05235993 2.794749 0.07853996 2.647657 0.07853996 2.647657 0.05235993 2.794749 0.05235993 2.500565 0.07853996 2.647657 0.05235993 2.500565 0.07853996 2.353473 0.07853996 2.353473 0.05235993 2.500565 0.05235993 2.206381 0.07853996 2.353473 0.05235993 2.206381 0.07853996 2.059289 0.07853996 2.059289 0.05235993 2.206381 0.05235993 1.912197 0.07853996 2.059289 0.05235993 1.912197 0.07853996 1.765105 0.07853996 1.765105 0.05235993 1.912197 0.05235993 1.618013 0.07853996 1.765105 0.05235993 1.618013 0.07853996 1.470921 0.07853996 1.470921 0.05235993 1.618013 0.05235993 1.323829 0.07853996 1.470921 0.05235993 1.323829 0.07853996 1.176737 0.07853996 1.176737 0.05235993 1.323829 0.05235993 1.029644 0.07853996 1.176737 0.05235993 1.029644 0.07853996 0.882552 0.07853996 0.882552 0.05235993 1.029644 0.05235993 0.73546 0.07853996 0.882552 0.05235993 0.73546 0.07853996 0.588368 0.07853996 0.588368 0.05235993 0.73546 0.05235993 0.441276 0.07853996 0.588368 0.05235993 0.441276 0.07853996 0.294184 0.07853996 0.294184 0.05235993 0.441276 0.05235993 0.147092 0 -0.280812 0.0261799 -0.147092 0 0 0 0 0.0261799 -0.147092 0.0261799 0.147092 0 0 0.0261799 0.147092 0 0.280812 0 0.280812 0.0261799 0.147092 0.0261799 0.441276 0 0.280812 0.0261799 0.441276 0 0.561624 0 0.561624 0.0261799 0.441276 0.0261799 0.73546 0 0.561624 0.0261799 0.73546 0 0.842436 0 0.842436 0.0261799 0.73546 0.0261799 1.029644 0 0.842436 0.0261799 1.029644 0 1.123249 0 1.123249 0.0261799 1.029644 0.0261799 1.323829 0 1.123249 0.0261799 1.323829 0 1.404061 0 1.404061 0.0261799 1.323829 0.0261799 1.618013 0 1.404061 0.0261799 1.618013 0 1.684873 0 1.684873 0.0261799 1.618013 0.0261799 1.912197 0 1.684873 0.0261799 1.912197 0 1.965685 0 1.965685 0.0261799 1.912197 0.0261799 2.206381 0 1.965685 0.0261799 2.206381 0 2.246497 0 2.246497 0.0261799 2.206381 0.0261799 2.500565 0 2.246497 0.0261799 2.500565 0 2.527309 0 2.527309 0.0261799 2.500565 0.0261799 2.794749 0 2.527309 0.0261799 2.794749 0 2.808121 0 2.808121 0.0261799 2.794749 0.0261799 3.088933 0 2.808121 0.0261799 3.088933 0 3.088933 0 -3.088933 0.0261799 -3.088933 0 -2.808121 0 -2.808121 0.0261799 -3.088933 0.0261799 -2.794749 0 -2.808121 0.0261799 -2.794749 0 -2.527309 0 -2.527309 0.0261799 -2.794749 0.0261799 -2.500565 0 -2.527309 0.0261799 -2.500565 0 -2.246497 0 -2.246497 0.0261799 -2.500565 0.0261799 -2.206381 0 -2.246497 0.0261799 -2.206381 0 -1.965685 0 -1.965685 0.0261799 -2.206381 0.0261799 -1.912197 0 -1.965685 0.0261799 -1.912197 0 -1.684873 0 -1.684873 0.0261799 -1.912197 0.0261799 -1.618013 0 -1.684873 0.0261799 -1.618013 0 -1.404061 0 -1.404061 0.0261799 -1.618013 0.0261799 -1.323829 0 -1.404061 0.0261799 -1.323829 0 -1.123249 0 -1.123249 0.0261799 -1.323829 0.0261799 -1.029644 0 -1.123249 0.0261799 -1.029644 0 -0.842436 0 -0.842436 0.0261799 -1.029644 0.0261799 -0.73546 0 -0.842436 0.0261799 -0.73546 0 -0.561624 0 -0.561624 0.0261799 -0.73546 0.0261799 -0.441276 0 -0.561624 0.0261799 -0.441276 0 -0.280812 0 -0.280812 0.0261799 -0.441276 0.0261799 -0.147092 0.05235993 3.088933 0.0261799 3.088933 0.05235993 2.794749 0.05235993 2.794749 0.0261799 3.088933 0.0261799 2.794749 0.05235993 2.794749 0.0261799 2.794749 0.05235993 2.500565 0.05235993 2.500565 0.0261799 2.794749 0.0261799 2.500565 0.05235993 2.500565 0.0261799 2.500565 0.05235993 2.206381 0.05235993 2.206381 0.0261799 2.500565 0.0261799 2.206381 0.05235993 2.206381 0.0261799 2.206381 0.05235993 1.912197 0.05235993 1.912197 0.0261799 2.206381 0.0261799 1.912197 0.05235993 1.912197 0.0261799 1.912197 0.05235993 1.618013 0.05235993 1.618013 0.0261799 1.912197 0.0261799 1.618013 0.05235993 1.618013 0.0261799 1.618013 0.05235993 1.323829 0.05235993 1.323829 0.0261799 1.618013 0.0261799 1.323829 0.05235993 1.323829 0.0261799 1.323829 0.05235993 1.029644 0.05235993 1.029644 0.0261799 1.323829 0.0261799 1.029644 0.05235993 1.029644 0.0261799 1.029644 0.05235993 0.73546 0.05235993 0.73546 0.0261799 1.029644 0.0261799 0.73546 0.05235993 0.73546 0.0261799 0.73546 0.05235993 0.441276 0.05235993 0.441276 0.0261799 0.73546 0.0261799 0.441276 0.05235993 0.441276 0.0261799 0.441276 0.05235993 0.147092 0.05235993 0.147092 0.0261799 0.441276 0.0261799 0.147092 0.05235993 0.147092 0.0261799 0.147092 0.05235993 -0.147092 0.05235993 -0.147092 0.0261799 0.147092 0.0261799 -0.147092 0.05235993 -0.147092 0.0261799 -0.147092 0.05235993 -0.441276 0.05235993 -0.441276 0.0261799 -0.147092 0.0261799 -0.441276 0.05235993 -0.441276 0.0261799 -0.441276 0.05235993 -0.73546 0.05235993 -0.73546 0.0261799 -0.441276 0.0261799 -0.73546 0.05235993 -0.73546 0.0261799 -0.73546 0.05235993 -1.029644 0.05235993 -1.029644 0.0261799 -0.73546 0.0261799 -1.029644 0.05235993 -1.029644 0.0261799 -1.029644 0.05235993 -1.323829 0.05235993 -1.323829 0.0261799 -1.029644 0.0261799 -1.323829 0.05235993 -1.323829 0.0261799 -1.323829 0.05235993 -1.618013 0.05235993 -1.618013 0.0261799 -1.323829 0.0261799 -1.618013 0.05235993 -1.618013 0.0261799 -1.618013 0.05235993 -1.912197 0.05235993 -1.912197 0.0261799 -1.618013 0.0261799 -1.912197 0.05235993 -1.912197 0.0261799 -1.912197 0.05235993 -2.206381 0.05235993 -2.206381 0.0261799 -1.912197 0.0261799 -2.206381 0.05235993 -2.206381 0.0261799 -2.206381 0.05235993 -2.500565 0.05235993 -2.500565 0.0261799 -2.206381 0.0261799 -2.500565 0.05235993 -2.500565 0.0261799 -2.500565 0.05235993 -2.794749 0.05235993 -2.794749 0.0261799 -2.500565 0.0261799 -2.794749 0.05235993 -2.794749 0.0261799 -2.794749 0.05235993 -3.088933 0.05235993 -3.088933 0.0261799 -2.794749 0.0261799 -3.088933 0.12183 0.284995 -0.12183 0 0.12183 0 0.12183 0 -0.12183 0 -0.12183 -0.284995 0.12183 0 -0.12183 -0.284995 0.12183 -0.284995 0.12183 -0.284995 -0.12183 -0.284995 -0.12183 -0.569989 0.12183 -0.284995 -0.12183 -0.569989 0.12183 -0.569989 0.12183 -0.569989 -0.12183 -0.569989 -0.12183 -0.854984 0.12183 -0.569989 -0.12183 -0.854984 0.12183 -0.854984 0.12183 -0.854984 -0.12183 -0.854984 -0.12183 -1.139979 0.12183 -0.854984 -0.12183 -1.139979 0.12183 -1.139979 0.12183 -1.139979 -0.12183 -1.139979 -0.12183 -1.424973 0.12183 -1.139979 -0.12183 -1.424973 0.12183 -1.424973 0.12183 -1.424973 -0.12183 -1.424973 -0.12183 -1.709968 0.12183 -1.424973 -0.12183 -1.709968 0.12183 -1.709968 0.12183 -1.709968 -0.12183 -1.709968 -0.12183 -1.994962 0.12183 -1.709968 -0.12183 -1.994962 0.12183 -1.994962 0.12183 -1.994962 -0.12183 -1.994962 -0.12183 -2.279957 0.12183 -1.994962 -0.12183 -2.279957 0.12183 -2.279957 0.12183 -2.279957 -0.12183 -2.279957 -0.12183 -2.564952 0.12183 -2.279957 -0.12183 -2.564952 0.12183 -2.564952 0.12183 -2.564952 -0.12183 -2.564952 -0.12183 -2.849946 0.12183 -2.564952 -0.12183 -2.849946 0.12183 -2.849946 0.12183 -2.849946 -0.12183 -2.849946 0.12183 -3.134941 0.12183 -3.134941 -0.12183 -2.849946 -0.12183 -3.134941 0.12183 3.134941 -0.12183 3.134941 0.12183 2.849946 0.12183 2.849946 -0.12183 3.134941 -0.12183 2.849946 0.12183 2.849946 -0.12183 2.849946 -0.12183 2.564952 -0.12183 0 0.12183 0.284995 -0.12183 0.284995 -0.12183 0.284995 0.12183 0.284995 0.12183 0.569989 -0.12183 0.284995 0.12183 0.569989 -0.12183 0.569989 -0.12183 0.569989 0.12183 0.569989 0.12183 0.854984 -0.12183 0.569989 0.12183 0.854984 -0.12183 0.854984 -0.12183 0.854984 0.12183 0.854984 0.12183 1.139979 -0.12183 0.854984 0.12183 1.139979 -0.12183 1.139979 -0.12183 1.139979 0.12183 1.139979 0.12183 1.424973 -0.12183 1.139979 0.12183 1.424973 -0.12183 1.424973 -0.12183 1.424973 0.12183 1.424973 0.12183 1.709968 -0.12183 1.424973 0.12183 1.709968 -0.12183 1.709968 -0.12183 1.709968 0.12183 1.709968 0.12183 1.994962 -0.12183 1.709968 0.12183 1.994962 -0.12183 1.994962 -0.12183 1.994962 0.12183 1.994962 0.12183 2.279957 -0.12183 1.994962 0.12183 2.279957 -0.12183 2.279957 -0.12183 2.279957 0.12183 2.279957 0.12183 2.564952 -0.12183 2.279957 0.12183 2.564952 -0.12183 2.564952 -0.12183 2.564952 0.12183 2.564952 0.12183 2.849946 0.242731 0.324321 -0.242731 0.297294 0.242731 0 0.242731 0 -0.242731 0.297294 -0.242731 0 0.242731 0 -0.242731 0 -0.242731 -0.297294 -0.242731 0.297294 0.242731 0.324321 -0.242731 0.594588 -0.242731 0.594588 0.242731 0.324321 0.242731 0.648641 -0.242731 0.594588 0.242731 0.648641 -0.242731 0.891882 -0.242731 0.891882 0.242731 0.648641 0.242731 0.972962 -0.242731 0.891882 0.242731 0.972962 -0.242731 1.189176 -0.242731 1.189176 0.242731 0.972962 0.242731 1.297282 -0.242731 1.189176 0.242731 1.297282 -0.242731 1.486469 -0.242731 1.486469 0.242731 1.297282 0.242731 1.621603 -0.242731 1.486469 0.242731 1.621603 -0.242731 1.783763 -0.242731 1.783763 0.242731 1.621603 0.242731 1.945924 -0.242731 1.783763 0.242731 1.945924 -0.242731 2.081057 -0.242731 2.081057 0.242731 1.945924 0.242731 2.270244 -0.242731 2.081057 0.242731 2.270244 -0.242731 2.378351 -0.242731 2.378351 0.242731 2.270244 0.242731 2.594565 -0.242731 2.378351 0.242731 2.594565 -0.242731 2.675645 -0.242731 2.675645 0.242731 2.594565 0.242731 2.918886 -0.242731 2.675645 0.242731 2.918886 -0.242731 2.972939 -0.242731 2.972939 0.242731 2.918886 0.242731 3.243206 -0.242731 2.972939 0.242731 3.243206 -0.242731 3.270233 -0.242731 3.270233 0.242731 3.243206 0.242731 3.567527 -0.242731 3.270233 0.242731 3.567527 -0.242731 3.567527 -0.242731 -3.567527 0.242731 -3.567527 -0.242731 -3.270233 -0.242731 -3.270233 0.242731 -3.567527 0.242731 -3.243206 -0.242731 -3.270233 0.242731 -3.243206 -0.242731 -2.972939 -0.242731 -2.972939 0.242731 -3.243206 0.242731 -2.918886 -0.242731 -2.972939 0.242731 -2.918886 -0.242731 -2.675645 -0.242731 -2.675645 0.242731 -2.918886 0.242731 -2.594565 -0.242731 -2.675645 0.242731 -2.594565 -0.242731 -2.378351 -0.242731 -2.378351 0.242731 -2.594565 0.242731 -2.270244 -0.242731 -2.378351 0.242731 -2.270244 -0.242731 -2.081057 -0.242731 -2.081057 0.242731 -2.270244 0.242731 -1.945924 -0.242731 -2.081057 0.242731 -1.945924 -0.242731 -1.783763 -0.242731 -1.783763 0.242731 -1.945924 0.242731 -1.621603 -0.242731 -1.783763 0.242731 -1.621603 -0.242731 -1.486469 -0.242731 -1.486469 0.242731 -1.621603 0.242731 -1.297282 -0.242731 -1.486469 0.242731 -1.297282 -0.242731 -1.189176 -0.242731 -1.189176 0.242731 -1.297282 0.242731 -0.972962 -0.242731 -1.189176 0.242731 -0.972962 -0.242731 -0.891882 -0.242731 -0.891882 0.242731 -0.972962 0.242731 -0.648641 -0.242731 -0.891882 0.242731 -0.648641 -0.242731 -0.594588 -0.242731 -0.594588 0.242731 -0.648641 0.242731 -0.324321 -0.242731 -0.594588 0.242731 -0.324321 -0.242731 -0.297294 -0.242731 -0.297294 0.242731 -0.324321 0.242731 0 0.03015995 0.335062 0.01507991 0.16083 0.03015995 0 0.03015995 0 0.01507991 0.16083 0.01507991 -0.16083 0.03015995 0 0.01507991 -0.16083 0.03015995 -0.335062 0.03015995 -0.335062 0.01507991 -0.16083 0.01507991 -0.482489 0.03015995 -0.335062 0.01507991 -0.482489 0.03015995 -0.670124 0.03015995 -0.670124 0.01507991 -0.482489 0.01507991 -0.804149 0.03015995 -0.670124 0.01507991 -0.804149 0.03015995 -1.005186 0.03015995 -1.005186 0.01507991 -0.804149 0.01507991 -1.125808 0.03015995 -1.005186 0.01507991 -1.125808 0.03015995 -1.340248 0.03015995 -1.340248 0.01507991 -1.125808 0.01507991 -1.447467 0.03015995 -1.340248 0.01507991 -1.447467 0.03015995 -1.67531 0.03015995 -1.67531 0.01507991 -1.447467 0.01507991 -1.769127 0.03015995 -1.67531 0.01507991 -1.769127 0.03015995 -2.010371 0.03015995 -2.010371 0.01507991 -1.769127 0.01507991 -2.090786 0.03015995 -2.010371 0.01507991 -2.090786 0.03015995 -2.345433 0.03015995 -2.345433 0.01507991 -2.090786 0.01507991 -2.412446 0.03015995 -2.345433 0.01507991 -2.412446 0.03015995 -2.680495 0.03015995 -2.680495 0.01507991 -2.412446 0.01507991 -2.734105 0.03015995 -2.680495 0.01507991 -2.734105 0.03015995 -3.015557 0.03015995 -3.015557 0.01507991 -2.734105 0.01507991 -3.055765 0.03015995 -3.015557 0.01507991 -3.055765 0.03015995 -3.350619 0.03015995 -3.350619 0.01507991 -3.055765 0.01507991 -3.377424 0.03015995 -3.350619 0.01507991 -3.377424 0.03015995 -3.685681 0.03015995 -3.685681 0.01507991 -3.377424 0.01507991 -3.699083 0.03015995 -3.685681 0.01507991 -3.699083 0.03015995 -4.020743 0.03015995 -4.020743 0.01507991 -3.699083 0.01507991 -4.020743 0.03015995 4.020743 0.01507991 4.020743 0.01507991 3.699083 0.01507991 3.699083 0.01507991 4.020743 0 4.020743 0.01507991 3.699083 0 4.020743 0 3.685681 0.01507991 0.16083 0.03015995 0.335062 0.01507991 0.482489 0.01507991 0.482489 0.03015995 0.335062 0.03015995 0.670124 0.01507991 0.482489 0.03015995 0.670124 0.01507991 0.804149 0.01507991 0.804149 0.03015995 0.670124 0.03015995 1.005186 0.01507991 0.804149 0.03015995 1.005186 0.01507991 1.125808 0.01507991 1.125808 0.03015995 1.005186 0.03015995 1.340248 0.01507991 1.125808 0.03015995 1.340248 0.01507991 1.447467 0.01507991 1.447467 0.03015995 1.340248 0.03015995 1.67531 0.01507991 1.447467 0.03015995 1.67531 0.01507991 1.769127 0.01507991 1.769127 0.03015995 1.67531 0.03015995 2.010371 0.01507991 1.769127 0.03015995 2.010371 0.01507991 2.090786 0.01507991 2.090786 0.03015995 2.010371 0.03015995 2.345433 0.01507991 2.090786 0.03015995 2.345433 0.01507991 2.412446 0.01507991 2.412446 0.03015995 2.345433 0.03015995 2.680495 0.01507991 2.412446 0.03015995 2.680495 0.01507991 2.734105 0.01507991 2.734105 0.03015995 2.680495 0.03015995 3.015557 0.01507991 2.734105 0.03015995 3.015557 0.01507991 3.055765 0.01507991 3.055765 0.03015995 3.015557 0.03015995 3.350619 0.01507991 3.055765 0.03015995 3.350619 0.01507991 3.377424 0.01507991 3.377424 0.03015995 3.350619 0.03015995 3.685681 0.01507991 3.377424 0.03015995 3.685681 0.01507991 3.699083 0.01507991 3.699083 0.03015995 3.685681 0.03015995 4.020743 0 -0.335062 0.01507991 -0.16083 0 0 0 0 0.01507991 -0.16083 0.01507991 0.16083 0 0 0.01507991 0.16083 0 0.335062 0 0.335062 0.01507991 0.16083 0.01507991 0.482489 0 0.335062 0.01507991 0.482489 0 0.670124 0 0.670124 0.01507991 0.482489 0.01507991 0.804149 0 0.670124 0.01507991 0.804149 0 1.005186 0 1.005186 0.01507991 0.804149 0.01507991 1.125808 0 1.005186 0.01507991 1.125808 0 1.340248 0 1.340248 0.01507991 1.125808 0.01507991 1.447467 0 1.340248 0.01507991 1.447467 0 1.67531 0 1.67531 0.01507991 1.447467 0.01507991 1.769127 0 1.67531 0.01507991 1.769127 0 2.010371 0 2.010371 0.01507991 1.769127 0.01507991 2.090786 0 2.010371 0.01507991 2.090786 0 2.345433 0 2.345433 0.01507991 2.090786 0.01507991 2.412446 0 2.345433 0.01507991 2.412446 0 2.680495 0 2.680495 0.01507991 2.412446 0.01507991 2.734105 0 2.680495 0.01507991 2.734105 0 3.015557 0 3.015557 0.01507991 2.734105 0.01507991 3.055765 0 3.015557 0.01507991 3.055765 0 3.350619 0 3.350619 0.01507991 3.055765 0.01507991 3.377424 0 3.350619 0.01507991 3.377424 0 3.685681 0 3.685681 0.01507991 3.377424 0.01507991 3.699083 0.01507991 -0.16083 0 -0.335062 0.01507991 -0.482489 0.01507991 -0.482489 0 -0.335062 0 -0.670124 0.01507991 -0.482489 0 -0.670124 0.01507991 -0.804149 0.01507991 -0.804149 0 -0.670124 0 -1.005186 0.01507991 -0.804149 0 -1.005186 0.01507991 -1.125808 0.01507991 -1.125808 0 -1.005186 0 -1.340248 0.01507991 -1.125808 0 -1.340248 0.01507991 -1.447467 0.01507991 -1.447467 0 -1.340248 0 -1.67531 0.01507991 -1.447467 0 -1.67531 0.01507991 -1.769127 0.01507991 -1.769127 0 -1.67531 0 -2.010371 0.01507991 -1.769127 0 -2.010371 0.01507991 -2.090786 0.01507991 -2.090786 0 -2.010371 0 -2.345433 0.01507991 -2.090786 0 -2.345433 0.01507991 -2.412446 0.01507991 -2.412446 0 -2.345433 0 -2.680495 0.01507991 -2.412446 0 -2.680495 0.01507991 -2.734105 0.01507991 -2.734105 0 -2.680495 0 -3.015557 0.01507991 -2.734105 0 -3.015557 0.01507991 -3.055765 0.01507991 -3.055765 0 -3.015557 0 -3.350619 0.01507991 -3.055765 0 -3.350619 0.01507991 -3.377424 0.01507991 -3.377424 0 -3.350619 0 -3.685681 0.01507991 -3.377424 0 -3.685681 0.01507991 -3.699083 0.01507991 -3.699083 0 -3.685681 0 -4.020743 0.01507991 -3.699083 0 -4.020743 0.01507991 -4.020743 0 0.333498 -0.01939696 0.333498 0 0 0 0 -0.01939696 0.333498 -0.01939696 0 0 0 -0.01939696 0 0 -0.333498 0 -0.333498 -0.01939696 0 -0.01939696 -0.333498 0 -0.333498 -0.01939696 -0.333498 0 -0.666996 0 -0.666996 -0.01939696 -0.333498 -0.01939696 -0.666996 0 -0.666996 -0.01939696 -0.666996 0 -1.000495 0 -1.000495 -0.01939696 -0.666996 -0.01939696 -1.000495 0 -1.000495 -0.01939696 -1.000495 0 -1.333993 0 -1.333993 -0.01939696 -1.000495 -0.01939696 -1.333993 0 -1.333993 -0.01939696 -1.333993 0 -1.667491 0 -1.667491 -0.01939696 -1.333993 -0.01939696 -1.667491 0 -1.667491 -0.01939696 -1.667491 0 -2.000989 0 -2.000989 -0.01939696 -1.667491 -0.01939696 -2.000989 0 -2.000989 -0.01939696 -2.000989 0 -2.334488 0 -2.334488 -0.01939696 -2.000989 -0.01939696 -2.334488 0 -2.334488 -0.01939696 -2.334488 0 -2.667986 0 -2.667986 -0.01939696 -2.334488 -0.01939696 -2.667986 0 -2.667986 -0.01939696 -2.667986 0 -3.001484 0 -3.001484 -0.01939696 -2.667986 -0.01939696 -3.001484 0 -3.001484 -0.01939696 -3.001484 0 -3.334982 0 -3.334982 -0.01939696 -3.001484 -0.01939696 -3.334982 0 -3.334982 -0.01939696 -3.334982 0 -3.668481 0 -3.668481 -0.01939696 -3.334982 -0.01939696 -3.668481 0 -3.668481 -0.01939696 -3.668481 0 -4.001979 0 -4.001979 -0.01939696 -3.668481 -0.01939696 -4.001979 0 4.001979 -0.01939696 4.001979 0 3.668481 0 3.668481 -0.01939696 4.001979 -0.01939696 3.668481 0 3.668481 -0.01939696 3.668481 0 3.334982 0 3.334982 -0.01939696 3.668481 -0.01939696 3.334982 0 3.334982 -0.01939696 3.334982 0 3.001484 0 3.001484 -0.01939696 3.334982 -0.01939696 3.001484 0 3.001484 -0.01939696 3.001484 0 2.667986 0 2.667986 -0.01939696 3.001484 -0.01939696 2.667986 0 2.667986 -0.01939696 2.667986 0 2.334488 0 2.334488 -0.01939696 2.667986 -0.01939696 2.334488 0 2.334488 -0.01939696 2.334488 0 2.000989 0 2.000989 -0.01939696 2.334488 -0.01939696 2.000989 0 2.000989 -0.01939696 2.000989 0 1.667491 0 1.667491 -0.01939696 2.000989 -0.01939696 1.667491 0 1.667491 -0.01939696 1.667491 0 1.333993 0 1.333993 -0.01939696 1.667491 -0.01939696 1.333993 0 1.333993 -0.01939696 1.333993 0 1.000495 0 1.000495 -0.01939696 1.333993 -0.01939696 1.000495 0 1.000495 -0.01939696 1.000495 0 0.666996 0 0.666996 -0.01939696 1.000495 -0.01939696 0.666996 0 0.666996 -0.01939696 0.666996 0 0.333498 0 0.333498 -0.01939696 0.666996 -0.01939696 0.333498 -0.05819195 -0.333498 -0.03879499 -0.333498 -0.05819195 0 -0.05819195 0 -0.03879499 -0.333498 -0.03879499 0 -0.05819195 0 -0.03879499 0 -0.05819195 0.333498 -0.05819195 0.333498 -0.03879499 0 -0.03879499 0.333498 -0.05819195 0.333498 -0.03879499 0.333498 -0.05819195 0.666996 -0.05819195 0.666996 -0.03879499 0.333498 -0.03879499 0.666996 -0.05819195 0.666996 -0.03879499 0.666996 -0.05819195 1.000495 -0.05819195 1.000495 -0.03879499 0.666996 -0.03879499 1.000495 -0.05819195 1.000495 -0.03879499 1.000495 -0.05819195 1.333993 -0.05819195 1.333993 -0.03879499 1.000495 -0.03879499 1.333993 -0.05819195 1.333993 -0.03879499 1.333993 -0.05819195 1.667491 -0.05819195 1.667491 -0.03879499 1.333993 -0.03879499 1.667491 -0.05819195 1.667491 -0.03879499 1.667491 -0.05819195 2.000989 -0.05819195 2.000989 -0.03879499 1.667491 -0.03879499 2.000989 -0.05819195 2.000989 -0.03879499 2.000989 -0.05819195 2.334488 -0.05819195 2.334488 -0.03879499 2.000989 -0.03879499 2.334488 -0.05819195 2.334488 -0.03879499 2.334488 -0.05819195 2.667986 -0.05819195 2.667986 -0.03879499 2.334488 -0.03879499 2.667986 -0.05819195 2.667986 -0.03879499 2.667986 -0.05819195 3.001484 -0.05819195 3.001484 -0.03879499 2.667986 -0.03879499 3.001484 -0.05819195 3.001484 -0.03879499 3.001484 -0.05819195 3.334982 -0.05819195 3.334982 -0.03879499 3.001484 -0.03879499 3.334982 -0.05819195 3.334982 -0.03879499 3.334982 -0.05819195 3.668481 -0.05819195 3.668481 -0.03879499 3.334982 -0.03879499 3.668481 -0.05819195 3.668481 -0.03879499 3.668481 -0.05819195 4.001979 -0.05819195 4.001979 -0.03879499 3.668481 -0.03879499 4.001979 -0.05819195 -4.001979 -0.03879499 -4.001979 -0.05819195 -3.668481 -0.05819195 -3.668481 -0.03879499 -4.001979 -0.03879499 -3.668481 -0.05819195 -3.668481 -0.03879499 -3.668481 -0.05819195 -3.334982 -0.05819195 -3.334982 -0.03879499 -3.668481 -0.03879499 -3.334982 -0.05819195 -3.334982 -0.03879499 -3.334982 -0.05819195 -3.001484 -0.05819195 -3.001484 -0.03879499 -3.334982 -0.03879499 -3.001484 -0.05819195 -3.001484 -0.03879499 -3.001484 -0.05819195 -2.667986 -0.05819195 -2.667986 -0.03879499 -3.001484 -0.03879499 -2.667986 -0.05819195 -2.667986 -0.03879499 -2.667986 -0.05819195 -2.334488 -0.05819195 -2.334488 -0.03879499 -2.667986 -0.03879499 -2.334488 -0.05819195 -2.334488 -0.03879499 -2.334488 -0.05819195 -2.000989 -0.05819195 -2.000989 -0.03879499 -2.334488 -0.03879499 -2.000989 -0.05819195 -2.000989 -0.03879499 -2.000989 -0.05819195 -1.667491 -0.05819195 -1.667491 -0.03879499 -2.000989 -0.03879499 -1.667491 -0.05819195 -1.667491 -0.03879499 -1.667491 -0.05819195 -1.333993 -0.05819195 -1.333993 -0.03879499 -1.667491 -0.03879499 -1.333993 -0.05819195 -1.333993 -0.03879499 -1.333993 -0.05819195 -1.000495 -0.05819195 -1.000495 -0.03879499 -1.333993 -0.03879499 -1.000495 -0.05819195 -1.000495 -0.03879499 -1.000495 -0.05819195 -0.666996 -0.05819195 -0.666996 -0.03879499 -1.000495 -0.03879499 -0.666996 -0.05819195 -0.666996 -0.03879499 -0.666996 -0.05819195 -0.333498 -0.05819195 -0.333498 -0.03879499 -0.666996 -0.03879499 -0.333498 -0.01939696 4.001979 -0.03879499 4.001979 -0.01939696 3.668481 -0.01939696 3.668481 -0.03879499 4.001979 -0.03879499 3.668481 -0.01939696 3.668481 -0.03879499 3.668481 -0.01939696 3.334982 -0.01939696 3.334982 -0.03879499 3.668481 -0.03879499 3.334982 -0.01939696 3.334982 -0.03879499 3.334982 -0.01939696 3.001484 -0.01939696 3.001484 -0.03879499 3.334982 -0.03879499 3.001484 -0.01939696 3.001484 -0.03879499 3.001484 -0.01939696 2.667986 -0.01939696 2.667986 -0.03879499 3.001484 -0.03879499 2.667986 -0.01939696 2.667986 -0.03879499 2.667986 -0.01939696 2.334488 -0.01939696 2.334488 -0.03879499 2.667986 -0.03879499 2.334488 -0.01939696 2.334488 -0.03879499 2.334488 -0.01939696 2.000989 -0.01939696 2.000989 -0.03879499 2.334488 -0.03879499 2.000989 -0.01939696 2.000989 -0.03879499 2.000989 -0.01939696 1.667491 -0.01939696 1.667491 -0.03879499 2.000989 -0.03879499 1.667491 -0.01939696 1.667491 -0.03879499 1.667491 -0.01939696 1.333993 -0.01939696 1.333993 -0.03879499 1.667491 -0.03879499 1.333993 -0.01939696 1.333993 -0.03879499 1.333993 -0.01939696 1.000495 -0.01939696 1.000495 -0.03879499 1.333993 -0.03879499 1.000495 -0.01939696 1.000495 -0.03879499 1.000495 -0.01939696 0.666996 -0.01939696 0.666996 -0.03879499 1.000495 -0.03879499 0.666996 -0.01939696 0.666996 -0.03879499 0.666996 -0.01939696 0.333498 -0.01939696 0.333498 -0.03879499 0.666996 -0.03879499 0.333498 -0.01939696 0.333498 -0.03879499 0.333498 -0.01939696 0 -0.01939696 0 -0.03879499 0.333498 -0.03879499 0 -0.01939696 0 -0.03879499 0 -0.01939696 -0.333498 -0.01939696 -0.333498 -0.03879499 0 -0.03879499 -0.333498 -0.01939696 -0.333498 -0.03879499 -0.333498 -0.01939696 -0.666996 -0.01939696 -0.666996 -0.03879499 -0.333498 -0.03879499 -0.666996 -0.01939696 -0.666996 -0.03879499 -0.666996 -0.01939696 -1.000495 -0.01939696 -1.000495 -0.03879499 -0.666996 -0.03879499 -1.000495 -0.01939696 -1.000495 -0.03879499 -1.000495 -0.01939696 -1.333993 -0.01939696 -1.333993 -0.03879499 -1.000495 -0.03879499 -1.333993 -0.01939696 -1.333993 -0.03879499 -1.333993 -0.01939696 -1.667491 -0.01939696 -1.667491 -0.03879499 -1.333993 -0.03879499 -1.667491 -0.01939696 -1.667491 -0.03879499 -1.667491 -0.01939696 -2.000989 -0.01939696 -2.000989 -0.03879499 -1.667491 -0.03879499 -2.000989 -0.01939696 -2.000989 -0.03879499 -2.000989 -0.01939696 -2.334488 -0.01939696 -2.334488 -0.03879499 -2.000989 -0.03879499 -2.334488 -0.01939696 -2.334488 -0.03879499 -2.334488 -0.01939696 -2.667986 -0.01939696 -2.667986 -0.03879499 -2.334488 -0.03879499 -2.667986 -0.01939696 -2.667986 -0.03879499 -2.667986 -0.01939696 -3.001484 -0.01939696 -3.001484 -0.03879499 -2.667986 -0.03879499 -3.001484 -0.01939696 -3.001484 -0.03879499 -3.001484 -0.01939696 -3.334982 -0.01939696 -3.334982 -0.03879499 -3.001484 -0.03879499 -3.334982 -0.01939696 -3.334982 -0.03879499 -3.334982 -0.01939696 -3.668481 -0.01939696 -3.668481 -0.03879499 -3.334982 -0.03879499 -3.668481 -0.01939696 -3.668481 -0.03879499 -3.668481 -0.01939696 -4.001979 -0.01939696 -4.001979 -0.03879499 -3.668481 -0.03879499 -4.001979 0.109922 -0.301317 0.109922 0 -0.109922 0 -0.109922 0 0.109922 0 0.109922 0.301317 -0.109922 0 0.109922 0.301317 -0.109922 0.328709 -0.109922 0.328709 0.109922 0.301317 0.109922 0.602633 -0.109922 0.328709 0.109922 0.602633 -0.109922 0.657418 -0.109922 0.657418 0.109922 0.602633 0.109922 0.90395 -0.109922 0.657418 0.109922 0.90395 -0.109922 0.986127 -0.109922 0.986127 0.109922 0.90395 0.109922 1.205267 -0.109922 0.986127 0.109922 1.205267 -0.109922 1.314836 -0.109922 1.314836 0.109922 1.205267 0.109922 1.506583 -0.109922 1.314836 0.109922 1.506583 -0.109922 1.643545 -0.109922 1.643545 0.109922 1.506583 0.109922 1.8079 -0.109922 1.643545 0.109922 1.8079 -0.109922 1.972254 -0.109922 1.972254 0.109922 1.8079 0.109922 2.109217 -0.109922 1.972254 0.109922 2.109217 -0.109922 2.300964 -0.109922 2.300964 0.109922 2.109217 0.109922 2.410533 -0.109922 2.300964 0.109922 2.410533 -0.109922 2.629673 -0.109922 2.629673 0.109922 2.410533 0.109922 2.71185 -0.109922 2.629673 0.109922 2.71185 -0.109922 2.958382 -0.109922 2.958382 0.109922 2.71185 0.109922 3.013167 -0.109922 2.958382 0.109922 3.013167 -0.109922 3.287091 -0.109922 3.287091 0.109922 3.013167 0.109922 3.314483 -0.109922 3.287091 0.109922 3.314483 -0.109922 3.6158 -0.109922 3.6158 0.109922 3.314483 0.109922 3.6158 -0.109922 -3.6158 0.109922 -3.6158 0.109922 -3.314483 -0.109922 -3.6158 0.109922 -3.314483 -0.109922 -3.287091 -0.109922 -3.287091 0.109922 -3.314483 0.109922 -3.013167 -0.109922 -3.287091 0.109922 -3.013167 -0.109922 -2.958382 -0.109922 -2.958382 0.109922 -3.013167 0.109922 -2.71185 -0.109922 -2.958382 0.109922 -2.71185 -0.109922 -2.629673 -0.109922 -2.629673 0.109922 -2.71185 0.109922 -2.410533 -0.109922 -2.629673 0.109922 -2.410533 -0.109922 -2.300964 -0.109922 -2.300964 0.109922 -2.410533 0.109922 -2.109217 -0.109922 -2.300964 0.109922 -2.109217 -0.109922 -1.972254 -0.109922 -1.972254 0.109922 -2.109217 0.109922 -1.8079 -0.109922 -1.972254 0.109922 -1.8079 -0.109922 -1.643545 -0.109922 -1.643545 0.109922 -1.8079 0.109922 -1.506583 -0.109922 -1.643545 0.109922 -1.506583 -0.109922 -1.314836 -0.109922 -1.314836 0.109922 -1.506583 0.109922 -1.205267 -0.109922 -1.314836 0.109922 -1.205267 -0.109922 -0.986127 -0.109922 -0.986127 0.109922 -1.205267 0.109922 -0.90395 -0.109922 -0.986127 0.109922 -0.90395 -0.109922 -0.657418 -0.109922 -0.657418 0.109922 -0.90395 0.109922 -0.602633 -0.109922 -0.657418 0.109922 -0.602633 -0.109922 -0.328709 -0.109922 -0.328709 0.109922 -0.602633 0.109922 -0.301317 -0.109922 -0.328709 0.109922 -0.301317 -0.109922 0 0.183547 -0.26632 0.183547 0 -0.183547 0 -0.183547 0 0.183547 0 0.183547 0.26632 -0.183547 0 0.183547 0.26632 -0.183547 0.292952 -0.183547 0.292952 0.183547 0.26632 0.183547 0.532641 -0.183547 0.292952 0.183547 0.532641 -0.183547 0.585905 -0.183547 0.585905 0.183547 0.532641 0.183547 0.798961 -0.183547 0.585905 0.183547 0.798961 -0.183547 0.878857 -0.183547 0.878857 0.183547 0.798961 0.183547 1.065281 -0.183547 0.878857 0.183547 1.065281 -0.183547 1.171809 -0.183547 1.171809 0.183547 1.065281 0.183547 1.331601 -0.183547 1.171809 0.183547 1.331601 -0.183547 1.464762 -0.183547 1.464762 0.183547 1.331601 0.183547 1.597922 -0.183547 1.464762 0.183547 1.597922 -0.183547 1.757714 -0.183547 1.757714 0.183547 1.597922 0.183547 1.864242 -0.183547 1.757714 0.183547 1.864242 -0.183547 2.050666 -0.183547 2.050666 0.183547 1.864242 0.183547 2.130562 -0.183547 2.050666 0.183547 2.130562 -0.183547 2.343618 -0.183547 2.343618 0.183547 2.130562 0.183547 2.396883 -0.183547 2.343618 0.183547 2.396883 -0.183547 2.636571 -0.183547 2.636571 0.183547 2.396883 0.183547 2.663203 -0.183547 2.636571 0.183547 2.663203 -0.183547 2.929523 -0.183547 2.929523 0.183547 2.663203 0.183547 2.929523 -0.183547 -2.929523 0.183547 -2.929523 0.183547 -2.663203 -0.183547 -2.929523 0.183547 -2.663203 -0.183547 -2.636571 -0.183547 -2.636571 0.183547 -2.663203 0.183547 -2.396883 -0.183547 -2.636571 0.183547 -2.396883 -0.183547 -2.343618 -0.183547 -2.343618 0.183547 -2.396883 0.183547 -2.130562 -0.183547 -2.343618 0.183547 -2.130562 -0.183547 -2.050666 -0.183547 -2.050666 0.183547 -2.130562 0.183547 -1.864242 -0.183547 -2.050666 0.183547 -1.864242 -0.183547 -1.757714 -0.183547 -1.757714 0.183547 -1.864242 0.183547 -1.597922 -0.183547 -1.757714 0.183547 -1.597922 -0.183547 -1.464762 -0.183547 -1.464762 0.183547 -1.597922 0.183547 -1.331601 -0.183547 -1.464762 0.183547 -1.331601 -0.183547 -1.171809 -0.183547 -1.171809 0.183547 -1.331601 0.183547 -1.065281 -0.183547 -1.171809 0.183547 -1.065281 -0.183547 -0.878857 -0.183547 -0.878857 0.183547 -1.065281 0.183547 -0.798961 -0.183547 -0.878857 0.183547 -0.798961 -0.183547 -0.585905 -0.183547 -0.585905 0.183547 -0.798961 0.183547 -0.532641 -0.183547 -0.585905 0.183547 -0.532641 -0.183547 -0.292952 -0.183547 -0.292952 0.183547 -0.532641 0.183547 -0.26632 -0.183547 -0.292952 0.183547 -0.26632 -0.183547 0 -0.03473699 0.250633 -0.056638 0.250633 -0.03473699 0 -0.03473699 0 -0.056638 0.250633 -0.056638 0 -0.03473699 0 -0.056638 0 -0.03473699 -0.250633 -0.03473699 -0.250633 -0.056638 0 -0.056638 -0.250633 -0.03473699 -0.250633 -0.056638 -0.250633 -0.03473699 -0.501266 -0.03473699 -0.501266 -0.056638 -0.250633 -0.056638 -0.501266 -0.03473699 -0.501266 -0.056638 -0.501266 -0.03473699 -0.751898 -0.03473699 -0.751898 -0.056638 -0.501266 -0.056638 -0.751898 -0.03473699 -0.751898 -0.056638 -0.751898 -0.03473699 -1.002531 -0.03473699 -1.002531 -0.056638 -0.751898 -0.056638 -1.002531 -0.03473699 -1.002531 -0.056638 -1.002531 -0.03473699 -1.253164 -0.03473699 -1.253164 -0.056638 -1.002531 -0.056638 -1.253164 -0.03473699 -1.253164 -0.056638 -1.253164 -0.03473699 -1.503797 -0.03473699 -1.503797 -0.056638 -1.253164 -0.056638 -1.503797 -0.03473699 -1.503797 -0.056638 -1.503797 -0.03473699 -1.75443 -0.03473699 -1.75443 -0.056638 -1.503797 -0.056638 -1.75443 -0.03473699 -1.75443 -0.056638 -1.75443 -0.03473699 -2.005063 -0.03473699 -2.005063 -0.056638 -1.75443 -0.056638 -2.005063 -0.03473699 -2.005063 -0.056638 -2.005063 -0.03473699 -2.255695 -0.03473699 -2.255695 -0.056638 -2.005063 -0.056638 -2.255695 -0.03473699 -2.255695 -0.056638 -2.255695 -0.03473699 -2.506328 -0.03473699 -2.506328 -0.056638 -2.255695 -0.056638 -2.506328 -0.03473699 2.506328 -0.056638 2.506328 -0.03473699 2.255695 -0.03473699 2.255695 -0.056638 2.506328 -0.056638 2.255695 -0.03473699 2.255695 -0.056638 2.255695 -0.03473699 2.005063 -0.03473699 2.005063 -0.056638 2.255695 -0.056638 2.005063 -0.03473699 2.005063 -0.056638 2.005063 -0.03473699 1.75443 -0.03473699 1.75443 -0.056638 2.005063 -0.056638 1.75443 -0.03473699 1.75443 -0.056638 1.75443 -0.03473699 1.503797 -0.03473699 1.503797 -0.056638 1.75443 -0.056638 1.503797 -0.03473699 1.503797 -0.056638 1.503797 -0.03473699 1.253164 -0.03473699 1.253164 -0.056638 1.503797 -0.056638 1.253164 -0.03473699 1.253164 -0.056638 1.253164 -0.03473699 1.002531 -0.03473699 1.002531 -0.056638 1.253164 -0.056638 1.002531 -0.03473699 1.002531 -0.056638 1.002531 -0.03473699 0.751898 -0.03473699 0.751898 -0.056638 1.002531 -0.056638 0.751898 -0.03473699 0.751898 -0.056638 0.751898 -0.03473699 0.501266 -0.03473699 0.501266 -0.056638 0.751898 -0.056638 0.501266 -0.03473699 0.501266 -0.056638 0.501266 -0.03473699 0.250633 -0.03473699 0.250633 -0.056638 0.501266 -0.056638 0.250633 -0.07853996 -0.263824 -0.056638 -0.250633 -0.07853996 0 -0.07853996 0 -0.056638 -0.250633 -0.056638 0 -0.07853996 0 -0.056638 0 -0.056638 0.250633 -0.056638 -0.250633 -0.07853996 -0.263824 -0.056638 -0.501266 -0.056638 -0.501266 -0.07853996 -0.263824 -0.07853996 -0.527648 -0.056638 -0.501266 -0.07853996 -0.527648 -0.056638 -0.751898 -0.056638 -0.751898 -0.07853996 -0.527648 -0.07853996 -0.791472 -0.056638 -0.751898 -0.07853996 -0.791472 -0.056638 -1.002531 -0.056638 -1.002531 -0.07853996 -0.791472 -0.07853996 -1.055296 -0.056638 -1.002531 -0.07853996 -1.055296 -0.056638 -1.253164 -0.056638 -1.253164 -0.07853996 -1.055296 -0.07853996 -1.31912 -0.056638 -1.253164 -0.07853996 -1.31912 -0.056638 -1.503797 -0.056638 -1.503797 -0.07853996 -1.31912 -0.07853996 -1.582944 -0.056638 -1.503797 -0.07853996 -1.582944 -0.056638 -1.75443 -0.056638 -1.75443 -0.07853996 -1.582944 -0.07853996 -1.846768 -0.056638 -1.75443 -0.07853996 -1.846768 -0.056638 -2.005063 -0.056638 -2.005063 -0.07853996 -1.846768 -0.07853996 -2.110592 -0.056638 -2.005063 -0.07853996 -2.110592 -0.056638 -2.255695 -0.056638 -2.255695 -0.07853996 -2.110592 -0.07853996 -2.374416 -0.056638 -2.255695 -0.07853996 -2.374416 -0.056638 -2.506328 -0.056638 2.506328 -0.07853996 2.63824 -0.07853996 2.374416 -0.056638 2.506328 -0.07853996 2.374416 -0.056638 2.255695 -0.056638 2.255695 -0.07853996 2.374416 -0.07853996 2.110592 -0.056638 2.255695 -0.07853996 2.110592 -0.056638 2.005063 -0.056638 2.005063 -0.07853996 2.110592 -0.07853996 1.846768 -0.056638 2.005063 -0.07853996 1.846768 -0.056638 1.75443 -0.056638 1.75443 -0.07853996 1.846768 -0.07853996 1.582944 -0.056638 1.75443 -0.07853996 1.582944 -0.056638 1.503797 -0.056638 1.503797 -0.07853996 1.582944 -0.07853996 1.31912 -0.056638 1.503797 -0.07853996 1.31912 -0.056638 1.253164 -0.056638 1.253164 -0.07853996 1.31912 -0.07853996 1.055296 -0.056638 1.253164 -0.07853996 1.055296 -0.056638 1.002531 -0.056638 1.002531 -0.07853996 1.055296 -0.07853996 0.791472 -0.056638 1.002531 -0.07853996 0.791472 -0.056638 0.751898 -0.056638 0.751898 -0.07853996 0.791472 -0.07853996 0.527648 -0.056638 0.751898 -0.07853996 0.527648 -0.056638 0.501266 -0.056638 0.501266 -0.07853996 0.527648 -0.07853996 0.263824 -0.056638 0.501266 -0.07853996 0.263824 -0.056638 0.250633 -0.056638 0.250633 -0.07853996 0.263824 -0.07853996 0 0.284504 -0.252156 0.326581 0 0 0 0 0 0.326581 0 0.284504 0.252156 0 0 0.284504 0.252156 -0.03890496 0.183031 -0.03890496 0.183031 0.284504 0.252156 0.162832 0.476986 -0.03890496 0.183031 0.162832 0.476986 -0.148891 0.334415 -0.148891 0.334415 0.162832 0.476986 -0.02524989 0.650128 -0.148891 0.334415 -0.02524989 0.650128 -0.310942 0.427975 -0.310942 0.427975 -0.02524989 0.650128 -0.259361 0.752818 -0.310942 0.427975 -0.259361 0.752818 -0.497038 0.447535 -0.497038 0.447535 -0.259361 0.752818 -0.51413 0.773929 -0.497038 0.447535 -0.51413 0.773929 -0.761949 0.711172 -0.497038 0.447535 -0.761949 0.711172 -0.675 0.389711 -0.675 0.389711 -0.761949 0.711172 -0.975964 0.571349 -0.675 0.389711 -0.975964 0.571349 -0.814058 0.264503 -0.814058 0.264503 -0.975964 0.571349 -1.132983 0.369612 -0.814058 0.264503 -1.132983 0.369612 -0.890166 0.09355998 -0.890166 0.09355998 -1.132983 0.369612 -1.21599 0.127821 -0.890166 0.09355998 -1.21599 0.127821 -1.21599 -0.127821 -0.890166 0.09355998 -1.21599 -0.127821 -0.890166 -0.09355998 -0.890166 -0.09355998 -1.21599 -0.127821 -1.132983 -0.369612 -0.890166 -0.09355998 -1.132983 -0.369612 -0.814058 -0.264503 -0.814058 -0.264503 -1.132983 -0.369612 -0.975964 -0.571349 -0.814058 -0.264503 -0.975964 -0.571349 -0.675 -0.389711 -0.675 -0.389711 -0.975964 -0.571349 -0.761949 -0.711172 -0.675 -0.389711 -0.761949 -0.711172 -0.497038 -0.447535 -0.497038 -0.447535 -0.761949 -0.711172 -0.51413 -0.773929 -0.497038 -0.447535 -0.51413 -0.773929 -0.259361 -0.752818 -0.497038 -0.447535 -0.259361 -0.752818 -0.310942 -0.427975 -0.310942 -0.427975 -0.259361 -0.752818 -0.02524989 -0.650128 -0.310942 -0.427975 -0.02524989 -0.650128 -0.148891 -0.334415 -0.148891 -0.334415 -0.02524989 -0.650128 0.162832 -0.476986 -0.148891 -0.334415 0.162832 -0.476986 -0.03890496 -0.183031 -0.03890496 -0.183031 0.162832 -0.476986 0.284504 -0.252156 -0.03890496 -0.183031 0.284504 -0.252156 0 0 0.07499998 0.1884959 -0.07499998 0 0.07499998 0 0.07499998 0 -0.07499998 0 -0.07499998 -0.1884959 0.07499998 0 -0.07499998 -0.1884959 0.07499998 -0.1884959 0.07499998 -0.1884959 -0.07499998 -0.1884959 -0.07499998 -0.376991 0.07499998 -0.1884959 -0.07499998 -0.376991 0.07499998 -0.376991 0.07499998 -0.376991 -0.07499998 -0.376991 -0.07499998 -0.565487 0.07499998 -0.376991 -0.07499998 -0.565487 0.07499998 -0.565487 0.07499998 -0.565487 -0.07499998 -0.565487 -0.07499998 -0.753982 0.07499998 -0.565487 -0.07499998 -0.753982 0.07499998 -0.753982 0.07499998 -0.753982 -0.07499998 -0.753982 -0.07499998 -0.942478 0.07499998 -0.753982 -0.07499998 -0.942478 0.07499998 -0.942478 0.07499998 -0.942478 -0.07499998 -0.942478 -0.07499998 -1.130973 0.07499998 -0.942478 -0.07499998 -1.130973 0.07499998 -1.130973 0.07499998 -1.130973 -0.07499998 -1.130973 -0.07499998 -1.319469 0.07499998 -1.130973 -0.07499998 -1.319469 0.07499998 -1.319469 0.07499998 1.507964 -0.07499998 1.507964 -0.07499998 1.319469 0.07499998 1.507964 -0.07499998 1.319469 0.07499998 1.319469 0.07499998 1.319469 -0.07499998 1.319469 -0.07499998 1.130973 0.07499998 1.319469 -0.07499998 1.130973 0.07499998 1.130973 0.07499998 1.130973 -0.07499998 1.130973 -0.07499998 0.942478 0.07499998 1.130973 -0.07499998 0.942478 0.07499998 0.942478 0.07499998 0.942478 -0.07499998 0.942478 -0.07499998 0.753982 0.07499998 0.942478 -0.07499998 0.753982 0.07499998 0.753982 0.07499998 0.753982 -0.07499998 0.753982 -0.07499998 0.565487 0.07499998 0.753982 -0.07499998 0.565487 0.07499998 0.565487 0.07499998 0.565487 -0.07499998 0.565487 -0.07499998 0.376991 0.07499998 0.565487 -0.07499998 0.376991 0.07499998 0.376991 0.07499998 0.376991 -0.07499998 0.376991 -0.07499998 0.1884959 0.07499998 0.376991 -0.07499998 0.1884959 0.07499998 0.1884959 0.07499998 0.1884959 -0.07499998 0.1884959 -0.07499998 0 0 0.182361 -0.0261799 0.09118098 0 0 0 0 -0.0261799 0.09118098 -0.0261799 -0.09118098 0 0 -0.0261799 -0.09118098 0 -0.182361 0 -0.182361 -0.0261799 -0.09118098 -0.0261799 -0.273542 0 -0.182361 -0.0261799 -0.273542 0 -0.364722 0 -0.364722 -0.0261799 -0.273542 -0.0261799 -0.455903 0 -0.364722 -0.0261799 -0.455903 0 -0.547084 0 -0.547084 -0.0261799 -0.455903 -0.0261799 -0.638264 0 -0.547084 -0.0261799 -0.638264 0 -0.729445 0 -0.729445 -0.0261799 -0.638264 -0.0261799 -0.820625 0 -0.729445 -0.0261799 -0.820625 0 -0.911806 0 -0.911806 -0.0261799 -0.820625 -0.0261799 -1.002987 0 -0.911806 -0.0261799 -1.002987 0 -1.094167 0 -1.094167 -0.0261799 -1.002987 -0.0261799 -1.185348 0 -1.094167 -0.0261799 -1.185348 0 -1.276529 0 -1.276529 -0.0261799 -1.185348 -0.0261799 -1.367709 0 -1.276529 -0.0261799 -1.367709 0 -1.45889 0 1.276529 -0.0261799 1.367709 -0.0261799 1.185348 0 1.276529 -0.0261799 1.185348 0 1.094167 0 1.094167 -0.0261799 1.185348 -0.0261799 1.002987 0 1.094167 -0.0261799 1.002987 0 0.911806 0 0.911806 -0.0261799 1.002987 -0.0261799 0.820625 0 0.911806 -0.0261799 0.820625 0 0.729445 0 0.729445 -0.0261799 0.820625 -0.0261799 0.638264 0 0.729445 -0.0261799 0.638264 0 0.547084 0 0.547084 -0.0261799 0.638264 -0.0261799 0.455903 0 0.547084 -0.0261799 0.455903 0 0.364722 0 0.364722 -0.0261799 0.455903 -0.0261799 0.273542 0 0.364722 -0.0261799 0.273542 0 0.182361 0 0.182361 -0.0261799 0.273542 -0.0261799 0.09118098 -0.07853996 -0.195387 -0.05235993 -0.09118098 -0.07853996 0 -0.07853996 0 -0.05235993 -0.09118098 -0.05235993 0.09118098 -0.07853996 0 -0.05235993 0.09118098 -0.07853996 0.195387 -0.07853996 0.195387 -0.05235993 0.09118098 -0.05235993 0.273542 -0.07853996 0.195387 -0.05235993 0.273542 -0.07853996 0.390774 -0.07853996 0.390774 -0.05235993 0.273542 -0.05235993 0.455903 -0.07853996 0.390774 -0.05235993 0.455903 -0.07853996 0.586161 -0.07853996 0.586161 -0.05235993 0.455903 -0.05235993 0.638264 -0.07853996 0.586161 -0.05235993 0.638264 -0.07853996 0.781548 -0.07853996 0.781548 -0.05235993 0.638264 -0.05235993 0.820625 -0.07853996 0.781548 -0.05235993 0.820625 -0.07853996 0.976935 -0.07853996 0.976935 -0.05235993 0.820625 -0.05235993 1.002987 -0.07853996 0.976935 -0.05235993 1.002987 -0.07853996 1.172322 -0.07853996 1.172322 -0.05235993 1.002987 -0.05235993 1.185348 -0.07853996 1.172322 -0.05235993 1.185348 -0.07853996 1.367709 -0.07853996 1.367709 -0.05235993 1.185348 -0.05235993 1.367709 -0.07853996 -1.367709 -0.05235993 -1.367709 -0.05235993 -1.185348 -0.05235993 -1.185348 -0.05235993 -1.367709 -0.0261799 -1.367709 -0.05235993 -1.185348 -0.0261799 -1.367709 -0.0261799 -1.185348 -0.05235993 -0.09118098 -0.07853996 -0.195387 -0.05235993 -0.273542 -0.05235993 -0.273542 -0.07853996 -0.195387 -0.07853996 -0.390774 -0.05235993 -0.273542 -0.07853996 -0.390774 -0.05235993 -0.455903 -0.05235993 -0.455903 -0.07853996 -0.390774 -0.07853996 -0.586161 -0.05235993 -0.455903 -0.07853996 -0.586161 -0.05235993 -0.638264 -0.05235993 -0.638264 -0.07853996 -0.586161 -0.07853996 -0.781548 -0.05235993 -0.638264 -0.07853996 -0.781548 -0.05235993 -0.820625 -0.05235993 -0.820625 -0.07853996 -0.781548 -0.07853996 -0.976935 -0.05235993 -0.820625 -0.07853996 -0.976935 -0.05235993 -1.002987 -0.05235993 -1.002987 -0.07853996 -0.976935 -0.07853996 -1.172322 -0.05235993 -1.002987 -0.07853996 -1.172322 -0.05235993 -1.185348 -0.05235993 -1.185348 -0.07853996 -1.172322 -0.07853996 -1.367709 -0.0261799 1.367709 -0.05235993 1.367709 -0.0261799 1.185348 -0.0261799 1.185348 -0.05235993 1.367709 -0.05235993 1.185348 -0.0261799 1.185348 -0.05235993 1.185348 -0.0261799 1.002987 -0.0261799 1.002987 -0.05235993 1.185348 -0.05235993 1.002987 -0.0261799 1.002987 -0.05235993 1.002987 -0.0261799 0.820625 -0.0261799 0.820625 -0.05235993 1.002987 -0.05235993 0.820625 -0.0261799 0.820625 -0.05235993 0.820625 -0.0261799 0.638264 -0.0261799 0.638264 -0.05235993 0.820625 -0.05235993 0.638264 -0.0261799 0.638264 -0.05235993 0.638264 -0.0261799 0.455903 -0.0261799 0.455903 -0.05235993 0.638264 -0.05235993 0.455903 -0.0261799 0.455903 -0.05235993 0.455903 -0.0261799 0.273542 -0.0261799 0.273542 -0.05235993 0.455903 -0.05235993 0.273542 -0.0261799 0.273542 -0.05235993 0.273542 -0.0261799 0.09118098 -0.0261799 0.09118098 -0.05235993 0.273542 -0.05235993 0.09118098 -0.0261799 0.09118098 -0.05235993 0.09118098 -0.0261799 -0.09118098 -0.0261799 -0.09118098 -0.05235993 0.09118098 -0.05235993 -0.09118098 -0.0261799 -0.09118098 -0.05235993 -0.09118098 -0.0261799 -0.273542 -0.0261799 -0.273542 -0.05235993 -0.09118098 -0.05235993 -0.273542 -0.0261799 -0.273542 -0.05235993 -0.273542 -0.0261799 -0.455903 -0.0261799 -0.455903 -0.05235993 -0.273542 -0.05235993 -0.455903 -0.0261799 -0.455903 -0.05235993 -0.455903 -0.0261799 -0.638264 -0.0261799 -0.638264 -0.05235993 -0.455903 -0.05235993 -0.638264 -0.0261799 -0.638264 -0.05235993 -0.638264 -0.0261799 -0.820625 -0.0261799 -0.820625 -0.05235993 -0.638264 -0.05235993 -0.820625 -0.0261799 -0.820625 -0.05235993 -0.820625 -0.0261799 -1.002987 -0.0261799 -1.002987 -0.05235993 -0.820625 -0.05235993 -1.002987 -0.0261799 -1.002987 -0.05235993 -1.002987 -0.0261799 -1.185348 -0.0261799 -1.185348 -0.05235993 -1.002987 -0.05235993 -1.185348 -0.129904 0.07499998 -0.360388 0.173553 -0.15 0 -0.15 0 -0.360388 0.173553 -0.4 0 -0.15 0 -0.4 0 -0.360388 -0.173553 -0.360388 0.173553 -0.129904 0.07499998 -0.249396 0.312733 -0.249396 0.312733 -0.129904 0.07499998 -0.07499998 0.129904 -0.249396 0.312733 -0.07499998 0.129904 -0.08900797 0.389971 -0.08900797 0.389971 -0.07499998 0.129904 0 0.15 -0.08900797 0.389971 0 0.15 0.08900797 0.389971 0.08900797 0.389971 0 0.15 0.07499998 0.129904 0.08900797 0.389971 0.07499998 0.129904 0.249396 0.312733 0.249396 0.312733 0.07499998 0.129904 0.129904 0.07499998 0.249396 0.312733 0.129904 0.07499998 0.360388 0.173553 0.360388 0.173553 0.129904 0.07499998 0.15 0 0.360388 0.173553 0.15 0 0.4 0 0.4 0 0.15 0 0.360388 -0.173553 0.360388 -0.173553 0.15 0 0.129904 -0.07499998 0.360388 -0.173553 0.129904 -0.07499998 0.249396 -0.312733 0.249396 -0.312733 0.129904 -0.07499998 0.07499998 -0.129904 0.249396 -0.312733 0.07499998 -0.129904 0.08900797 -0.389971 0.08900797 -0.389971 0.07499998 -0.129904 0 -0.15 0.08900797 -0.389971 0 -0.15 -0.08900797 -0.389971 -0.08900797 -0.389971 0 -0.15 -0.07499998 -0.129904 -0.08900797 -0.389971 -0.07499998 -0.129904 -0.249396 -0.312733 -0.249396 -0.312733 -0.07499998 -0.129904 -0.129904 -0.07499998 -0.249396 -0.312733 -0.129904 -0.07499998 -0.360388 -0.173553 -0.360388 -0.173553 -0.129904 -0.07499998 -0.15 0 1.079904 -0.07499998 1.889389 -0.1415899 1.1 0 1.1 0 1.889389 -0.1415899 1.889389 0.1415899 1.1 0 1.889389 0.1415899 1.079904 0.07499998 1.079904 0.07499998 1.889389 0.1415899 1.80592 0.41219 1.079904 0.07499998 1.80592 0.41219 1.646399 0.646164 1.025 -0.129904 1.646399 -0.646164 1.079904 -0.07499998 1.079904 -0.07499998 1.646399 -0.646164 1.80592 -0.41219 1.079904 -0.07499998 1.80592 -0.41219 1.889389 -0.1415899 0.95 -0.15 1.161395 -0.926182 1.025 -0.129904 1.025 -0.129904 1.161395 -0.926182 1.425 -0.822724 1.025 -0.129904 1.425 -0.822724 1.646399 -0.646164 0.8750001 -0.129904 0.602926 -0.88433 0.95 -0.15 0.95 -0.15 0.602926 -0.88433 0.879006 -0.947344 0.95 -0.15 0.879006 -0.947344 1.161395 -0.926182 0.602926 -0.88433 0.8750001 -0.129904 0.357685 -0.74274 0.357685 -0.74274 0.8750001 -0.129904 0.820096 -0.07499998 0.357685 -0.74274 0.820096 -0.07499998 0.165073 -0.535154 0.165073 -0.535154 0.820096 -0.07499998 0.04220592 -0.280017 0.04220592 -0.280017 0.820096 -0.07499998 0.8 0 0.04220592 -0.280017 0.8 0 0 0 0 0 0.8 0 0.04220592 0.280017 0.04220592 0.280017 0.8 0 0.820096 0.07499998 0.04220592 0.280017 0.820096 0.07499998 0.165073 0.535154 0.165073 0.535154 0.820096 0.07499998 0.357685 0.74274 0.357685 0.74274 0.820096 0.07499998 0.8750001 0.129904 0.357685 0.74274 0.8750001 0.129904 0.602926 0.88433 0.602926 0.88433 0.8750001 0.129904 0.95 0.15 0.602926 0.88433 0.95 0.15 0.879006 0.947344 0.879006 0.947344 0.95 0.15 1.161395 0.926182 1.161395 0.926182 0.95 0.15 1.025 0.129904 1.161395 0.926182 1.025 0.129904 1.425 0.822724 1.425 0.822724 1.025 0.129904 1.646399 0.646164 1.646399 0.646164 1.025 0.129904 1.079904 0.07499998 0.07853996 0.294818 0.05235993 0.147409 0.07853996 0 0.07853996 0 0.05235993 0.147409 0.05235993 -0.147409 0.07853996 0 0.05235993 -0.147409 0.07853996 -0.294818 0.07853996 -0.294818 0.05235993 -0.147409 0.05235993 -0.442226 0.07853996 -0.294818 0.05235993 -0.442226 0.07853996 -0.589635 0.07853996 -0.589635 0.05235993 -0.442226 0.05235993 -0.737044 0.07853996 -0.589635 0.05235993 -0.737044 0.07853996 -0.884453 0.07853996 -0.884453 0.05235993 -0.737044 0.05235993 -1.031862 0.07853996 -0.884453 0.05235993 -1.031862 0.07853996 -1.179271 0.07853996 -1.179271 0.05235993 -1.031862 0.05235993 -1.326679 0.07853996 -1.179271 0.05235993 -1.326679 0.07853996 -1.474088 0.07853996 -1.474088 0.05235993 -1.326679 0.05235993 -1.621497 0.07853996 -1.474088 0.05235993 -1.621497 0.07853996 -1.768906 0.07853996 -1.768906 0.05235993 -1.621497 0.05235993 -1.916315 0.07853996 -1.768906 0.05235993 -1.916315 0.07853996 -2.063723 0.07853996 -2.063723 0.05235993 -1.916315 0.05235993 -2.211132 0.07853996 -2.063723 0.05235993 -2.211132 0.07853996 -2.358541 0.07853996 -2.358541 0.05235993 -2.211132 0.05235993 -2.50595 0.07853996 -2.358541 0.05235993 -2.50595 0.07853996 -2.653359 0.07853996 -2.653359 0.05235993 -2.50595 0.05235993 -2.800768 0.07853996 -2.653359 0.05235993 -2.800768 0.07853996 -2.948176 0.07853996 -2.948176 0.05235993 -2.800768 0.05235993 -3.095585 0.07853996 -2.948176 0.05235993 -3.095585 0.07853996 -3.242994 0.07853996 2.948176 0.05235993 3.095585 0.05235993 2.800768 0.07853996 2.948176 0.05235993 2.800768 0.07853996 2.653359 0.07853996 2.653359 0.05235993 2.800768 0.05235993 2.50595 0.07853996 2.653359 0.05235993 2.50595 0.07853996 2.358541 0.07853996 2.358541 0.05235993 2.50595 0.05235993 2.211132 0.07853996 2.358541 0.05235993 2.211132 0.07853996 2.063723 0.07853996 2.063723 0.05235993 2.211132 0.05235993 1.916315 0.07853996 2.063723 0.05235993 1.916315 0.07853996 1.768906 0.07853996 1.768906 0.05235993 1.916315 0.05235993 1.621497 0.07853996 1.768906 0.05235993 1.621497 0.07853996 1.474088 0.07853996 1.474088 0.05235993 1.621497 0.05235993 1.326679 0.07853996 1.474088 0.05235993 1.326679 0.07853996 1.179271 0.07853996 1.179271 0.05235993 1.326679 0.05235993 1.031862 0.07853996 1.179271 0.05235993 1.031862 0.07853996 0.884453 0.07853996 0.884453 0.05235993 1.031862 0.05235993 0.737044 0.07853996 0.884453 0.05235993 0.737044 0.07853996 0.589635 0.07853996 0.589635 0.05235993 0.737044 0.05235993 0.442226 0.07853996 0.589635 0.05235993 0.442226 0.07853996 0.294818 0.07853996 0.294818 0.05235993 0.442226 0.05235993 0.147409 0 -0.281417 0.0261799 -0.147409 0 0 0 0 0.0261799 -0.147409 0.0261799 0.147409 0 0 0.0261799 0.147409 0 0.281417 0 0.281417 0.0261799 0.147409 0.0261799 0.442226 0 0.281417 0.0261799 0.442226 0 0.562834 0 0.562834 0.0261799 0.442226 0.0261799 0.737044 0 0.562834 0.0261799 0.737044 0 0.84425 0 0.84425 0.0261799 0.737044 0.0261799 1.031862 0 0.84425 0.0261799 1.031862 0 1.125667 0 1.125667 0.0261799 1.031862 0.0261799 1.326679 0 1.125667 0.0261799 1.326679 0 1.407084 0 1.407084 0.0261799 1.326679 0.0261799 1.621497 0 1.407084 0.0261799 1.621497 0 1.688501 0 1.688501 0.0261799 1.621497 0.0261799 1.916315 0 1.688501 0.0261799 1.916315 0 1.969918 0 1.969918 0.0261799 1.916315 0.0261799 2.211132 0 1.969918 0.0261799 2.211132 0 2.251335 0 2.251335 0.0261799 2.211132 0.0261799 2.50595 0 2.251335 0.0261799 2.50595 0 2.532751 0 2.532751 0.0261799 2.50595 0.0261799 2.800768 0 2.532751 0.0261799 2.800768 0 2.814168 0 2.814168 0.0261799 2.800768 0.0261799 3.095585 0 2.814168 0.0261799 3.095585 0 3.095585 0 -3.095585 0.0261799 -3.095585 0 -2.814168 0 -2.814168 0.0261799 -3.095585 0.0261799 -2.800768 0 -2.814168 0.0261799 -2.800768 0 -2.532751 0 -2.532751 0.0261799 -2.800768 0.0261799 -2.50595 0 -2.532751 0.0261799 -2.50595 0 -2.251335 0 -2.251335 0.0261799 -2.50595 0.0261799 -2.211132 0 -2.251335 0.0261799 -2.211132 0 -1.969918 0 -1.969918 0.0261799 -2.211132 0.0261799 -1.916315 0 -1.969918 0.0261799 -1.916315 0 -1.688501 0 -1.688501 0.0261799 -1.916315 0.0261799 -1.621497 0 -1.688501 0.0261799 -1.621497 0 -1.407084 0 -1.407084 0.0261799 -1.621497 0.0261799 -1.326679 0 -1.407084 0.0261799 -1.326679 0 -1.125667 0 -1.125667 0.0261799 -1.326679 0.0261799 -1.031862 0 -1.125667 0.0261799 -1.031862 0 -0.84425 0 -0.84425 0.0261799 -1.031862 0.0261799 -0.737044 0 -0.84425 0.0261799 -0.737044 0 -0.562834 0 -0.562834 0.0261799 -0.737044 0.0261799 -0.442226 0 -0.562834 0.0261799 -0.442226 0 -0.281417 0 -0.281417 0.0261799 -0.442226 0.0261799 -0.147409 0.05235993 3.095585 0.0261799 3.095585 0.05235993 2.800768 0.05235993 2.800768 0.0261799 3.095585 0.0261799 2.800768 0.05235993 2.800768 0.0261799 2.800768 0.05235993 2.50595 0.05235993 2.50595 0.0261799 2.800768 0.0261799 2.50595 0.05235993 2.50595 0.0261799 2.50595 0.05235993 2.211132 0.05235993 2.211132 0.0261799 2.50595 0.0261799 2.211132 0.05235993 2.211132 0.0261799 2.211132 0.05235993 1.916315 0.05235993 1.916315 0.0261799 2.211132 0.0261799 1.916315 0.05235993 1.916315 0.0261799 1.916315 0.05235993 1.621497 0.05235993 1.621497 0.0261799 1.916315 0.0261799 1.621497 0.05235993 1.621497 0.0261799 1.621497 0.05235993 1.326679 0.05235993 1.326679 0.0261799 1.621497 0.0261799 1.326679 0.05235993 1.326679 0.0261799 1.326679 0.05235993 1.031862 0.05235993 1.031862 0.0261799 1.326679 0.0261799 1.031862 0.05235993 1.031862 0.0261799 1.031862 0.05235993 0.737044 0.05235993 0.737044 0.0261799 1.031862 0.0261799 0.737044 0.05235993 0.737044 0.0261799 0.737044 0.05235993 0.442226 0.05235993 0.442226 0.0261799 0.737044 0.0261799 0.442226 0.05235993 0.442226 0.0261799 0.442226 0.05235993 0.147409 0.05235993 0.147409 0.0261799 0.442226 0.0261799 0.147409 0.05235993 0.147409 0.0261799 0.147409 0.05235993 -0.147409 0.05235993 -0.147409 0.0261799 0.147409 0.0261799 -0.147409 0.05235993 -0.147409 0.0261799 -0.147409 0.05235993 -0.442226 0.05235993 -0.442226 0.0261799 -0.147409 0.0261799 -0.442226 0.05235993 -0.442226 0.0261799 -0.442226 0.05235993 -0.737044 0.05235993 -0.737044 0.0261799 -0.442226 0.0261799 -0.737044 0.05235993 -0.737044 0.0261799 -0.737044 0.05235993 -1.031862 0.05235993 -1.031862 0.0261799 -0.737044 0.0261799 -1.031862 0.05235993 -1.031862 0.0261799 -1.031862 0.05235993 -1.326679 0.05235993 -1.326679 0.0261799 -1.031862 0.0261799 -1.326679 0.05235993 -1.326679 0.0261799 -1.326679 0.05235993 -1.621497 0.05235993 -1.621497 0.0261799 -1.326679 0.0261799 -1.621497 0.05235993 -1.621497 0.0261799 -1.621497 0.05235993 -1.916315 0.05235993 -1.916315 0.0261799 -1.621497 0.0261799 -1.916315 0.05235993 -1.916315 0.0261799 -1.916315 0.05235993 -2.211132 0.05235993 -2.211132 0.0261799 -1.916315 0.0261799 -2.211132 0.05235993 -2.211132 0.0261799 -2.211132 0.05235993 -2.50595 0.05235993 -2.50595 0.0261799 -2.211132 0.0261799 -2.50595 0.05235993 -2.50595 0.0261799 -2.50595 0.05235993 -2.800768 0.05235993 -2.800768 0.0261799 -2.50595 0.0261799 -2.800768 0.05235993 -2.800768 0.0261799 -2.800768 0.05235993 -3.095585 0.05235993 -3.095585 0.0261799 -2.800768 0.0261799 -3.095585 0.160903 0.285599 -0.160903 0 0.160903 0 0.160903 0 -0.160903 0 -0.160903 -0.285599 0.160903 0 -0.160903 -0.285599 0.160903 -0.285599 0.160903 -0.285599 -0.160903 -0.285599 -0.160903 -0.571199 0.160903 -0.285599 -0.160903 -0.571199 0.160903 -0.571199 0.160903 -0.571199 -0.160903 -0.571199 -0.160903 -0.856798 0.160903 -0.571199 -0.160903 -0.856798 0.160903 -0.856798 0.160903 -0.856798 -0.160903 -0.856798 -0.160903 -1.142397 0.160903 -0.856798 -0.160903 -1.142397 0.160903 -1.142397 0.160903 -1.142397 -0.160903 -1.142397 -0.160903 -1.427997 0.160903 -1.142397 -0.160903 -1.427997 0.160903 -1.427997 0.160903 -1.427997 -0.160903 -1.427997 -0.160903 -1.713596 0.160903 -1.427997 -0.160903 -1.713596 0.160903 -1.713596 0.160903 -1.713596 -0.160903 -1.713596 -0.160903 -1.999195 0.160903 -1.713596 -0.160903 -1.999195 0.160903 -1.999195 0.160903 -1.999195 -0.160903 -1.999195 -0.160903 -2.284795 0.160903 -1.999195 -0.160903 -2.284795 0.160903 -2.284795 0.160903 -2.284795 -0.160903 -2.284795 -0.160903 -2.570394 0.160903 -2.284795 -0.160903 -2.570394 0.160903 -2.570394 0.160903 -2.570394 -0.160903 -2.570394 -0.160903 -2.855993 0.160903 -2.570394 -0.160903 -2.855993 0.160903 -2.855993 0.160903 -2.855993 -0.160903 -2.855993 0.160903 -3.141593 0.160903 -3.141593 -0.160903 -2.855993 -0.160903 -3.141593 0.160903 3.141593 -0.160903 3.141593 0.160903 2.855993 0.160903 2.855993 -0.160903 3.141593 -0.160903 2.855993 0.160903 2.855993 -0.160903 2.855993 -0.160903 2.570394 -0.160903 0 0.160903 0.285599 -0.160903 0.285599 -0.160903 0.285599 0.160903 0.285599 0.160903 0.571199 -0.160903 0.285599 0.160903 0.571199 -0.160903 0.571199 -0.160903 0.571199 0.160903 0.571199 0.160903 0.856798 -0.160903 0.571199 0.160903 0.856798 -0.160903 0.856798 -0.160903 0.856798 0.160903 0.856798 0.160903 1.142397 -0.160903 0.856798 0.160903 1.142397 -0.160903 1.142397 -0.160903 1.142397 0.160903 1.142397 0.160903 1.427997 -0.160903 1.142397 0.160903 1.427997 -0.160903 1.427997 -0.160903 1.427997 0.160903 1.427997 0.160903 1.713596 -0.160903 1.427997 0.160903 1.713596 -0.160903 1.713596 -0.160903 1.713596 0.160903 1.713596 0.160903 1.999195 -0.160903 1.713596 0.160903 1.999195 -0.160903 1.999195 -0.160903 1.999195 0.160903 1.999195 0.160903 2.284795 -0.160903 1.999195 0.160903 2.284795 -0.160903 2.284795 -0.160903 2.284795 0.160903 2.284795 0.160903 2.570394 -0.160903 2.284795 0.160903 2.570394 -0.160903 2.570394 -0.160903 2.570394 0.160903 2.570394 0.160903 2.855993 0 0.281417 -0.0261799 0.147409 0 0 0 0 -0.0261799 0.147409 -0.0261799 -0.147409 0 0 -0.0261799 -0.147409 0 -0.281417 0 -0.281417 -0.0261799 -0.147409 -0.0261799 -0.442226 0 -0.281417 -0.0261799 -0.442226 0 -0.562834 0 -0.562834 -0.0261799 -0.442226 -0.0261799 -0.737044 0 -0.562834 -0.0261799 -0.737044 0 -0.84425 0 -0.84425 -0.0261799 -0.737044 -0.0261799 -1.031862 0 -0.84425 -0.0261799 -1.031862 0 -1.125667 0 -1.125667 -0.0261799 -1.031862 -0.0261799 -1.326679 0 -1.125667 -0.0261799 -1.326679 0 -1.407084 0 -1.407084 -0.0261799 -1.326679 -0.0261799 -1.621497 0 -1.407084 -0.0261799 -1.621497 0 -1.688501 0 -1.688501 -0.0261799 -1.621497 -0.0261799 -1.916315 0 -1.688501 -0.0261799 -1.916315 0 -1.969918 0 -1.969918 -0.0261799 -1.916315 -0.0261799 -2.211132 0 -1.969918 -0.0261799 -2.211132 0 -2.251335 0 -2.251335 -0.0261799 -2.211132 -0.0261799 -2.50595 0 -2.251335 -0.0261799 -2.50595 0 -2.532751 0 -2.532751 -0.0261799 -2.50595 -0.0261799 -2.800768 0 -2.532751 -0.0261799 -2.800768 0 -2.814168 0 -2.814168 -0.0261799 -2.800768 -0.0261799 -3.095585 0 -2.814168 -0.0261799 -3.095585 0 -3.095585 0 3.095585 -0.0261799 3.095585 0 2.814168 0 2.814168 -0.0261799 3.095585 -0.0261799 2.800768 0 2.814168 -0.0261799 2.800768 0 2.532751 0 2.532751 -0.0261799 2.800768 -0.0261799 2.50595 0 2.532751 -0.0261799 2.50595 0 2.251335 0 2.251335 -0.0261799 2.50595 -0.0261799 2.211132 0 2.251335 -0.0261799 2.211132 0 1.969918 0 1.969918 -0.0261799 2.211132 -0.0261799 1.916315 0 1.969918 -0.0261799 1.916315 0 1.688501 0 1.688501 -0.0261799 1.916315 -0.0261799 1.621497 0 1.688501 -0.0261799 1.621497 0 1.407084 0 1.407084 -0.0261799 1.621497 -0.0261799 1.326679 0 1.407084 -0.0261799 1.326679 0 1.125667 0 1.125667 -0.0261799 1.326679 -0.0261799 1.031862 0 1.125667 -0.0261799 1.031862 0 0.84425 0 0.84425 -0.0261799 1.031862 -0.0261799 0.737044 0 0.84425 -0.0261799 0.737044 0 0.562834 0 0.562834 -0.0261799 0.737044 -0.0261799 0.442226 0 0.562834 -0.0261799 0.442226 0 0.281417 0 0.281417 -0.0261799 0.442226 -0.0261799 0.147409 -0.07853996 -0.294818 -0.05235993 -0.147409 -0.07853996 0 -0.07853996 0 -0.05235993 -0.147409 -0.05235993 0.147409 -0.07853996 0 -0.05235993 0.147409 -0.07853996 0.294818 -0.07853996 0.294818 -0.05235993 0.147409 -0.05235993 0.442226 -0.07853996 0.294818 -0.05235993 0.442226 -0.07853996 0.589635 -0.07853996 0.589635 -0.05235993 0.442226 -0.05235993 0.737044 -0.07853996 0.589635 -0.05235993 0.737044 -0.07853996 0.884453 -0.07853996 0.884453 -0.05235993 0.737044 -0.05235993 1.031862 -0.07853996 0.884453 -0.05235993 1.031862 -0.07853996 1.179271 -0.07853996 1.179271 -0.05235993 1.031862 -0.05235993 1.326679 -0.07853996 1.179271 -0.05235993 1.326679 -0.07853996 1.474088 -0.07853996 1.474088 -0.05235993 1.326679 -0.05235993 1.621497 -0.07853996 1.474088 -0.05235993 1.621497 -0.07853996 1.768906 -0.07853996 1.768906 -0.05235993 1.621497 -0.05235993 1.916315 -0.07853996 1.768906 -0.05235993 1.916315 -0.07853996 2.063723 -0.07853996 2.063723 -0.05235993 1.916315 -0.05235993 2.211132 -0.07853996 2.063723 -0.05235993 2.211132 -0.07853996 2.358541 -0.07853996 2.358541 -0.05235993 2.211132 -0.05235993 2.50595 -0.07853996 2.358541 -0.05235993 2.50595 -0.07853996 2.653359 -0.07853996 2.653359 -0.05235993 2.50595 -0.05235993 2.800768 -0.07853996 2.653359 -0.05235993 2.800768 -0.07853996 2.948176 -0.07853996 2.948176 -0.05235993 2.800768 -0.05235993 3.095585 -0.07853996 2.948176 -0.05235993 3.095585 -0.07853996 3.242994 -0.07853996 -2.948176 -0.05235993 -3.095585 -0.05235993 -2.800768 -0.07853996 -2.948176 -0.05235993 -2.800768 -0.07853996 -2.653359 -0.07853996 -2.653359 -0.05235993 -2.800768 -0.05235993 -2.50595 -0.07853996 -2.653359 -0.05235993 -2.50595 -0.07853996 -2.358541 -0.07853996 -2.358541 -0.05235993 -2.50595 -0.05235993 -2.211132 -0.07853996 -2.358541 -0.05235993 -2.211132 -0.07853996 -2.063723 -0.07853996 -2.063723 -0.05235993 -2.211132 -0.05235993 -1.916315 -0.07853996 -2.063723 -0.05235993 -1.916315 -0.07853996 -1.768906 -0.07853996 -1.768906 -0.05235993 -1.916315 -0.05235993 -1.621497 -0.07853996 -1.768906 -0.05235993 -1.621497 -0.07853996 -1.474088 -0.07853996 -1.474088 -0.05235993 -1.621497 -0.05235993 -1.326679 -0.07853996 -1.474088 -0.05235993 -1.326679 -0.07853996 -1.179271 -0.07853996 -1.179271 -0.05235993 -1.326679 -0.05235993 -1.031862 -0.07853996 -1.179271 -0.05235993 -1.031862 -0.07853996 -0.884453 -0.07853996 -0.884453 -0.05235993 -1.031862 -0.05235993 -0.737044 -0.07853996 -0.884453 -0.05235993 -0.737044 -0.07853996 -0.589635 -0.07853996 -0.589635 -0.05235993 -0.737044 -0.05235993 -0.442226 -0.07853996 -0.589635 -0.05235993 -0.442226 -0.07853996 -0.294818 -0.07853996 -0.294818 -0.05235993 -0.442226 -0.05235993 -0.147409 -0.0261799 3.095585 -0.05235993 3.095585 -0.0261799 2.800768 -0.0261799 2.800768 -0.05235993 3.095585 -0.05235993 2.800768 -0.0261799 2.800768 -0.05235993 2.800768 -0.0261799 2.50595 -0.0261799 2.50595 -0.05235993 2.800768 -0.05235993 2.50595 -0.0261799 2.50595 -0.05235993 2.50595 -0.0261799 2.211132 -0.0261799 2.211132 -0.05235993 2.50595 -0.05235993 2.211132 -0.0261799 2.211132 -0.05235993 2.211132 -0.0261799 1.916315 -0.0261799 1.916315 -0.05235993 2.211132 -0.05235993 1.916315 -0.0261799 1.916315 -0.05235993 1.916315 -0.0261799 1.621497 -0.0261799 1.621497 -0.05235993 1.916315 -0.05235993 1.621497 -0.0261799 1.621497 -0.05235993 1.621497 -0.0261799 1.326679 -0.0261799 1.326679 -0.05235993 1.621497 -0.05235993 1.326679 -0.0261799 1.326679 -0.05235993 1.326679 -0.0261799 1.031862 -0.0261799 1.031862 -0.05235993 1.326679 -0.05235993 1.031862 -0.0261799 1.031862 -0.05235993 1.031862 -0.0261799 0.737044 -0.0261799 0.737044 -0.05235993 1.031862 -0.05235993 0.737044 -0.0261799 0.737044 -0.05235993 0.737044 -0.0261799 0.442226 -0.0261799 0.442226 -0.05235993 0.737044 -0.05235993 0.442226 -0.0261799 0.442226 -0.05235993 0.442226 -0.0261799 0.147409 -0.0261799 0.147409 -0.05235993 0.442226 -0.05235993 0.147409 -0.0261799 0.147409 -0.05235993 0.147409 -0.0261799 -0.147409 -0.0261799 -0.147409 -0.05235993 0.147409 -0.05235993 -0.147409 -0.0261799 -0.147409 -0.05235993 -0.147409 -0.0261799 -0.442226 -0.0261799 -0.442226 -0.05235993 -0.147409 -0.05235993 -0.442226 -0.0261799 -0.442226 -0.05235993 -0.442226 -0.0261799 -0.737044 -0.0261799 -0.737044 -0.05235993 -0.442226 -0.05235993 -0.737044 -0.0261799 -0.737044 -0.05235993 -0.737044 -0.0261799 -1.031862 -0.0261799 -1.031862 -0.05235993 -0.737044 -0.05235993 -1.031862 -0.0261799 -1.031862 -0.05235993 -1.031862 -0.0261799 -1.326679 -0.0261799 -1.326679 -0.05235993 -1.031862 -0.05235993 -1.326679 -0.0261799 -1.326679 -0.05235993 -1.326679 -0.0261799 -1.621497 -0.0261799 -1.621497 -0.05235993 -1.326679 -0.05235993 -1.621497 -0.0261799 -1.621497 -0.05235993 -1.621497 -0.0261799 -1.916315 -0.0261799 -1.916315 -0.05235993 -1.621497 -0.05235993 -1.916315 -0.0261799 -1.916315 -0.05235993 -1.916315 -0.0261799 -2.211132 -0.0261799 -2.211132 -0.05235993 -1.916315 -0.05235993 -2.211132 -0.0261799 -2.211132 -0.05235993 -2.211132 -0.0261799 -2.50595 -0.0261799 -2.50595 -0.05235993 -2.211132 -0.05235993 -2.50595 -0.0261799 -2.50595 -0.05235993 -2.50595 -0.0261799 -2.800768 -0.0261799 -2.800768 -0.05235993 -2.50595 -0.05235993 -2.800768 -0.0261799 -2.800768 -0.05235993 -2.800768 -0.0261799 -3.095585 -0.0261799 -3.095585 -0.05235993 -2.800768 -0.05235993 -3.095585 0.769456 0.335653 -0.769456 0.335653 0.769456 0 0.769456 0 -0.769456 0.335653 -0.769456 0 0.769456 0 -0.769456 0 0.769456 -0.335653 0.769456 -0.335653 -0.769456 0 -0.769456 -0.335653 0.769456 -0.335653 -0.769456 -0.335653 0.769456 -0.671306 0.769456 -0.671306 -0.769456 -0.335653 -0.769456 -0.671306 0.769456 -0.671306 -0.769456 -0.671306 0.769456 -1.006958 0.769456 -1.006958 -0.769456 -0.671306 -0.769456 -1.006958 0.769456 -1.006958 -0.769456 -1.006958 0.769456 -1.342611 0.769456 -1.342611 -0.769456 -1.006958 -0.769456 -1.342611 0.769456 -1.342611 -0.769456 -1.342611 0.769456 -1.678264 0.769456 -1.678264 -0.769456 -1.342611 -0.769456 -1.678264 0.769456 -1.678264 -0.769456 -1.678264 0.769456 -2.013917 0.769456 -2.013917 -0.769456 -1.678264 -0.769456 -2.013917 0.769456 -2.013917 -0.769456 -2.013917 0.769456 -2.349569 0.769456 -2.349569 -0.769456 -2.013917 -0.769456 -2.349569 0.769456 -2.349569 -0.769456 -2.349569 0.769456 -2.685222 0.769456 -2.685222 -0.769456 -2.349569 -0.769456 -2.685222 0.769456 -2.685222 -0.769456 -2.685222 0.769456 -3.020875 0.769456 -3.020875 -0.769456 -2.685222 -0.769456 -3.020875 0.769456 -3.020875 -0.769456 -3.020875 0.769456 -3.356528 0.769456 -3.356528 -0.769456 -3.020875 -0.769456 -3.356528 0.769456 -3.356528 -0.769456 -3.356528 0.769456 -3.69218 0.769456 -3.69218 -0.769456 -3.356528 -0.769456 -3.69218 0.769456 -3.69218 -0.769456 -3.69218 0.769456 -4.027833 0.769456 -4.027833 -0.769456 -3.69218 -0.769456 -4.027833 0.769456 4.027833 -0.769456 4.027833 0.769456 3.69218 0.769456 3.69218 -0.769456 4.027833 -0.769456 3.69218 0.769456 3.69218 -0.769456 3.69218 0.769456 3.356528 0.769456 3.356528 -0.769456 3.69218 -0.769456 3.356528 0.769456 3.356528 -0.769456 3.356528 0.769456 3.020875 0.769456 3.020875 -0.769456 3.356528 -0.769456 3.020875 0.769456 3.020875 -0.769456 3.020875 0.769456 2.685222 0.769456 2.685222 -0.769456 3.020875 -0.769456 2.685222 0.769456 2.685222 -0.769456 2.685222 0.769456 2.349569 0.769456 2.349569 -0.769456 2.685222 -0.769456 2.349569 0.769456 2.349569 -0.769456 2.349569 0.769456 2.013917 0.769456 2.013917 -0.769456 2.349569 -0.769456 2.013917 0.769456 2.013917 -0.769456 2.013917 0.769456 1.678264 0.769456 1.678264 -0.769456 2.013917 -0.769456 1.678264 0.769456 1.678264 -0.769456 1.678264 0.769456 1.342611 0.769456 1.342611 -0.769456 1.678264 -0.769456 1.342611 0.769456 1.342611 -0.769456 1.342611 0.769456 1.006958 0.769456 1.006958 -0.769456 1.342611 -0.769456 1.006958 0.769456 1.006958 -0.769456 1.006958 0.769456 0.671306 0.769456 0.671306 -0.769456 1.006958 -0.769456 0.671306 0.769456 0.671306 -0.769456 0.671306 0.769456 0.335653 0.769456 0.335653 -0.769456 0.671306 -0.769456 0.335653 0.1 -0.261799 0 -0.261799 0.1 -0.314159 0.1 -0.314159 0 -0.261799 0 -0.314159 0.1 0.314159 0 0.314159 0.1 0.261799 0.1 0.261799 0 0.314159 0 0.261799 0.1 0.261799 0 0.261799 0.1 0.2094399 0.1 0.2094399 0 0.261799 0 0.2094399 0.1 0.2094399 0 0.2094399 0.1 0.1570799 0.1 0.1570799 0 0.2094399 0 0.1570799 0.1 0.1570799 0 0.1570799 0.1 0.1047199 0.1 0.1047199 0 0.1570799 0 0.1047199 0.1 0.1047199 0 0.1047199 0.1 0.05235993 0.1 0.05235993 0 0.1047199 0 0.05235993 0.1 0.05235993 0 0.05235993 0.1 0 0.1 0 0 0.05235993 0 0 0.1 0 0 0 0.1 -0.05235993 0.1 -0.05235993 0 0 0 -0.05235993 0.1 -0.05235993 0 -0.05235993 0.1 -0.1047199 0.1 -0.1047199 0 -0.05235993 0 -0.1047199 0.1 -0.1047199 0 -0.1047199 0.1 -0.1570799 0.1 -0.1570799 0 -0.1047199 0 -0.1570799 0.1 -0.1570799 0 -0.1570799 0.1 -0.2094399 0.1 -0.2094399 0 -0.1570799 0 -0.2094399 0.1 -0.2094399 0 -0.2094399 0.1 -0.261799 0.1 -0.261799 0 -0.2094399 0 -0.261799 0.08660298 0.04999995 -0.08660298 0.04999995 0.1 0 0.1 0 -0.08660298 0.04999995 -0.1 0 0.1 0 -0.1 0 0.08660298 -0.04999995 0.08660298 -0.04999995 -0.1 0 -0.08660298 -0.04999995 0.08660298 -0.04999995 -0.08660298 -0.04999995 0.04999995 -0.08660298 0.04999995 -0.08660298 -0.08660298 -0.04999995 -0.04999995 -0.08660298 0.04999995 -0.08660298 -0.04999995 -0.08660298 0 -0.1 -0.08660298 0.04999995 0.08660298 0.04999995 -0.04999995 0.08660298 -0.04999995 0.08660298 0.08660298 0.04999995 0.04999995 0.08660298 -0.04999995 0.08660298 0.04999995 0.08660298 0 0.1 0.959493 0.281733 -0.959493 0.281733 1 0 1 0 -0.959493 0.281733 -1 0 1 0 -1 0 0.959493 -0.281733 0.959493 -0.281733 -1 0 -0.959493 -0.281733 0.959493 -0.281733 -0.959493 -0.281733 0.841254 -0.540641 0.841254 -0.540641 -0.959493 -0.281733 -0.841254 -0.540641 0.841254 -0.540641 -0.841254 -0.540641 0.654861 -0.75575 0.654861 -0.75575 -0.841254 -0.540641 -0.654861 -0.75575 0.654861 -0.75575 -0.654861 -0.75575 0.415415 -0.909632 0.415415 -0.909632 -0.654861 -0.75575 -0.415415 -0.909632 0.415415 -0.909632 -0.415415 -0.909632 0.142315 -0.989821 0.142315 -0.989821 -0.415415 -0.909632 -0.142315 -0.989821 -0.959493 0.281733 0.959493 0.281733 -0.841254 0.540641 -0.841254 0.540641 0.959493 0.281733 0.841254 0.540641 -0.841254 0.540641 0.841254 0.540641 -0.654861 0.75575 -0.654861 0.75575 0.841254 0.540641 0.654861 0.75575 -0.654861 0.75575 0.654861 0.75575 -0.415415 0.909632 -0.415415 0.909632 0.654861 0.75575 0.415415 0.909632 -0.415415 0.909632 0.415415 0.909632 -0.142315 0.989821 -0.142315 0.989821 0.415415 0.909632 0.142315 0.989821 0.08660298 -0.04999995 0.138564 -0.07999998 0.1 0 0.1 0 0.138564 -0.07999998 0.16 0 0.1 0 0.16 0 0.08660298 0.04999995 0.08660298 0.04999995 0.16 0 0.138564 0.07999998 0.08660298 0.04999995 0.138564 0.07999998 0.04999995 0.08660298 0.04999995 0.08660298 0.138564 0.07999998 0.07999998 0.138564 0.04999995 0.08660298 0.07999998 0.138564 0 0.1 0 0.1 0.07999998 0.138564 0 0.16 0 0.1 0 0.16 -0.07999998 0.138564 0.08660298 -0.04999995 0.04999995 -0.08660298 0.138564 -0.07999998 0.138564 -0.07999998 0.04999995 -0.08660298 0.07999998 -0.138564 0.07999998 -0.138564 0.04999995 -0.08660298 0 -0.1 0.07999998 -0.138564 0 -0.1 0 -0.16 0 -0.16 0 -0.1 -0.07999998 -0.138564 -0.07999998 -0.138564 0 -0.1 -0.04999995 -0.08660298 -0.07999998 -0.138564 -0.04999995 -0.08660298 -0.138564 -0.07999998 -0.138564 -0.07999998 -0.04999995 -0.08660298 -0.08660298 -0.04999995 -0.138564 -0.07999998 -0.08660298 -0.04999995 -0.16 0 -0.16 0 -0.08660298 -0.04999995 -0.1 0 -0.16 0 -0.1 0 -0.08660298 0.04999995 -0.16 0 -0.08660298 0.04999995 -0.138564 0.07999998 -0.138564 0.07999998 -0.08660298 0.04999995 -0.04999995 0.08660298 -0.138564 0.07999998 -0.04999995 0.08660298 -0.07999998 0.138564 -0.07999998 0.138564 -0.04999995 0.08660298 0 0.1 -1.464998 -0.303687 0 -0.165648 -1.464998 0 -1.464998 0 0 -0.165648 0 0 -1.464998 0 0 0 0 0.165648 -1.464998 -0.607375 0 -0.496943 -1.464998 -0.303687 -1.464998 -0.303687 0 -0.496943 0 -0.331295 -1.464998 -0.303687 0 -0.331295 0 -0.165648 -1.464998 -0.911062 0 -0.828238 -1.464998 -0.607375 -1.464998 -0.607375 0 -0.828238 0 -0.66259 -1.464998 -0.607375 0 -0.66259 0 -0.496943 0 -0.828238 -1.464998 -0.911062 0 -0.993886 0 -0.993886 -1.464998 -0.911062 -1.464998 -1.214749 0 -0.993886 -1.464998 -1.214749 0 -1.159533 0 -1.159533 -1.464998 -1.214749 0 -1.325181 0 -1.325181 -1.464998 -1.214749 -1.464998 -1.518436 0 -1.325181 -1.464998 -1.518436 0 -1.490829 0 -1.490829 -1.464998 -1.518436 0 -1.656476 0 -1.656476 -1.464998 -1.518436 -1.464998 -1.822124 0 -1.656476 -1.464998 -1.822124 0 -1.822124 0 1.822124 -1.464998 1.822124 0 1.656476 0 1.656476 -1.464998 1.822124 -1.464998 1.518436 0 1.656476 -1.464998 1.518436 0 1.490829 0 1.490829 -1.464998 1.518436 0 1.325181 0 1.325181 -1.464998 1.518436 -1.464998 1.214749 0 1.325181 -1.464998 1.214749 0 1.159533 0 1.159533 -1.464998 1.214749 0 0.993886 0 0.993886 -1.464998 1.214749 -1.464998 0.911062 0 0.993886 -1.464998 0.911062 0 0.828238 0 0.828238 -1.464998 0.911062 -1.464998 0.607375 0 0.828238 -1.464998 0.607375 0 0.66259 0 0.66259 -1.464998 0.607375 0 0.496943 0 0.496943 -1.464998 0.607375 -1.464998 0.303687 0 0.496943 -1.464998 0.303687 0 0.331295 0 0.331295 -1.464998 0.303687 0 0.165648 0 0.165648 -1.464998 0.303687 -1.464998 0 -1.413754 0.714917 -1.225557 0.728152 -1.413754 2.4 -1.413754 2.4 -1.225557 0.728152 -1.060315 2.4 -1.060315 2.4 -1.225557 0.728152 -1.056337 0.737702 -1.060315 2.4 -1.056337 0.737702 -0.906175 0.744104 -1.060315 2.4 -0.906175 0.744104 -0.706877 2.4 -0.706877 2.4 -0.906175 0.744104 -0.775147 0.747894 -0.706877 2.4 -0.775147 0.747894 -0.663554 0.749612 -0.663554 0.749612 -0.571819 0.749793 -0.706877 2.4 -0.706877 2.4 -0.571819 0.749793 -0.353438 2.4 -0.353438 2.4 -0.571819 0.749793 -0.436888 0.747466 -0.353438 2.4 -0.436888 0.747466 -0.202302 0.735234 0 0.714917 0 2.4 -0.202302 0.735234 -0.202302 0.735234 0 2.4 -0.353438 2.4 0 2.4 0 0.714917 0.1796309 2.4 0.1796309 2.4 0 0.714917 0.252097 0.740605 0.1796309 2.4 0.252097 0.740605 0.359262 2.4 0.359262 2.4 0.252097 0.740605 0.469175 0.74924 0.359262 2.4 0.469175 0.74924 0.538893 2.4 0.538893 2.4 0.469175 0.74924 0.662958 0.749362 0.538893 2.4 0.662958 0.749362 0.718524 2.4 0.718524 2.4 0.662958 0.749362 0.841179 0.745204 0.718524 2.4 0.841179 0.745204 0.898154 2.4 0.898154 2.4 0.841179 0.745204 1.077785 2.4 1.077785 2.4 0.841179 0.745204 1.168768 0.730824 1.077785 2.4 1.168768 0.730824 1.257416 2.4 1.257416 2.4 1.168768 0.730824 1.437047 0.714917 1.257416 2.4 1.437047 0.714917 1.437047 2.4 -0.255786 -0.651593 -0.167116 -0.593857 -0.102749 -0.432371 -0.102749 -0.432371 -0.167116 -0.593857 -0.08548098 -0.506202 -0.102749 -0.432371 -0.08548098 -0.506202 -0.01132088 -0.386746 -0.102749 -0.432371 -0.01132088 -0.386746 0.03325498 -0.140952 0.03325498 -0.140952 -0.01132088 -0.386746 0.05512493 -0.23448 0.03325498 -0.140952 0.05512493 -0.23448 0.1142539 -0.05109393 0.03325498 -0.140952 0.1142539 -0.05109393 0.151768 0.224602 0.151768 0.224602 0.1142539 -0.05109393 0.166898 0.159883 0.151768 0.224602 0.166898 0.159883 0.213886 0.394917 0.213886 0.394917 0.255786 0.651593 0.151768 0.224602 -1.413754 0.714917 -1.225557 0.728152 -1.413754 2.4 -1.413754 2.4 -1.225557 0.728152 -1.060315 2.4 -1.060315 2.4 -1.225557 0.728152 -1.056337 0.737702 -1.060315 2.4 -1.056337 0.737702 -0.906175 0.744104 -1.060315 2.4 -0.906175 0.744104 -0.706877 2.4 -0.706877 2.4 -0.906175 0.744104 -0.775147 0.747894 -0.706877 2.4 -0.775147 0.747894 -0.663554 0.749612 -0.663554 0.749612 -0.571819 0.749793 -0.706877 2.4 -0.706877 2.4 -0.571819 0.749793 -0.353438 2.4 -0.353438 2.4 -0.571819 0.749793 -0.436888 0.747466 -0.353438 2.4 -0.436888 0.747466 -0.202302 0.735234 0 0.714917 0 2.4 -0.202302 0.735234 -0.202302 0.735234 0 2.4 -0.353438 2.4 0 2.4 0 0.714917 0.1796309 2.4 0.1796309 2.4 0 0.714917 0.252097 0.740605 0.1796309 2.4 0.252097 0.740605 0.359262 2.4 0.359262 2.4 0.252097 0.740605 0.469175 0.74924 0.359262 2.4 0.469175 0.74924 0.538893 2.4 0.538893 2.4 0.469175 0.74924 0.662958 0.749362 0.538893 2.4 0.662958 0.749362 0.718524 2.4 0.718524 2.4 0.662958 0.749362 0.841179 0.745204 0.718524 2.4 0.841179 0.745204 0.898154 2.4 0.898154 2.4 0.841179 0.745204 1.077785 2.4 1.077785 2.4 0.841179 0.745204 1.168768 0.730824 1.077785 2.4 1.168768 0.730824 1.257416 2.4 1.257416 2.4 1.168768 0.730824 1.437047 0.714917 1.257416 2.4 1.437047 0.714917 1.437047 2.4 -0.255786 -0.651593 -0.167116 -0.593857 -0.102749 -0.432371 -0.102749 -0.432371 -0.167116 -0.593857 -0.08548098 -0.506202 -0.102749 -0.432371 -0.08548098 -0.506202 -0.01132088 -0.386746 -0.102749 -0.432371 -0.01132088 -0.386746 0.03325498 -0.140952 0.03325498 -0.140952 -0.01132088 -0.386746 0.05512493 -0.23448 0.03325498 -0.140952 0.05512493 -0.23448 0.1142539 -0.05109393 0.03325498 -0.140952 0.1142539 -0.05109393 0.151768 0.224602 0.151768 0.224602 0.1142539 -0.05109393 0.166898 0.159883 0.151768 0.224602 0.166898 0.159883 0.213886 0.394917 0.213886 0.394917 0.255786 0.651593 0.151768 0.224602 -1.413754 0.714917 -1.225557 0.728152 -1.413754 2.4 -1.413754 2.4 -1.225557 0.728152 -1.060315 2.4 -1.060315 2.4 -1.225557 0.728152 -1.056337 0.737702 -1.060315 2.4 -1.056337 0.737702 -0.906175 0.744104 -1.060315 2.4 -0.906175 0.744104 -0.706877 2.4 -0.706877 2.4 -0.906175 0.744104 -0.775147 0.747894 -0.706877 2.4 -0.775147 0.747894 -0.663554 0.749612 -0.663554 0.749612 -0.571819 0.749793 -0.706877 2.4 -0.706877 2.4 -0.571819 0.749793 -0.353438 2.4 -0.353438 2.4 -0.571819 0.749793 -0.436888 0.747466 -0.353438 2.4 -0.436888 0.747466 -0.202302 0.735234 0 0.714917 0 2.4 -0.202302 0.735234 -0.202302 0.735234 0 2.4 -0.353438 2.4 0 2.4 0 0.714917 0.1796309 2.4 0.1796309 2.4 0 0.714917 0.252097 0.740605 0.1796309 2.4 0.252097 0.740605 0.359262 2.4 0.359262 2.4 0.252097 0.740605 0.469175 0.74924 0.359262 2.4 0.469175 0.74924 0.538893 2.4 0.538893 2.4 0.469175 0.74924 0.662958 0.749362 0.538893 2.4 0.662958 0.749362 0.718524 2.4 0.718524 2.4 0.662958 0.749362 0.841179 0.745204 0.718524 2.4 0.841179 0.745204 0.898154 2.4 0.898154 2.4 0.841179 0.745204 1.077785 2.4 1.077785 2.4 0.841179 0.745204 1.168768 0.730824 1.077785 2.4 1.168768 0.730824 1.257416 2.4 1.257416 2.4 1.168768 0.730824 1.437047 0.714917 1.257416 2.4 1.437047 0.714917 1.437047 2.4 -0.255786 -0.651593 -0.167116 -0.593857 -0.102749 -0.432371 -0.102749 -0.432371 -0.167116 -0.593857 -0.08548098 -0.506202 -0.102749 -0.432371 -0.08548098 -0.506202 -0.01132088 -0.386746 -0.102749 -0.432371 -0.01132088 -0.386746 0.03325498 -0.140952 0.03325498 -0.140952 -0.01132088 -0.386746 0.05512493 -0.23448 0.03325498 -0.140952 0.05512493 -0.23448 0.1142539 -0.05109393 0.03325498 -0.140952 0.1142539 -0.05109393 0.151768 0.224602 0.151768 0.224602 0.1142539 -0.05109393 0.166898 0.159883 0.151768 0.224602 0.166898 0.159883 0.213886 0.394917 0.213886 0.394917 0.255786 0.651593 0.151768 0.224602 -1.413754 0.714917 -1.225557 0.728152 -1.413754 2.4 -1.413754 2.4 -1.225557 0.728152 -1.060315 2.4 -1.060315 2.4 -1.225557 0.728152 -1.056337 0.737702 -1.060315 2.4 -1.056337 0.737702 -0.906175 0.744104 -1.060315 2.4 -0.906175 0.744104 -0.706877 2.4 -0.706877 2.4 -0.906175 0.744104 -0.775147 0.747894 -0.706877 2.4 -0.775147 0.747894 -0.663554 0.749612 -0.663554 0.749612 -0.571819 0.749793 -0.706877 2.4 -0.706877 2.4 -0.571819 0.749793 -0.353438 2.4 -0.353438 2.4 -0.571819 0.749793 -0.436888 0.747466 -0.353438 2.4 -0.436888 0.747466 -0.202302 0.735234 0 0.714917 0 2.4 -0.202302 0.735234 -0.202302 0.735234 0 2.4 -0.353438 2.4 0 2.4 0 0.714917 0.1796309 2.4 0.1796309 2.4 0 0.714917 0.252097 0.740605 0.1796309 2.4 0.252097 0.740605 0.359262 2.4 0.359262 2.4 0.252097 0.740605 0.469175 0.74924 0.359262 2.4 0.469175 0.74924 0.538893 2.4 0.538893 2.4 0.469175 0.74924 0.662958 0.749362 0.538893 2.4 0.662958 0.749362 0.718524 2.4 0.718524 2.4 0.662958 0.749362 0.841179 0.745204 0.718524 2.4 0.841179 0.745204 0.898154 2.4 0.898154 2.4 0.841179 0.745204 1.077785 2.4 1.077785 2.4 0.841179 0.745204 1.168768 0.730824 1.077785 2.4 1.168768 0.730824 1.257416 2.4 1.257416 2.4 1.168768 0.730824 1.437047 0.714917 1.257416 2.4 1.437047 0.714917 1.437047 2.4 -0.255786 -0.651593 -0.167116 -0.593857 -0.102749 -0.432371 -0.102749 -0.432371 -0.167116 -0.593857 -0.08548098 -0.506202 -0.102749 -0.432371 -0.08548098 -0.506202 -0.01132088 -0.386746 -0.102749 -0.432371 -0.01132088 -0.386746 0.03325498 -0.140952 0.03325498 -0.140952 -0.01132088 -0.386746 0.05512493 -0.23448 0.03325498 -0.140952 0.05512493 -0.23448 0.1142539 -0.05109393 0.03325498 -0.140952 0.1142539 -0.05109393 0.151768 0.224602 0.151768 0.224602 0.1142539 -0.05109393 0.166898 0.159883 0.151768 0.224602 0.166898 0.159883 0.213886 0.394917 0.213886 0.394917 0.255786 0.651593 0.151768 0.224602 -1.413754 0.714917 -1.225557 0.728152 -1.413754 2.4 -1.413754 2.4 -1.225557 0.728152 -1.060315 2.4 -1.060315 2.4 -1.225557 0.728152 -1.056337 0.737702 -1.060315 2.4 -1.056337 0.737702 -0.906175 0.744104 -1.060315 2.4 -0.906175 0.744104 -0.706877 2.4 -0.706877 2.4 -0.906175 0.744104 -0.775147 0.747894 -0.706877 2.4 -0.775147 0.747894 -0.663554 0.749612 -0.663554 0.749612 -0.571819 0.749793 -0.706877 2.4 -0.706877 2.4 -0.571819 0.749793 -0.353438 2.4 -0.353438 2.4 -0.571819 0.749793 -0.436888 0.747466 -0.353438 2.4 -0.436888 0.747466 -0.202302 0.735234 0 0.714917 0 2.4 -0.202302 0.735234 -0.202302 0.735234 0 2.4 -0.353438 2.4 0 2.4 0 0.714917 0.1796309 2.4 0.1796309 2.4 0 0.714917 0.252097 0.740605 0.1796309 2.4 0.252097 0.740605 0.359262 2.4 0.359262 2.4 0.252097 0.740605 0.469175 0.74924 0.359262 2.4 0.469175 0.74924 0.538893 2.4 0.538893 2.4 0.469175 0.74924 0.662958 0.749362 0.538893 2.4 0.662958 0.749362 0.718524 2.4 0.718524 2.4 0.662958 0.749362 0.841179 0.745204 0.718524 2.4 0.841179 0.745204 0.898154 2.4 0.898154 2.4 0.841179 0.745204 1.077785 2.4 1.077785 2.4 0.841179 0.745204 1.168768 0.730824 1.077785 2.4 1.168768 0.730824 1.257416 2.4 1.257416 2.4 1.168768 0.730824 1.437047 0.714917 1.257416 2.4 1.437047 0.714917 1.437047 2.4 -0.255786 -0.651593 -0.167116 -0.593857 -0.102749 -0.432371 -0.102749 -0.432371 -0.167116 -0.593857 -0.08548098 -0.506202 -0.102749 -0.432371 -0.08548098 -0.506202 -0.01132088 -0.386746 -0.102749 -0.432371 -0.01132088 -0.386746 0.03325498 -0.140952 0.03325498 -0.140952 -0.01132088 -0.386746 0.05512493 -0.23448 0.03325498 -0.140952 0.05512493 -0.23448 0.1142539 -0.05109393 0.03325498 -0.140952 0.1142539 -0.05109393 0.151768 0.224602 0.151768 0.224602 0.1142539 -0.05109393 0.166898 0.159883 0.151768 0.224602 0.166898 0.159883 0.213886 0.394917 0.213886 0.394917 0.255786 0.651593 0.151768 0.224602 -1.413754 0.714917 -1.225557 0.728152 -1.413754 2.4 -1.413754 2.4 -1.225557 0.728152 -1.060315 2.4 -1.060315 2.4 -1.225557 0.728152 -1.056337 0.737702 -1.060315 2.4 -1.056337 0.737702 -0.906175 0.744104 -1.060315 2.4 -0.906175 0.744104 -0.706877 2.4 -0.706877 2.4 -0.906175 0.744104 -0.775147 0.747894 -0.706877 2.4 -0.775147 0.747894 -0.663554 0.749612 -0.663554 0.749612 -0.571819 0.749793 -0.706877 2.4 -0.706877 2.4 -0.571819 0.749793 -0.353438 2.4 -0.353438 2.4 -0.571819 0.749793 -0.436888 0.747466 -0.353438 2.4 -0.436888 0.747466 -0.202302 0.735234 0 0.714917 0 2.4 -0.202302 0.735234 -0.202302 0.735234 0 2.4 -0.353438 2.4 0 2.4 0 0.714917 0.1796309 2.4 0.1796309 2.4 0 0.714917 0.252097 0.740605 0.1796309 2.4 0.252097 0.740605 0.359262 2.4 0.359262 2.4 0.252097 0.740605 0.469175 0.74924 0.359262 2.4 0.469175 0.74924 0.538893 2.4 0.538893 2.4 0.469175 0.74924 0.662958 0.749362 0.538893 2.4 0.662958 0.749362 0.718524 2.4 0.718524 2.4 0.662958 0.749362 0.841179 0.745204 0.718524 2.4 0.841179 0.745204 0.898154 2.4 0.898154 2.4 0.841179 0.745204 1.077785 2.4 1.077785 2.4 0.841179 0.745204 1.168768 0.730824 1.077785 2.4 1.168768 0.730824 1.257416 2.4 1.257416 2.4 1.168768 0.730824 1.437047 0.714917 1.257416 2.4 1.437047 0.714917 1.437047 2.4 -0.255786 -0.651593 -0.167116 -0.593857 -0.102749 -0.432371 -0.102749 -0.432371 -0.167116 -0.593857 -0.08548098 -0.506202 -0.102749 -0.432371 -0.08548098 -0.506202 -0.01132088 -0.386746 -0.102749 -0.432371 -0.01132088 -0.386746 0.03325498 -0.140952 0.03325498 -0.140952 -0.01132088 -0.386746 0.05512493 -0.23448 0.03325498 -0.140952 0.05512493 -0.23448 0.1142539 -0.05109393 0.03325498 -0.140952 0.1142539 -0.05109393 0.151768 0.224602 0.151768 0.224602 0.1142539 -0.05109393 0.166898 0.159883 0.151768 0.224602 0.166898 0.159883 0.213886 0.394917 0.213886 0.394917 0.255786 0.651593 0.151768 0.224602 -1.413754 0.714917 -1.225557 0.728152 -1.413754 2.4 -1.413754 2.4 -1.225557 0.728152 -1.060315 2.4 -1.060315 2.4 -1.225557 0.728152 -1.056337 0.737702 -1.060315 2.4 -1.056337 0.737702 -0.906175 0.744104 -1.060315 2.4 -0.906175 0.744104 -0.706877 2.4 -0.706877 2.4 -0.906175 0.744104 -0.775147 0.747894 -0.706877 2.4 -0.775147 0.747894 -0.663554 0.749612 -0.663554 0.749612 -0.571819 0.749793 -0.706877 2.4 -0.706877 2.4 -0.571819 0.749793 -0.353438 2.4 -0.353438 2.4 -0.571819 0.749793 -0.436888 0.747466 -0.353438 2.4 -0.436888 0.747466 -0.202302 0.735234 0 0.714917 0 2.4 -0.202302 0.735234 -0.202302 0.735234 0 2.4 -0.353438 2.4 0 2.4 0 0.714917 0.1796309 2.4 0.1796309 2.4 0 0.714917 0.252097 0.740605 0.1796309 2.4 0.252097 0.740605 0.359262 2.4 0.359262 2.4 0.252097 0.740605 0.469175 0.74924 0.359262 2.4 0.469175 0.74924 0.538893 2.4 0.538893 2.4 0.469175 0.74924 0.662958 0.749362 0.538893 2.4 0.662958 0.749362 0.718524 2.4 0.718524 2.4 0.662958 0.749362 0.841179 0.745204 0.718524 2.4 0.841179 0.745204 0.898154 2.4 0.898154 2.4 0.841179 0.745204 1.077785 2.4 1.077785 2.4 0.841179 0.745204 1.168768 0.730824 1.077785 2.4 1.168768 0.730824 1.257416 2.4 1.257416 2.4 1.168768 0.730824 1.437047 0.714917 1.257416 2.4 1.437047 0.714917 1.437047 2.4 -0.255786 -0.651593 -0.167116 -0.593857 -0.102749 -0.432371 -0.102749 -0.432371 -0.167116 -0.593857 -0.08548098 -0.506202 -0.102749 -0.432371 -0.08548098 -0.506202 -0.01132088 -0.386746 -0.102749 -0.432371 -0.01132088 -0.386746 0.03325498 -0.140952 0.03325498 -0.140952 -0.01132088 -0.386746 0.05512493 -0.23448 0.03325498 -0.140952 0.05512493 -0.23448 0.1142539 -0.05109393 0.03325498 -0.140952 0.1142539 -0.05109393 0.151768 0.224602 0.151768 0.224602 0.1142539 -0.05109393 0.166898 0.159883 0.151768 0.224602 0.166898 0.159883 0.213886 0.394917 0.213886 0.394917 0.255786 0.651593 0.151768 0.224602 -1.413754 0.714917 -1.225557 0.728152 -1.413754 2.4 -1.413754 2.4 -1.225557 0.728152 -1.060315 2.4 -1.060315 2.4 -1.225557 0.728152 -1.056337 0.737702 -1.060315 2.4 -1.056337 0.737702 -0.906175 0.744104 -1.060315 2.4 -0.906175 0.744104 -0.706877 2.4 -0.706877 2.4 -0.906175 0.744104 -0.775147 0.747894 -0.706877 2.4 -0.775147 0.747894 -0.663554 0.749612 -0.663554 0.749612 -0.571819 0.749793 -0.706877 2.4 -0.706877 2.4 -0.571819 0.749793 -0.353438 2.4 -0.353438 2.4 -0.571819 0.749793 -0.436888 0.747466 -0.353438 2.4 -0.436888 0.747466 -0.202302 0.735234 0 0.714917 0 2.4 -0.202302 0.735234 -0.202302 0.735234 0 2.4 -0.353438 2.4 0 2.4 0 0.714917 0.1796309 2.4 0.1796309 2.4 0 0.714917 0.252097 0.740605 0.1796309 2.4 0.252097 0.740605 0.359262 2.4 0.359262 2.4 0.252097 0.740605 0.469175 0.74924 0.359262 2.4 0.469175 0.74924 0.538893 2.4 0.538893 2.4 0.469175 0.74924 0.662958 0.749362 0.538893 2.4 0.662958 0.749362 0.718524 2.4 0.718524 2.4 0.662958 0.749362 0.841179 0.745204 0.718524 2.4 0.841179 0.745204 0.898154 2.4 0.898154 2.4 0.841179 0.745204 1.077785 2.4 1.077785 2.4 0.841179 0.745204 1.168768 0.730824 1.077785 2.4 1.168768 0.730824 1.257416 2.4 1.257416 2.4 1.168768 0.730824 1.437047 0.714917 1.257416 2.4 1.437047 0.714917 1.437047 2.4 -0.255786 -0.651593 -0.167116 -0.593857 -0.102749 -0.432371 -0.102749 -0.432371 -0.167116 -0.593857 -0.08548098 -0.506202 -0.102749 -0.432371 -0.08548098 -0.506202 -0.01132088 -0.386746 -0.102749 -0.432371 -0.01132088 -0.386746 0.03325498 -0.140952 0.03325498 -0.140952 -0.01132088 -0.386746 0.05512493 -0.23448 0.03325498 -0.140952 0.05512493 -0.23448 0.1142539 -0.05109393 0.03325498 -0.140952 0.1142539 -0.05109393 0.151768 0.224602 0.151768 0.224602 0.1142539 -0.05109393 0.166898 0.159883 0.151768 0.224602 0.166898 0.159883 0.213886 0.394917 0.213886 0.394917 0.255786 0.651593 0.151768 0.224602 -1.413754 0.714917 -1.225557 0.728152 -1.413754 2.4 -1.413754 2.4 -1.225557 0.728152 -1.060315 2.4 -1.060315 2.4 -1.225557 0.728152 -1.056337 0.737702 -1.060315 2.4 -1.056337 0.737702 -0.906175 0.744104 -1.060315 2.4 -0.906175 0.744104 -0.706877 2.4 -0.706877 2.4 -0.906175 0.744104 -0.775147 0.747894 -0.706877 2.4 -0.775147 0.747894 -0.663554 0.749612 -0.663554 0.749612 -0.571819 0.749793 -0.706877 2.4 -0.706877 2.4 -0.571819 0.749793 -0.353438 2.4 -0.353438 2.4 -0.571819 0.749793 -0.436888 0.747466 -0.353438 2.4 -0.436888 0.747466 -0.202302 0.735234 0 0.714917 0 2.4 -0.202302 0.735234 -0.202302 0.735234 0 2.4 -0.353438 2.4 0 2.4 0 0.714917 0.1796309 2.4 0.1796309 2.4 0 0.714917 0.252097 0.740605 0.1796309 2.4 0.252097 0.740605 0.359262 2.4 0.359262 2.4 0.252097 0.740605 0.469175 0.74924 0.359262 2.4 0.469175 0.74924 0.538893 2.4 0.538893 2.4 0.469175 0.74924 0.662958 0.749362 0.538893 2.4 0.662958 0.749362 0.718524 2.4 0.718524 2.4 0.662958 0.749362 0.841179 0.745204 0.718524 2.4 0.841179 0.745204 0.898154 2.4 0.898154 2.4 0.841179 0.745204 1.077785 2.4 1.077785 2.4 0.841179 0.745204 1.168768 0.730824 1.077785 2.4 1.168768 0.730824 1.257416 2.4 1.257416 2.4 1.168768 0.730824 1.437047 0.714917 1.257416 2.4 1.437047 0.714917 1.437047 2.4 -0.255786 -0.651593 -0.167116 -0.593857 -0.102749 -0.432371 -0.102749 -0.432371 -0.167116 -0.593857 -0.08548098 -0.506202 -0.102749 -0.432371 -0.08548098 -0.506202 -0.01132088 -0.386746 -0.102749 -0.432371 -0.01132088 -0.386746 0.03325498 -0.140952 0.03325498 -0.140952 -0.01132088 -0.386746 0.05512493 -0.23448 0.03325498 -0.140952 0.05512493 -0.23448 0.1142539 -0.05109393 0.03325498 -0.140952 0.1142539 -0.05109393 0.151768 0.224602 0.151768 0.224602 0.1142539 -0.05109393 0.166898 0.159883 0.151768 0.224602 0.166898 0.159883 0.213886 0.394917 0.213886 0.394917 0.255786 0.651593 0.151768 0.224602 -1.413754 0.714917 -1.225557 0.728152 -1.413754 2.4 -1.413754 2.4 -1.225557 0.728152 -1.060315 2.4 -1.060315 2.4 -1.225557 0.728152 -1.056337 0.737702 -1.060315 2.4 -1.056337 0.737702 -0.906175 0.744104 -1.060315 2.4 -0.906175 0.744104 -0.706877 2.4 -0.706877 2.4 -0.906175 0.744104 -0.775147 0.747894 -0.706877 2.4 -0.775147 0.747894 -0.663554 0.749612 -0.663554 0.749612 -0.571819 0.749793 -0.706877 2.4 -0.706877 2.4 -0.571819 0.749793 -0.353438 2.4 -0.353438 2.4 -0.571819 0.749793 -0.436888 0.747466 -0.353438 2.4 -0.436888 0.747466 -0.202302 0.735234 0 0.714917 0 2.4 -0.202302 0.735234 -0.202302 0.735234 0 2.4 -0.353438 2.4 0 2.4 0 0.714917 0.1796309 2.4 0.1796309 2.4 0 0.714917 0.252097 0.740605 0.1796309 2.4 0.252097 0.740605 0.359262 2.4 0.359262 2.4 0.252097 0.740605 0.469175 0.74924 0.359262 2.4 0.469175 0.74924 0.538893 2.4 0.538893 2.4 0.469175 0.74924 0.662958 0.749362 0.538893 2.4 0.662958 0.749362 0.718524 2.4 0.718524 2.4 0.662958 0.749362 0.841179 0.745204 0.718524 2.4 0.841179 0.745204 0.898154 2.4 0.898154 2.4 0.841179 0.745204 1.077785 2.4 1.077785 2.4 0.841179 0.745204 1.168768 0.730824 1.077785 2.4 1.168768 0.730824 1.257416 2.4 1.257416 2.4 1.168768 0.730824 1.437047 0.714917 1.257416 2.4 1.437047 0.714917 1.437047 2.4 -0.255786 -0.651593 -0.167116 -0.593857 -0.102749 -0.432371 -0.102749 -0.432371 -0.167116 -0.593857 -0.08548098 -0.506202 -0.102749 -0.432371 -0.08548098 -0.506202 -0.01132088 -0.386746 -0.102749 -0.432371 -0.01132088 -0.386746 0.03325498 -0.140952 0.03325498 -0.140952 -0.01132088 -0.386746 0.05512493 -0.23448 0.03325498 -0.140952 0.05512493 -0.23448 0.1142539 -0.05109393 0.03325498 -0.140952 0.1142539 -0.05109393 0.151768 0.224602 0.151768 0.224602 0.1142539 -0.05109393 0.166898 0.159883 0.151768 0.224602 0.166898 0.159883 0.213886 0.394917 0.213886 0.394917 0.255786 0.651593 0.151768 0.224602 -1.413754 0.714917 -1.225557 0.728152 -1.413754 2.4 -1.413754 2.4 -1.225557 0.728152 -1.060315 2.4 -1.060315 2.4 -1.225557 0.728152 -1.056337 0.737702 -1.060315 2.4 -1.056337 0.737702 -0.906175 0.744104 -1.060315 2.4 -0.906175 0.744104 -0.706877 2.4 -0.706877 2.4 -0.906175 0.744104 -0.775147 0.747894 -0.706877 2.4 -0.775147 0.747894 -0.663554 0.749612 -0.663554 0.749612 -0.571819 0.749793 -0.706877 2.4 -0.706877 2.4 -0.571819 0.749793 -0.353438 2.4 -0.353438 2.4 -0.571819 0.749793 -0.436888 0.747466 -0.353438 2.4 -0.436888 0.747466 -0.202302 0.735234 0 0.714917 0 2.4 -0.202302 0.735234 -0.202302 0.735234 0 2.4 -0.353438 2.4 0 2.4 0 0.714917 0.1796309 2.4 0.1796309 2.4 0 0.714917 0.252097 0.740605 0.1796309 2.4 0.252097 0.740605 0.359262 2.4 0.359262 2.4 0.252097 0.740605 0.469175 0.74924 0.359262 2.4 0.469175 0.74924 0.538893 2.4 0.538893 2.4 0.469175 0.74924 0.662958 0.749362 0.538893 2.4 0.662958 0.749362 0.718524 2.4 0.718524 2.4 0.662958 0.749362 0.841179 0.745204 0.718524 2.4 0.841179 0.745204 0.898154 2.4 0.898154 2.4 0.841179 0.745204 1.077785 2.4 1.077785 2.4 0.841179 0.745204 1.168768 0.730824 1.077785 2.4 1.168768 0.730824 1.257416 2.4 1.257416 2.4 1.168768 0.730824 1.437047 0.714917 1.257416 2.4 1.437047 0.714917 1.437047 2.4 -0.255786 -0.651593 -0.167116 -0.593857 -0.102749 -0.432371 -0.102749 -0.432371 -0.167116 -0.593857 -0.08548098 -0.506202 -0.102749 -0.432371 -0.08548098 -0.506202 -0.01132088 -0.386746 -0.102749 -0.432371 -0.01132088 -0.386746 0.03325498 -0.140952 0.03325498 -0.140952 -0.01132088 -0.386746 0.05512493 -0.23448 0.03325498 -0.140952 0.05512493 -0.23448 0.1142539 -0.05109393 0.03325498 -0.140952 0.1142539 -0.05109393 0.151768 0.224602 0.151768 0.224602 0.1142539 -0.05109393 0.166898 0.159883 0.151768 0.224602 0.166898 0.159883 0.213886 0.394917 0.213886 0.394917 0.255786 0.651593 0.151768 0.224602 1.877935 -0.392699 0.04999995 -0.392699 1.877935 -0.471239 1.877935 -0.471239 0.04999995 -0.392699 0.04999995 -0.471239 1.877935 0.471239 0.04999995 0.471239 1.877935 0.392699 1.877935 0.392699 0.04999995 0.471239 0.04999995 0.392699 1.877935 0.392699 0.04999995 0.392699 1.877935 0.314159 1.877935 0.314159 0.04999995 0.392699 0.04999995 0.314159 1.877935 0.314159 0.04999995 0.314159 1.877935 0.235619 1.877935 0.235619 0.04999995 0.314159 0.04999995 0.235619 1.877935 0.235619 0.04999995 0.235619 1.877935 0.1570799 1.877935 0.1570799 0.04999995 0.235619 0.04999995 0.1570799 1.877935 0.1570799 0.04999995 0.1570799 1.877935 0.07853996 1.877935 0.07853996 0.04999995 0.1570799 0.04999995 0.07853996 1.877935 0.07853996 0.04999995 0.07853996 1.877935 0 1.877935 0 0.04999995 0.07853996 0.04999995 0 1.877935 0 0.04999995 0 1.877935 -0.07853996 1.877935 -0.07853996 0.04999995 0 0.04999995 -0.07853996 1.877935 -0.07853996 0.04999995 -0.07853996 1.877935 -0.1570799 1.877935 -0.1570799 0.04999995 -0.07853996 0.04999995 -0.1570799 1.877935 -0.1570799 0.04999995 -0.1570799 1.877935 -0.235619 1.877935 -0.235619 0.04999995 -0.1570799 0.04999995 -0.235619 1.877935 -0.235619 0.04999995 -0.235619 1.877935 -0.314159 1.877935 -0.314159 0.04999995 -0.235619 0.04999995 -0.314159 1.877935 -0.314159 0.04999995 -0.314159 1.877935 -0.392699 1.877935 -0.392699 0.04999995 -0.314159 0.04999995 -0.392699 1.079904 -0.07499998 1.829999 -0.357913 1.1 0 1.1 0 1.829999 -0.357913 1.8964 -0.08262699 1.1 0 1.8964 -0.08262699 1.878709 0.2 1.829999 -0.357913 1.079904 -0.07499998 1.685407 -0.601396 1.685407 -0.601396 1.079904 -0.07499998 1.025 -0.129904 1.685407 -0.601396 1.025 -0.129904 1.47547 -0.791442 1.47547 -0.791442 1.025 -0.129904 1.218843 -0.911166 1.218843 -0.911166 1.025 -0.129904 0.95 -0.15 1.218843 -0.911166 0.95 -0.15 0.938328 -0.949928 0.938328 -0.949928 0.95 -0.15 0.658851 -0.904285 0.658851 -0.904285 0.95 -0.15 0.8750001 -0.129904 0.658851 -0.904285 0.8750001 -0.129904 0.405243 -0.778293 0.405243 -0.778293 0.8750001 -0.129904 0.200039 -0.583145 0.200039 -0.583145 0.8750001 -0.129904 0.820096 -0.07499998 0.200039 -0.583145 0.820096 -0.07499998 0.06147295 -0.336183 0.06147295 -0.336183 0.820096 -0.07499998 0.8 0 0.06147295 -0.336183 0.8 0 0.001855969 -0.059349 0.001855969 -0.059349 0.8 0 0.02648591 0.2227579 0.02648591 0.2227579 0.8 0 0.820096 0.07499998 0.02648591 0.2227579 0.820096 0.07499998 0.133174 0.485072 0.133174 0.485072 0.820096 0.07499998 0.312441 0.704285 0.312441 0.704285 0.820096 0.07499998 0.8750001 0.129904 0.312441 0.704285 0.8750001 0.129904 0.548357 0.86092 0.548357 0.86092 0.8750001 0.129904 0.819962 0.941058 0.819962 0.941058 0.8750001 0.129904 0.95 0.15 0.819962 0.941058 0.95 0.15 1.103121 0.937579 1.103121 0.937579 0.95 0.15 1.025 0.129904 1.103121 0.937579 1.025 0.129904 1.372674 0.850792 1.372674 0.850792 1.025 0.129904 1.604671 0.688408 1.604671 0.688408 1.025 0.129904 1.079904 0.07499998 1.604671 0.688408 1.079904 0.07499998 1.778498 0.464856 1.778498 0.464856 1.079904 0.07499998 1.878709 0.2 1.878709 0.2 1.079904 0.07499998 1.1 0 -1.498422 0.84531 -0.04999995 0.912106 -1.615561 0.93728 -1.615561 0.93728 -0.04999995 0.912106 -0.312374 0.961956 -1.615561 0.93728 -0.312374 0.961956 -0.687895 1.028152 -1.498422 0.84531 -1.334406 0.747362 -0.04999995 0.912106 -0.04999995 0.912106 -1.334406 0.747362 -0.04999995 0.627867 -0.04999995 0.627867 -1.334406 0.747362 -1.225364 0.694846 -0.04999995 0.627867 -1.225364 0.694846 -1.144778 0.660735 -1.144778 0.660735 -1.039759 0.620903 -0.04999995 0.627867 -0.04999995 0.627867 -1.039759 0.620903 -0.907157 0.576135 -0.04999995 0.627867 -0.907157 0.576135 -0.743825 0.527173 -0.743825 0.527173 -0.546614 0.4747 -0.04999995 0.627867 -0.04999995 0.627867 -0.546614 0.4747 -0.312374 0.419317 -0.04999995 0.627867 -0.312374 0.419317 -0.04999995 0.343627 -0.04999995 0.343627 -0.312374 0.419317 -1.615561 0.394641 -0.04999995 0.343627 -1.615561 0.394641 -1.498422 0.302671 -0.312374 0.419317 -0.687895 0.485513 -1.615561 0.394641 -1.615561 0.394641 -0.687895 0.485513 -1.076402 0.581881 -1.615561 0.394641 -1.076402 0.581881 -1.877935 0.627867 -1.877935 0.627867 -1.076402 0.581881 -1.249007 0.642907 -1.877935 0.627867 -1.249007 0.642907 -1.40096 0.717503 -1.40096 0.717503 -1.526162 0.812054 -1.877935 0.627867 -1.877935 0.627867 -1.526162 0.812054 -1.877935 0.912106 -1.877935 0.912106 -1.526162 0.812054 -1.615561 0.93728 -1.877935 0.912106 -1.615561 0.93728 -1.877935 1.196345 -1.877935 1.196345 -1.615561 0.93728 -1.076402 1.124519 -1.877935 1.196345 -1.076402 1.124519 -1.249007 1.185546 -1.498422 -2.953161 -0.312374 -2.836516 -1.615561 -2.861191 -1.615561 -2.861191 -0.312374 -2.836516 -1.877935 -2.783005 -1.615561 3.107835 -1.877935 3.186021 -1.877935 2.901781 -0.312374 -2.836516 -1.498422 -2.953161 -0.04999995 -3.067245 -0.04999995 -3.067245 -1.498422 -2.953161 -1.334406 -3.051109 -0.04999995 2.901781 -1.334406 2.917917 -1.225364 2.865401 -1.225364 2.865401 -1.144778 2.83129 -0.04999995 2.901781 -0.04999995 2.901781 -1.144778 2.83129 -1.039759 2.791458 -0.04999995 2.901781 -1.039759 2.791458 -0.907157 2.746689 -0.907157 2.746689 -0.743825 2.697728 -0.04999995 2.901781 -0.04999995 2.901781 -0.743825 2.697728 -0.04999995 2.617542 -0.04999995 2.617542 -0.743825 2.697728 -0.546614 2.645255 -0.04999995 2.617542 -0.546614 2.645255 -0.312374 2.589872 -0.687895 2.656068 -1.877935 2.617542 -0.312374 2.589872 -0.312374 2.589872 -1.877935 2.617542 -1.615561 2.565196 -0.312374 2.589872 -1.615561 2.565196 -1.498422 2.473226 -0.687895 2.656068 -1.076402 2.752436 -1.877935 2.617542 -1.877935 2.617542 -1.076402 2.752436 -1.249007 2.813462 -1.877935 2.617542 -1.249007 2.813462 -1.877935 2.901781 -1.877935 2.901781 -1.249007 2.813462 -1.40096 2.888058 -1.877935 2.901781 -1.40096 2.888058 -1.526162 2.982609 -1.526162 2.982609 -1.615561 3.107835 -1.877935 2.901781 -1.498422 -1.867884 -0.312374 -1.751238 -1.615561 -1.775914 -1.615561 -1.775914 -0.312374 -1.751238 -0.687895 -1.685042 -1.615561 -1.775914 -0.687895 -1.685042 -1.877935 -1.646048 -1.877935 -1.646048 -0.687895 -1.685042 -1.076402 -1.588674 -1.877935 -1.646048 -1.076402 -1.588674 -1.249007 -1.527648 -0.312374 -1.751238 -1.498422 -1.867884 -0.04999995 -1.930287 -0.04999995 -1.930287 -1.498422 -1.867884 -1.334406 -1.965831 -0.04999995 -1.930287 -1.334406 -1.965831 -1.225364 -2.018348 -1.225364 -2.018348 -1.144778 -2.052458 -0.04999995 -1.930287 -0.04999995 -1.930287 -1.144778 -2.052458 -1.039759 -2.092291 -0.04999995 -1.930287 -1.039759 -2.092291 -0.907157 -2.137059 -0.04999995 -1.930287 -0.907157 -2.137059 -0.04999995 -2.214527 -0.04999995 -2.214527 -0.907157 -2.137059 -0.743825 -2.186021 -0.04999995 -2.214527 -0.743825 -2.186021 -0.546614 -2.238494 -0.546614 -2.238494 -0.312374 -2.293877 -0.04999995 -2.214527 -0.04999995 -2.214527 -0.312374 -2.293877 -0.04999995 -2.498766 -0.04999995 -2.498766 -0.312374 -2.293877 -1.498422 -2.410522 -0.04999995 -2.498766 -1.498422 -2.410522 -1.334406 -2.50847 -1.498422 -2.410522 -0.312374 -2.293877 -1.615561 -2.318552 -1.615561 -2.318552 -0.312374 -2.293877 -0.687895 -2.227681 -1.615561 -2.318552 -0.687895 -2.227681 -1.877935 -2.214527 -1.877935 -2.214527 -0.687895 -2.227681 -1.076402 -2.131313 -1.877935 -2.214527 -1.076402 -2.131313 -1.249007 -2.070287 -1.249007 -2.070287 -1.40096 -1.995691 -1.877935 -2.214527 -1.877935 -2.214527 -1.40096 -1.995691 -1.877935 -1.930287 -1.877935 -1.930287 -1.40096 -1.995691 -1.526162 -1.90114 -1.877935 -1.930287 -1.526162 -1.90114 -1.615561 -1.775914 -1.498422 -0.239967 -0.04999995 -0.224851 -1.615561 -0.147998 -1.615561 -0.147998 -0.04999995 -0.224851 -0.312374 -0.123322 -1.615561 -0.147998 -0.312374 -0.123322 -0.687895 -0.05712592 -1.498422 -0.239967 -1.334406 -0.337915 -0.04999995 -0.224851 -0.04999995 -0.224851 -1.334406 -0.337915 -1.225364 -0.390431 -0.04999995 -0.224851 -1.225364 -0.390431 -1.144778 -0.424542 -0.04999995 -0.224851 -1.144778 -0.424542 -0.04999995 -0.509091 -0.04999995 -0.509091 -1.144778 -0.424542 -1.039759 -0.464375 -0.04999995 -0.509091 -1.039759 -0.464375 -0.907157 -0.509143 -0.907157 -0.509143 -0.743825 -0.558105 -0.04999995 -0.509091 -0.04999995 -0.509091 -0.743825 -0.558105 -0.546614 -0.610578 -0.04999995 -0.509091 -0.546614 -0.610578 -0.312374 -0.665961 -0.687895 -0.599765 -1.615561 -0.690636 -0.312374 -0.665961 -0.312374 -0.665961 -1.615561 -0.690636 -1.498422 -0.782606 -0.312374 -0.665961 -1.498422 -0.782606 -0.04999995 -0.79333 -0.04999995 -0.79333 -1.498422 -0.782606 -1.334406 -0.880554 -0.04999995 -0.79333 -1.334406 -0.880554 -1.225364 -0.93307 -1.615561 -0.690636 -0.687895 -0.599765 -1.877935 -0.509091 -1.877935 -0.509091 -0.687895 -0.599765 -1.076402 -0.503397 -1.877935 -0.509091 -1.076402 -0.503397 -1.249007 -0.44237 -1.249007 -0.44237 -1.40096 -0.367775 -1.877935 -0.509091 -1.877935 -0.509091 -1.40096 -0.367775 -1.526162 -0.273224 -1.877935 -0.509091 -1.526162 -0.273224 -1.877935 -0.224851 -1.877935 -0.224851 -1.526162 -0.273224 -1.615561 -0.147998 -1.877935 -0.224851 -1.615561 -0.147998 -1.877935 0.05938798 -1.877935 0.05938798 -1.615561 -0.147998 -1.076402 0.0392419 -1.877935 0.05938798 -1.076402 0.0392419 -1.249007 0.100268 -1.334406 -2.50847 -1.225364 -2.560986 -0.04999995 -2.498766 -0.04999995 -2.498766 -1.225364 -2.560986 -1.144778 -2.595097 -0.04999995 -2.498766 -1.144778 -2.595097 -1.039759 -2.63493 -1.039759 -2.63493 -0.907157 -2.679698 -0.04999995 -2.498766 -0.04999995 -2.498766 -0.907157 -2.679698 -0.743825 -2.72866 -0.04999995 -2.498766 -0.743825 -2.72866 -0.04999995 -2.783005 -0.04999995 -2.783005 -0.743825 -2.72866 -0.546614 -2.781133 -0.04999995 -2.783005 -0.546614 -2.781133 -0.312374 -2.836516 -0.312374 -2.836516 -0.687895 -2.770319 -1.877935 -2.783005 -1.877935 -2.783005 -0.687895 -2.770319 -1.076402 -2.673952 -1.877935 -2.783005 -1.076402 -2.673952 -1.249007 -2.612925 -1.877935 -2.783005 -1.249007 -2.612925 -1.877935 -2.498766 -1.877935 -2.498766 -1.249007 -2.612925 -1.40096 -2.538329 -1.877935 -2.498766 -1.40096 -2.538329 -1.526162 -2.443779 -1.526162 -2.443779 -1.615561 -2.318552 -1.877935 -2.498766 -1.877935 -2.498766 -1.615561 -2.318552 -1.877935 -2.214527 -1.498422 2.473226 -1.334406 2.375279 -0.312374 2.589872 -0.312374 2.589872 -1.334406 2.375279 -0.04999995 2.333303 -0.312374 2.589872 -0.04999995 2.333303 -0.04999995 2.617542 -1.334406 2.375279 -1.225364 2.322762 -0.04999995 2.333303 -0.04999995 2.333303 -1.225364 2.322762 -1.144778 2.288652 -0.04999995 2.333303 -1.144778 2.288652 -1.039759 2.248819 -1.039759 2.248819 -0.907157 2.204051 -0.04999995 2.333303 -0.04999995 2.333303 -0.907157 2.204051 -0.743825 2.155089 -0.04999995 2.333303 -0.743825 2.155089 -0.546614 2.102616 -0.04999995 2.333303 -0.546614 2.102616 -0.04999995 2.049063 -0.04999995 2.049063 -0.546614 2.102616 -0.312374 2.047233 -0.04999995 2.049063 -0.312374 2.047233 -1.615561 2.022557 -1.615561 2.022557 -0.312374 2.047233 -1.877935 2.049063 -1.615561 2.022557 -1.877935 2.049063 -1.526162 1.897331 -1.526162 1.897331 -1.877935 2.049063 -1.877935 1.764824 -1.526162 1.897331 -1.877935 1.764824 -1.40096 1.80278 -1.40096 1.80278 -1.877935 1.764824 -1.249007 1.728184 -1.249007 1.728184 -1.877935 1.764824 -1.076402 1.667158 -1.076402 1.667158 -1.877935 1.764824 -1.877935 1.480585 -1.076402 1.667158 -1.877935 1.480585 -0.687895 1.57079 -0.687895 1.57079 -1.877935 1.480585 -0.312374 1.504594 -0.312374 1.504594 -1.877935 1.480585 -0.04999995 1.480585 -0.312374 1.504594 -0.04999995 1.480585 -0.546614 1.559977 -0.546614 1.559977 -0.04999995 1.480585 -0.04999995 1.764824 -0.546614 1.559977 -0.04999995 1.764824 -0.743825 1.61245 -0.743825 1.61245 -0.04999995 1.764824 -0.907157 1.661412 -0.907157 1.661412 -0.04999995 1.764824 -1.039759 1.70618 -1.039759 1.70618 -0.04999995 1.764824 -1.144778 1.746013 -1.144778 1.746013 -0.04999995 1.764824 -1.225364 1.780124 -1.225364 1.780124 -0.04999995 1.764824 -1.334406 1.83264 -1.334406 1.83264 -0.04999995 1.764824 -0.04999995 2.049063 -1.334406 1.83264 -0.04999995 2.049063 -1.498422 1.930588 -1.498422 1.930588 -0.04999995 2.049063 -1.615561 2.022557 -0.312374 2.047233 -0.687895 2.113429 -1.877935 2.049063 -1.877935 2.049063 -0.687895 2.113429 -1.076402 2.209797 -1.877935 2.049063 -1.076402 2.209797 -1.249007 2.270823 -1.877935 2.049063 -1.249007 2.270823 -1.877935 2.333303 -1.877935 2.333303 -1.249007 2.270823 -1.40096 2.345419 -1.877935 2.333303 -1.40096 2.345419 -1.526162 2.43997 -1.526162 2.43997 -1.615561 2.565196 -1.877935 2.333303 -1.877935 2.333303 -1.615561 2.565196 -1.877935 2.617542 -1.498422 1.387949 -0.04999995 1.480585 -1.615561 1.479919 -1.615561 1.479919 -0.04999995 1.480585 -1.877935 1.480585 -1.615561 1.479919 -1.877935 1.480585 -1.526162 1.354692 -1.526162 1.354692 -1.877935 1.480585 -1.877935 1.196345 -1.526162 1.354692 -1.877935 1.196345 -1.40096 1.260142 -1.40096 1.260142 -1.877935 1.196345 -1.249007 1.185546 -1.498422 1.387949 -1.334406 1.290001 -0.04999995 1.480585 -0.04999995 1.480585 -1.334406 1.290001 -0.04999995 1.196345 -0.04999995 1.196345 -1.334406 1.290001 -1.225364 1.237485 -0.04999995 1.196345 -1.225364 1.237485 -1.144778 1.203374 -1.144778 1.203374 -1.039759 1.163542 -0.04999995 1.196345 -0.04999995 1.196345 -1.039759 1.163542 -0.907157 1.118773 -0.04999995 1.196345 -0.907157 1.118773 -0.743825 1.069811 -0.743825 1.069811 -0.546614 1.017339 -0.04999995 1.196345 -0.04999995 1.196345 -0.546614 1.017339 -0.312374 0.961956 -0.04999995 1.196345 -0.312374 0.961956 -0.04999995 0.912106 -0.687895 1.028152 -1.076402 1.124519 -1.615561 0.93728 -1.498422 0.302671 -1.334406 0.204724 -0.04999995 0.343627 -0.04999995 0.343627 -1.334406 0.204724 -1.225364 0.152207 -0.04999995 0.343627 -1.225364 0.152207 -0.04999995 0.05938798 -0.04999995 0.05938798 -1.225364 0.152207 -1.144778 0.118097 -0.04999995 0.05938798 -1.144778 0.118097 -1.039759 0.07826399 -1.039759 0.07826399 -0.907157 0.03349596 -0.04999995 0.05938798 -0.04999995 0.05938798 -0.907157 0.03349596 -0.743825 -0.01546597 -0.04999995 0.05938798 -0.743825 -0.01546597 -0.546614 -0.06793898 -0.546614 -0.06793898 -0.312374 -0.123322 -0.04999995 0.05938798 -0.04999995 0.05938798 -0.312374 -0.123322 -0.04999995 -0.224851 -0.687895 -0.05712592 -1.076402 0.0392419 -1.615561 -0.147998 -1.249007 0.100268 -1.40096 0.1748639 -1.877935 0.05938798 -1.877935 0.05938798 -1.40096 0.1748639 -1.526162 0.269415 -1.877935 0.05938798 -1.526162 0.269415 -1.877935 0.343627 -1.877935 0.343627 -1.526162 0.269415 -1.615561 0.394641 -1.877935 0.343627 -1.615561 0.394641 -1.877935 0.627867 -1.498422 -1.325245 -0.312374 -1.208599 -1.615561 -1.233275 -1.615561 -1.233275 -0.312374 -1.208599 -0.687895 -1.142403 -1.615561 -1.233275 -0.687895 -1.142403 -1.877935 -1.077569 -1.877935 -1.077569 -0.687895 -1.142403 -1.076402 -1.046036 -1.877935 -1.077569 -1.076402 -1.046036 -1.249007 -0.985009 -0.312374 -1.208599 -1.498422 -1.325245 -0.04999995 -1.361809 -0.04999995 -1.361809 -1.498422 -1.325245 -1.334406 -1.423193 -0.04999995 -1.361809 -1.334406 -1.423193 -1.225364 -1.475709 -1.225364 -1.475709 -1.144778 -1.50982 -0.04999995 -1.361809 -0.04999995 -1.361809 -1.144778 -1.50982 -1.039759 -1.549652 -0.04999995 -1.361809 -1.039759 -1.549652 -0.04999995 -1.646048 -0.04999995 -1.646048 -1.039759 -1.549652 -0.907157 -1.59442 -0.04999995 -1.646048 -0.907157 -1.59442 -0.743825 -1.643382 -0.743825 -1.643382 -0.546614 -1.695855 -0.04999995 -1.646048 -0.04999995 -1.646048 -0.546614 -1.695855 -0.312374 -1.751238 -0.04999995 -1.646048 -0.312374 -1.751238 -0.04999995 -1.930287 -1.249007 -1.527648 -1.40096 -1.453052 -1.877935 -1.646048 -1.877935 -1.646048 -1.40096 -1.453052 -1.877935 -1.361809 -1.877935 -1.361809 -1.40096 -1.453052 -1.526162 -1.358501 -1.877935 -1.361809 -1.526162 -1.358501 -1.615561 -1.233275 -1.225364 -0.93307 -1.144778 -0.967181 -0.04999995 -0.79333 -0.04999995 -0.79333 -1.144778 -0.967181 -1.039759 -1.007013 -0.04999995 -0.79333 -1.039759 -1.007013 -0.04999995 -1.077569 -0.04999995 -1.077569 -1.039759 -1.007013 -0.907157 -1.051782 -0.04999995 -1.077569 -0.907157 -1.051782 -0.743825 -1.100744 -0.743825 -1.100744 -0.546614 -1.153216 -0.04999995 -1.077569 -0.04999995 -1.077569 -0.546614 -1.153216 -0.312374 -1.208599 -0.04999995 -1.077569 -0.312374 -1.208599 -0.04999995 -1.361809 -1.249007 -0.985009 -1.40096 -0.910413 -1.877935 -1.077569 -1.877935 -1.077569 -1.40096 -0.910413 -1.877935 -0.79333 -1.877935 -0.79333 -1.40096 -0.910413 -1.526162 -0.815863 -1.877935 -0.79333 -1.526162 -0.815863 -1.615561 -0.690636 -0.04999995 -0.79333 -0.04999995 -0.509091 -0.312374 -0.665961 -0.04999995 -3.067245 -0.04999995 -2.783005 -0.312374 -2.836516 -1.877935 -0.509091 -1.877935 -0.79333 -1.615561 -0.690636 -1.877935 -1.077569 -1.877935 -1.361809 -1.615561 -1.233275 -1.877935 -1.646048 -1.877935 -1.930287 -1.615561 -1.775914 -1.079904 0.07499998 -1.878709 0.2 -1.1 0 -1.1 0 -1.878709 0.2 -1.8964 -0.08262699 -1.1 0 -1.8964 -0.08262699 -1.829999 -0.357913 -1.025 0.129904 -1.604671 0.688408 -1.079904 0.07499998 -1.079904 0.07499998 -1.604671 0.688408 -1.778498 0.464856 -1.079904 0.07499998 -1.778498 0.464856 -1.878709 0.2 -0.95 0.15 -1.103121 0.937579 -1.025 0.129904 -1.025 0.129904 -1.103121 0.937579 -1.372674 0.850792 -1.025 0.129904 -1.372674 0.850792 -1.604671 0.688408 -1.103121 0.937579 -0.95 0.15 -0.819962 0.941058 -0.819962 0.941058 -0.95 0.15 -0.8750001 0.129904 -0.819962 0.941058 -0.8750001 0.129904 -0.548357 0.86092 -0.548357 0.86092 -0.8750001 0.129904 -0.312441 0.704285 -0.312441 0.704285 -0.8750001 0.129904 -0.820096 0.07499998 -0.312441 0.704285 -0.820096 0.07499998 -0.133174 0.485072 -0.133174 0.485072 -0.820096 0.07499998 -0.02648591 0.2227579 -0.02648591 0.2227579 -0.820096 0.07499998 -0.8 0 -0.02648591 0.2227579 -0.8 0 -0.001855969 -0.059349 -0.001855969 -0.059349 -0.8 0 -0.06147295 -0.336183 -0.06147295 -0.336183 -0.8 0 -0.820096 -0.07499998 -0.06147295 -0.336183 -0.820096 -0.07499998 -0.200039 -0.583145 -0.200039 -0.583145 -0.820096 -0.07499998 -0.8750001 -0.129904 -0.200039 -0.583145 -0.8750001 -0.129904 -0.405243 -0.778293 -0.405243 -0.778293 -0.8750001 -0.129904 -0.658851 -0.904285 -0.658851 -0.904285 -0.8750001 -0.129904 -0.95 -0.15 -0.658851 -0.904285 -0.95 -0.15 -0.938328 -0.949928 -0.938328 -0.949928 -0.95 -0.15 -1.218843 -0.911166 -1.218843 -0.911166 -0.95 -0.15 -1.025 -0.129904 -1.218843 -0.911166 -1.025 -0.129904 -1.47547 -0.791442 -1.47547 -0.791442 -1.025 -0.129904 -1.685407 -0.601396 -1.685407 -0.601396 -1.025 -0.129904 -1.079904 -0.07499998 -1.685407 -0.601396 -1.079904 -0.07499998 -1.829999 -0.357913 -1.829999 -0.357913 -1.079904 -0.07499998 -1.1 0</float_array>
          <technique_common>
            <accessor source="#edf_impeler-mesh-map-0-array" count="7254" stride="2">
              <param name="S" type="float"/>
              <param name="T" type="float"/>
            </accessor>
          </technique_common>
        </source>
        <vertices id="edf_impeler-mesh-vertices">
          <input semantic="POSITION" source="#edf_impeler-mesh-positions"/>
        </vertices>
        <triangles material="Aluminum_-_Cast_001-material" count="1532">
          <input semantic="VERTEX" source="#edf_impeler-mesh-vertices" offset="0"/>
          <input semantic="NORMAL" source="#edf_impeler-mesh-normals" offset="1"/>
          <input semantic="TEXCOORD" source="#edf_impeler-mesh-map-0" offset="2" set="0"/>
          <p>1 0 0 23 1 1 0 2 2 0 2 3 23 1 4 12 3 5 0 2 6 12 3 7 11 4 8 11 4 9 12 3 10 13 5 11 11 4 12 13 5 13 10 6 14 10 6 15 13 5 16 14 7 17 10 6 18 14 7 19 9 8 20 9 8 21 14 7 22 15 9 23 9 8 24 15 9 25 8 10 26 8 10 27 15 9 28 16 11 29 8 10 30 16 11 31 7 12 32 7 12 33 16 11 34 17 13 35 7 12 36 17 13 37 6 14 38 6 14 39 17 13 40 18 15 41 6 14 42 18 15 43 5 16 44 5 16 45 18 15 46 19 17 47 5 16 48 19 17 49 4 18 50 4 18 51 19 17 52 20 19 53 4 18 54 20 19 55 3 20 56 3 20 57 20 19 58 21 21 59 3 20 60 21 21 61 2 22 62 2 22 63 21 21 64 22 23 65 2 22 66 22 23 67 1 0 68 1 0 69 22 23 70 23 1 71 25 24 72 47 25 73 24 26 74 24 26 75 47 25 76 36 27 77 24 26 78 36 27 79 35 28 80 35 28 81 36 27 82 37 29 83 35 28 84 37 29 85 34 30 86 34 30 87 37 29 88 38 31 89 34 30 90 38 31 91 33 32 92 33 32 93 38 31 94 39 33 95 33 32 96 39 33 97 32 34 98 32 34 99 39 33 100 40 35 101 32 34 102 40 35 103 31 36 104 31 36 105 40 35 106 41 37 107 31 36 108 41 37 109 30 38 110 30 38 111 41 37 112 42 39 113 30 38 114 42 39 115 29 40 116 29 40 117 42 39 118 43 41 119 29 40 120 43 41 121 28 42 122 28 42 123 43 41 124 44 43 125 28 42 126 44 43 127 27 44 128 27 44 129 44 43 130 45 45 131 27 44 132 45 45 133 26 46 134 26 46 135 45 45 136 46 47 137 26 46 138 46 47 139 25 24 140 25 24 141 46 47 142 47 25 143 24 48 144 35 48 145 25 48 146 25 48 147 35 48 148 26 48 149 26 49 150 35 49 151 34 49 152 26 50 153 34 50 154 27 50 155 27 51 156 34 51 157 33 51 158 27 52 159 33 52 160 28 52 161 28 53 162 33 53 163 32 53 164 28 54 165 32 54 166 29 54 167 29 48 168 32 48 169 31 48 170 29 48 171 31 48 172 30 48 173 0 55 174 11 55 175 1 55 176 1 55 177 11 55 178 2 55 179 2 55 180 11 55 181 10 55 182 2 55 183 10 55 184 3 55 185 3 56 186 10 56 187 9 56 188 3 55 189 9 55 190 4 55 191 4 57 192 9 57 193 8 57 194 4 55 195 8 55 196 5 55 197 5 55 198 8 55 199 7 55 200 5 55 201 7 55 202 6 55 203 68 48 204 48 48 205 69 48 206 69 48 207 48 48 208 49 48 209 69 58 210 49 58 211 85 58 212 85 48 213 49 48 214 50 48 215 85 59 216 50 59 217 84 59 218 84 60 219 50 60 220 51 60 221 84 61 222 51 61 223 83 61 224 83 62 225 51 62 226 52 62 227 83 48 228 52 48 229 82 48 230 82 63 231 52 63 232 53 63 233 82 64 234 53 64 235 54 64 236 82 48 237 54 48 238 81 48 239 81 65 240 54 65 241 55 65 242 81 48 243 55 48 244 80 48 245 80 48 246 55 48 247 56 48 248 80 48 249 56 48 250 79 48 251 79 48 252 56 48 253 57 48 254 79 48 255 57 48 256 78 48 257 78 48 258 57 48 259 58 48 260 78 48 261 58 48 262 59 48 263 78 66 264 59 66 265 77 66 266 77 48 267 59 48 268 60 48 269 77 48 270 60 48 271 76 48 272 76 48 273 60 48 274 61 48 275 76 48 276 61 48 277 75 48 278 75 67 279 61 67 280 62 67 281 75 68 282 62 68 283 74 68 284 74 69 285 62 69 286 63 69 287 74 48 288 63 48 289 73 48 290 73 70 291 63 70 292 64 70 293 73 48 294 64 48 295 65 48 296 73 48 297 65 48 298 72 48 299 72 48 300 65 48 301 66 48 302 72 48 303 66 48 304 71 48 305 71 48 306 66 48 307 67 48 308 71 48 309 67 48 310 70 48 311 70 71 312 67 71 313 68 71 314 70 72 315 68 72 316 69 72 317 85 73 318 104 74 319 69 75 320 69 75 321 104 74 322 107 76 323 69 75 324 107 76 325 70 77 326 70 77 327 107 76 328 134 78 329 70 77 330 134 78 331 71 79 332 71 79 333 134 78 334 132 80 335 71 79 336 132 80 337 72 81 338 72 81 339 132 80 340 130 82 341 72 81 342 130 82 343 73 83 344 73 83 345 130 82 346 128 84 347 73 83 348 128 84 349 74 85 350 74 85 351 128 84 352 126 86 353 74 85 354 126 86 355 75 87 356 75 87 357 126 86 358 124 88 359 75 87 360 124 88 361 76 89 362 76 89 363 124 88 364 122 90 365 76 89 366 122 90 367 77 91 368 77 91 369 122 90 370 102 92 371 77 91 372 102 92 373 78 93 374 78 93 375 102 92 376 120 94 377 78 93 378 120 94 379 79 95 380 79 95 381 120 94 382 118 96 383 79 95 384 118 96 385 80 97 386 80 97 387 118 96 388 116 98 389 80 97 390 116 98 391 81 99 392 81 99 393 116 98 394 114 100 395 81 99 396 114 100 397 82 101 398 82 101 399 114 100 400 112 102 401 82 101 402 112 102 403 83 103 404 83 103 405 112 102 406 110 104 407 83 103 408 110 104 409 84 105 410 84 105 411 110 104 412 108 106 413 84 105 414 108 106 415 85 73 416 85 73 417 108 106 418 104 74 419 87 107 420 106 108 421 86 109 422 86 109 423 106 108 424 105 110 425 86 109 426 105 110 427 101 111 428 101 111 429 105 110 430 109 112 431 101 111 432 109 112 433 100 113 434 100 113 435 109 112 436 111 114 437 100 113 438 111 114 439 99 115 440 99 115 441 111 114 442 113 116 443 99 115 444 113 116 445 98 117 446 98 117 447 113 116 448 115 118 449 98 117 450 115 118 451 97 119 452 97 119 453 115 118 454 117 120 455 97 119 456 117 120 457 96 121 458 96 121 459 117 120 460 119 122 461 96 121 462 119 122 463 95 123 464 95 123 465 119 122 466 121 124 467 95 123 468 121 124 469 94 125 470 94 125 471 121 124 472 103 126 473 94 125 474 103 126 475 123 127 476 123 127 477 103 126 478 102 92 479 123 127 480 102 92 481 122 90 482 106 108 483 87 107 484 135 128 485 135 128 486 87 107 487 88 129 488 135 128 489 88 129 490 133 130 491 133 130 492 88 129 493 89 131 494 133 130 495 89 131 496 131 132 497 131 132 498 89 131 499 90 133 500 131 132 501 90 133 502 129 134 503 129 134 504 90 133 505 91 135 506 129 134 507 91 135 508 127 136 509 127 136 510 91 135 511 92 137 512 127 136 513 92 137 514 125 138 515 125 138 516 92 137 517 93 139 518 125 138 519 93 139 520 123 127 521 123 127 522 93 139 523 94 125 524 102 92 525 103 126 526 120 94 527 120 94 528 103 126 529 121 124 530 120 94 531 121 124 532 118 96 533 118 96 534 121 124 535 119 122 536 118 96 537 119 122 538 116 98 539 116 98 540 119 122 541 117 120 542 116 98 543 117 120 544 114 100 545 114 100 546 117 120 547 115 118 548 114 100 549 115 118 550 112 102 551 112 102 552 115 118 553 113 116 554 112 102 555 113 116 556 110 104 557 110 104 558 113 116 559 111 114 560 110 104 561 111 114 562 108 106 563 108 106 564 111 114 565 109 112 566 108 106 567 109 112 568 104 74 569 104 74 570 109 112 571 105 110 572 104 74 573 105 110 574 107 76 575 107 76 576 105 110 577 106 108 578 107 76 579 106 108 580 134 78 581 134 78 582 106 108 583 135 128 584 134 78 585 135 128 586 132 80 587 132 80 588 135 128 589 133 130 590 132 80 591 133 130 592 130 82 593 130 82 594 133 130 595 131 132 596 130 82 597 131 132 598 128 84 599 128 84 600 131 132 601 129 134 602 128 84 603 129 134 604 126 86 605 126 86 606 129 134 607 127 136 608 126 86 609 127 136 610 124 88 611 124 88 612 127 136 613 125 138 614 124 88 615 125 138 616 122 90 617 122 90 618 125 138 619 123 127 620 101 111 621 151 140 622 86 109 623 86 109 624 151 140 625 136 141 626 86 109 627 136 141 628 87 107 629 87 107 630 136 141 631 137 142 632 87 107 633 137 142 634 88 129 635 88 129 636 137 142 637 138 143 638 88 129 639 138 143 640 89 131 641 89 131 642 138 143 643 139 144 644 89 131 645 139 144 646 90 133 647 90 133 648 139 144 649 140 145 650 90 133 651 140 145 652 91 135 653 91 135 654 140 145 655 141 146 656 91 135 657 141 146 658 92 137 659 92 137 660 141 146 661 142 147 662 92 137 663 142 147 664 93 139 665 93 139 666 142 147 667 143 148 668 93 139 669 143 148 670 94 125 671 94 125 672 143 148 673 144 149 674 94 125 675 144 149 676 95 123 677 95 123 678 144 149 679 145 150 680 95 123 681 145 150 682 96 121 683 96 121 684 145 150 685 146 151 686 96 121 687 146 151 688 97 119 689 97 119 690 146 151 691 147 152 692 97 119 693 147 152 694 98 117 695 98 117 696 147 152 697 148 153 698 98 117 699 148 153 700 99 115 701 99 115 702 148 153 703 149 154 704 99 115 705 149 154 706 100 113 707 100 113 708 149 154 709 150 155 710 100 113 711 150 155 712 101 111 713 101 111 714 150 155 715 151 140 716 151 140 717 178 156 718 136 141 719 136 141 720 178 156 721 181 157 722 136 141 723 181 157 724 210 158 725 210 158 726 181 157 727 180 159 728 210 158 729 180 159 730 211 160 731 211 160 732 180 159 733 152 161 734 211 160 735 152 161 736 153 162 737 178 156 738 151 140 739 182 163 740 182 163 741 151 140 742 150 155 743 182 163 744 150 155 745 175 164 746 175 164 747 150 155 748 149 154 749 175 164 750 149 154 751 187 165 752 187 165 753 149 154 754 184 166 755 187 165 756 184 166 757 185 167 758 185 167 759 184 166 760 189 168 761 185 167 762 189 168 763 164 169 764 164 169 765 189 168 766 163 170 767 163 170 768 189 168 769 191 171 770 163 170 771 191 171 772 176 172 773 176 172 774 191 171 775 190 173 776 176 172 777 190 173 778 177 174 779 177 174 780 190 173 781 147 152 782 177 174 783 147 152 784 146 151 785 149 154 786 148 153 787 184 166 788 184 166 789 148 153 790 188 175 791 184 166 792 188 175 793 189 168 794 189 168 795 188 175 796 191 171 797 148 153 798 147 152 799 188 175 800 188 175 801 147 152 802 190 173 803 188 175 804 190 173 805 191 171 806 177 174 807 146 151 808 192 176 809 192 176 810 146 151 811 145 150 812 192 176 813 145 150 814 194 177 815 194 177 816 145 150 817 144 149 818 194 177 819 144 149 820 168 178 821 168 178 822 144 149 823 196 179 824 168 178 825 196 179 826 197 180 827 197 180 828 196 179 829 199 181 830 197 180 831 199 181 832 159 182 833 159 182 834 199 181 835 158 183 836 158 183 837 199 181 838 170 184 839 158 183 840 170 184 841 157 185 842 157 185 843 170 184 844 202 186 845 157 185 846 202 186 847 201 187 848 201 187 849 202 186 850 203 188 851 201 187 852 203 188 853 200 189 854 200 189 855 203 188 856 141 146 857 200 189 858 141 146 859 140 145 860 144 149 861 143 148 862 196 179 863 196 179 864 143 148 865 198 190 866 196 179 867 198 190 868 199 181 869 199 181 870 198 190 871 170 184 872 143 148 873 142 147 874 198 190 875 198 190 876 142 147 877 171 191 878 198 190 879 171 191 880 170 184 881 170 184 882 171 191 883 202 186 884 142 147 885 141 146 886 171 191 887 171 191 888 141 146 889 203 188 890 171 191 891 203 188 892 202 186 893 200 189 894 140 145 895 204 192 896 204 192 897 140 145 898 139 144 899 204 192 900 139 144 901 206 193 902 206 193 903 139 144 904 173 194 905 206 193 906 173 194 907 172 195 908 172 195 909 173 194 910 209 196 911 172 195 912 209 196 913 154 197 914 154 197 915 209 196 916 153 162 917 153 162 918 209 196 919 211 160 920 139 144 921 138 143 922 173 194 923 173 194 924 138 143 925 208 198 926 173 194 927 208 198 928 209 196 929 209 196 930 208 198 931 211 160 932 138 143 933 137 142 934 208 198 935 208 198 936 137 142 937 210 158 938 208 198 939 210 158 940 211 160 941 137 142 942 136 141 943 210 158 944 154 197 945 155 199 946 172 195 947 172 195 948 155 199 949 207 200 950 172 195 951 207 200 952 206 193 953 206 193 954 207 200 955 204 192 956 207 200 957 155 199 958 205 201 959 205 201 960 155 199 961 156 202 962 205 201 963 156 202 964 201 187 965 201 187 966 156 202 967 157 185 968 159 182 969 160 203 970 197 180 971 197 180 972 160 203 973 169 204 974 197 180 975 169 204 976 168 178 977 168 178 978 169 204 979 194 177 980 169 204 981 160 203 982 195 205 983 195 205 984 160 203 985 161 206 986 195 205 987 161 206 988 193 207 989 193 207 990 161 206 991 162 208 992 193 207 993 162 208 994 176 172 995 176 172 996 162 208 997 163 170 998 164 169 999 165 209 1000 185 167 1001 185 167 1002 165 209 1003 186 210 1004 185 167 1005 186 210 1006 187 165 1007 187 165 1008 186 210 1009 175 164 1010 186 210 1011 165 209 1012 174 211 1013 174 211 1014 165 209 1015 166 212 1016 174 211 1017 166 212 1018 183 213 1019 183 213 1020 166 212 1021 167 214 1022 183 213 1023 167 214 1024 179 215 1025 179 215 1026 167 214 1027 152 161 1028 179 215 1029 152 161 1030 180 159 1031 194 177 1032 169 204 1033 195 205 1034 180 159 1035 181 157 1036 179 215 1037 179 215 1038 181 157 1039 178 156 1040 179 215 1041 178 156 1042 183 213 1043 183 213 1044 178 156 1045 182 163 1046 183 213 1047 182 163 1048 174 211 1049 174 211 1050 182 163 1051 175 164 1052 174 211 1053 175 164 1054 186 210 1055 176 172 1056 177 174 1057 193 207 1058 193 207 1059 177 174 1060 192 176 1061 193 207 1062 192 176 1063 195 205 1064 195 205 1065 192 176 1066 194 177 1067 205 201 1068 201 187 1069 200 189 1070 207 200 1071 205 201 1072 204 192 1073 204 192 1074 205 201 1075 200 189 1076 167 55 1077 232 55 1078 152 55 1079 152 55 1080 232 55 1081 212 55 1082 152 55 1083 212 55 1084 213 55 1085 232 55 1086 167 55 1087 231 55 1088 231 55 1089 167 55 1090 166 55 1091 231 55 1092 166 55 1093 230 55 1094 230 216 1095 166 216 1096 165 216 1097 230 55 1098 165 55 1099 229 55 1100 229 55 1101 165 55 1102 228 55 1103 228 55 1104 165 55 1105 164 55 1106 228 55 1107 164 55 1108 227 55 1109 227 55 1110 164 55 1111 163 55 1112 227 55 1113 163 55 1114 226 55 1115 226 217 1116 163 217 1117 162 217 1118 226 55 1119 162 55 1120 225 55 1121 225 218 1122 162 218 1123 224 218 1124 224 55 1125 162 55 1126 161 55 1127 224 219 1128 161 219 1129 223 219 1130 223 55 1131 161 55 1132 160 55 1133 223 220 1134 160 220 1135 222 220 1136 222 221 1137 160 221 1138 159 221 1139 222 55 1140 159 55 1141 221 55 1142 221 55 1143 159 55 1144 158 55 1145 221 222 1146 158 222 1147 220 222 1148 220 55 1149 158 55 1150 219 55 1151 219 217 1152 158 217 1153 157 217 1154 219 55 1155 157 55 1156 218 55 1157 218 223 1158 157 223 1159 156 223 1160 218 224 1161 156 224 1162 217 224 1163 217 55 1164 156 55 1165 155 55 1166 217 55 1167 155 55 1168 216 55 1169 216 55 1170 155 55 1171 215 55 1172 215 225 1173 155 225 1174 154 225 1175 215 55 1176 154 55 1177 214 55 1178 214 55 1179 154 55 1180 153 55 1181 214 226 1182 153 226 1183 213 226 1184 213 227 1185 153 227 1186 152 227 1187 232 228 1188 257 229 1189 212 230 1190 212 230 1191 257 229 1192 260 231 1193 212 230 1194 260 231 1195 213 232 1196 213 232 1197 260 231 1198 295 233 1199 213 232 1200 295 233 1201 214 234 1202 214 234 1203 295 233 1204 293 235 1205 214 234 1206 293 235 1207 215 236 1208 215 236 1209 293 235 1210 291 237 1211 215 236 1212 291 237 1213 216 238 1214 216 238 1215 291 237 1216 289 239 1217 216 238 1218 289 239 1219 217 240 1220 217 240 1221 289 239 1222 287 241 1223 217 240 1224 287 241 1225 218 242 1226 218 242 1227 287 241 1228 285 243 1229 218 242 1230 285 243 1231 219 244 1232 219 244 1233 285 243 1234 283 245 1235 219 244 1236 283 245 1237 220 246 1238 220 246 1239 283 245 1240 281 247 1241 220 246 1242 281 247 1243 221 248 1244 221 248 1245 281 247 1246 279 249 1247 221 248 1248 279 249 1249 222 250 1250 222 250 1251 279 249 1252 255 251 1253 222 250 1254 255 251 1255 223 252 1256 223 252 1257 255 251 1258 277 253 1259 223 252 1260 277 253 1261 224 254 1262 224 254 1263 277 253 1264 275 255 1265 224 254 1266 275 255 1267 225 256 1268 225 256 1269 275 255 1270 273 257 1271 225 256 1272 273 257 1273 226 258 1274 226 258 1275 273 257 1276 271 259 1277 226 258 1278 271 259 1279 227 260 1280 227 260 1281 271 259 1282 269 261 1283 227 260 1284 269 261 1285 228 262 1286 228 262 1287 269 261 1288 267 263 1289 228 262 1290 267 263 1291 229 264 1292 229 264 1293 267 263 1294 265 265 1295 229 264 1296 265 265 1297 230 266 1298 230 266 1299 265 265 1300 263 267 1301 230 266 1302 263 267 1303 231 268 1304 231 268 1305 263 267 1306 261 269 1307 231 268 1308 261 269 1309 232 228 1310 232 228 1311 261 269 1312 257 229 1313 234 270 1314 259 271 1315 233 272 1316 233 272 1317 259 271 1318 258 273 1319 233 272 1320 258 273 1321 254 274 1322 254 274 1323 258 273 1324 262 275 1325 254 274 1326 262 275 1327 253 276 1328 253 276 1329 262 275 1330 264 277 1331 253 276 1332 264 277 1333 252 278 1334 252 278 1335 264 277 1336 266 279 1337 252 278 1338 266 279 1339 251 280 1340 251 280 1341 266 279 1342 268 281 1343 251 280 1344 268 281 1345 250 282 1346 250 282 1347 268 281 1348 270 283 1349 250 282 1350 270 283 1351 249 284 1352 249 284 1353 270 283 1354 272 285 1355 249 284 1356 272 285 1357 248 286 1358 248 286 1359 272 285 1360 274 287 1361 248 286 1362 274 287 1363 247 288 1364 247 288 1365 274 287 1366 276 289 1367 247 288 1368 276 289 1369 246 290 1370 246 290 1371 276 289 1372 278 291 1373 246 290 1374 278 291 1375 245 292 1376 245 292 1377 278 291 1378 256 293 1379 245 292 1380 256 293 1381 244 294 1382 244 294 1383 256 293 1384 243 295 1385 243 295 1386 256 293 1387 280 296 1388 243 295 1389 280 296 1390 242 297 1391 242 297 1392 280 296 1393 282 298 1394 242 297 1395 282 298 1396 241 299 1397 241 299 1398 282 298 1399 284 300 1400 241 299 1401 284 300 1402 240 301 1403 240 301 1404 284 300 1405 286 302 1406 240 301 1407 286 302 1408 239 303 1409 239 303 1410 286 302 1411 288 304 1412 239 303 1413 288 304 1414 238 305 1415 238 305 1416 288 304 1417 290 306 1418 238 305 1419 290 306 1420 237 307 1421 237 307 1422 290 306 1423 292 308 1424 237 307 1425 292 308 1426 236 309 1427 236 309 1428 292 308 1429 294 310 1430 236 309 1431 294 310 1432 235 311 1433 235 311 1434 294 310 1435 296 312 1436 235 311 1437 296 312 1438 234 270 1439 234 270 1440 296 312 1441 259 271 1442 255 251 1443 256 293 1444 277 253 1445 277 253 1446 256 293 1447 278 291 1448 277 253 1449 278 291 1450 275 255 1451 275 255 1452 278 291 1453 276 289 1454 275 255 1455 276 289 1456 273 257 1457 273 257 1458 276 289 1459 274 287 1460 273 257 1461 274 287 1462 271 259 1463 271 259 1464 274 287 1465 272 285 1466 271 259 1467 272 285 1468 269 261 1469 269 261 1470 272 285 1471 270 283 1472 269 261 1473 270 283 1474 267 263 1475 267 263 1476 270 283 1477 268 281 1478 267 263 1479 268 281 1480 265 265 1481 265 265 1482 268 281 1483 266 279 1484 265 265 1485 266 279 1486 263 267 1487 263 267 1488 266 279 1489 264 277 1490 263 267 1491 264 277 1492 261 269 1493 261 269 1494 264 277 1495 262 275 1496 261 269 1497 262 275 1498 257 229 1499 257 229 1500 262 275 1501 258 273 1502 257 229 1503 258 273 1504 260 231 1505 260 231 1506 258 273 1507 259 271 1508 260 231 1509 259 271 1510 295 233 1511 295 233 1512 259 271 1513 296 312 1514 295 233 1515 296 312 1516 293 235 1517 293 235 1518 296 312 1519 294 310 1520 293 235 1521 294 310 1522 291 237 1523 291 237 1524 294 310 1525 292 308 1526 291 237 1527 292 308 1528 289 239 1529 289 239 1530 292 308 1531 290 306 1532 289 239 1533 290 306 1534 287 241 1535 287 241 1536 290 306 1537 288 304 1538 287 241 1539 288 304 1540 285 243 1541 285 243 1542 288 304 1543 286 302 1544 285 243 1545 286 302 1546 283 245 1547 283 245 1548 286 302 1549 284 300 1550 283 245 1551 284 300 1552 281 247 1553 281 247 1554 284 300 1555 282 298 1556 281 247 1557 282 298 1558 279 249 1559 279 249 1560 282 298 1561 280 296 1562 279 249 1563 280 296 1564 255 251 1565 255 251 1566 280 296 1567 256 293 1568 254 274 1569 297 313 1570 233 272 1571 233 272 1572 297 313 1573 298 314 1574 233 272 1575 298 314 1576 234 270 1577 234 270 1578 298 314 1579 299 315 1580 234 270 1581 299 315 1582 235 311 1583 235 311 1584 299 315 1585 300 316 1586 235 311 1587 300 316 1588 236 309 1589 236 309 1590 300 316 1591 301 317 1592 236 309 1593 301 317 1594 237 307 1595 237 307 1596 301 317 1597 302 318 1598 237 307 1599 302 318 1600 238 305 1601 238 305 1602 302 318 1603 303 319 1604 238 305 1605 303 319 1606 239 303 1607 239 303 1608 303 319 1609 304 320 1610 239 303 1611 304 320 1612 240 301 1613 240 301 1614 304 320 1615 305 321 1616 240 301 1617 305 321 1618 241 299 1619 241 299 1620 305 321 1621 306 322 1622 241 299 1623 306 322 1624 242 297 1625 242 297 1626 306 322 1627 307 323 1628 242 297 1629 307 323 1630 243 295 1631 243 295 1632 307 323 1633 244 294 1634 244 294 1635 307 323 1636 308 324 1637 244 294 1638 308 324 1639 245 292 1640 245 292 1641 308 324 1642 309 325 1643 245 292 1644 309 325 1645 310 326 1646 297 313 1647 254 274 1648 318 327 1649 318 327 1650 254 274 1651 253 276 1652 318 327 1653 253 276 1654 317 328 1655 317 328 1656 253 276 1657 252 278 1658 317 328 1659 252 278 1660 316 329 1661 316 329 1662 252 278 1663 251 280 1664 316 329 1665 251 280 1666 315 330 1667 315 330 1668 251 280 1669 250 282 1670 315 330 1671 250 282 1672 314 331 1673 314 331 1674 250 282 1675 249 284 1676 314 331 1677 249 284 1678 313 332 1679 313 332 1680 249 284 1681 248 286 1682 313 332 1683 248 286 1684 312 333 1685 312 333 1686 248 286 1687 247 288 1688 312 333 1689 247 288 1690 311 334 1691 311 334 1692 247 288 1693 246 290 1694 311 334 1695 246 290 1696 310 326 1697 310 326 1698 246 290 1699 245 292 1700 318 335 1701 342 336 1702 297 337 1703 297 337 1704 342 336 1705 319 338 1706 297 337 1707 319 338 1708 320 339 1709 342 336 1710 318 335 1711 341 340 1712 341 340 1713 318 335 1714 317 341 1715 341 340 1716 317 341 1717 340 342 1718 340 342 1719 317 341 1720 316 343 1721 340 342 1722 316 343 1723 339 344 1724 339 344 1725 316 343 1726 315 345 1727 339 344 1728 315 345 1729 338 346 1730 338 346 1731 315 345 1732 314 347 1733 338 346 1734 314 347 1735 337 348 1736 337 348 1737 314 347 1738 313 349 1739 337 348 1740 313 349 1741 336 350 1742 336 350 1743 313 349 1744 312 351 1745 336 350 1746 312 351 1747 335 352 1748 335 352 1749 312 351 1750 311 353 1751 335 352 1752 311 353 1753 334 354 1754 334 354 1755 311 353 1756 310 355 1757 334 354 1758 310 355 1759 333 356 1760 333 356 1761 310 355 1762 309 357 1763 333 356 1764 309 357 1765 332 358 1766 332 358 1767 309 357 1768 308 359 1769 332 358 1770 308 359 1771 331 360 1772 331 360 1773 308 359 1774 330 361 1775 330 361 1776 308 359 1777 307 362 1778 330 361 1779 307 362 1780 329 363 1781 329 363 1782 307 362 1783 306 364 1784 329 363 1785 306 364 1786 328 365 1787 328 365 1788 306 364 1789 305 366 1790 328 365 1791 305 366 1792 327 367 1793 327 367 1794 305 366 1795 304 368 1796 327 367 1797 304 368 1798 326 369 1799 326 369 1800 304 368 1801 303 370 1802 326 369 1803 303 370 1804 325 371 1805 325 371 1806 303 370 1807 302 372 1808 325 371 1809 302 372 1810 324 373 1811 324 373 1812 302 372 1813 301 374 1814 324 373 1815 301 374 1816 323 375 1817 323 375 1818 301 374 1819 300 376 1820 323 375 1821 300 376 1822 322 377 1823 322 377 1824 300 376 1825 299 378 1826 322 377 1827 299 378 1828 321 379 1829 321 379 1830 299 378 1831 298 380 1832 321 379 1833 298 380 1834 320 339 1835 320 339 1836 298 380 1837 297 337 1838 342 336 1839 368 381 1840 319 338 1841 319 338 1842 368 381 1843 369 382 1844 319 338 1845 369 382 1846 320 339 1847 320 339 1848 369 382 1849 391 383 1850 320 339 1851 391 383 1852 321 379 1853 321 379 1854 391 383 1855 390 384 1856 321 379 1857 390 384 1858 322 377 1859 322 377 1860 390 384 1861 389 385 1862 322 377 1863 389 385 1864 323 375 1865 323 375 1866 389 385 1867 388 386 1868 323 375 1869 388 386 1870 324 373 1871 324 373 1872 388 386 1873 387 387 1874 324 373 1875 387 387 1876 325 371 1877 325 371 1878 387 387 1879 386 388 1880 325 371 1881 386 388 1882 326 369 1883 326 369 1884 386 388 1885 385 389 1886 326 369 1887 385 389 1888 327 367 1889 327 367 1890 385 389 1891 384 390 1892 327 367 1893 384 390 1894 328 365 1895 328 365 1896 384 390 1897 383 391 1898 328 365 1899 383 391 1900 329 363 1901 329 363 1902 383 391 1903 382 392 1904 329 363 1905 382 392 1906 330 361 1907 330 361 1908 382 392 1909 381 393 1910 330 361 1911 381 393 1912 331 360 1913 331 360 1914 381 393 1915 367 394 1916 331 360 1917 367 394 1918 380 395 1919 380 395 1920 367 394 1921 355 396 1922 380 395 1923 355 396 1924 356 397 1925 368 381 1926 342 336 1927 370 398 1928 370 398 1929 342 336 1930 341 340 1931 370 398 1932 341 340 1933 371 399 1934 371 399 1935 341 340 1936 340 342 1937 371 399 1938 340 342 1939 372 400 1940 372 400 1941 340 342 1942 339 344 1943 372 400 1944 339 344 1945 373 401 1946 373 401 1947 339 344 1948 338 346 1949 373 401 1950 338 346 1951 374 402 1952 374 402 1953 338 346 1954 337 348 1955 374 402 1956 337 348 1957 375 403 1958 375 403 1959 337 348 1960 336 350 1961 375 403 1962 336 350 1963 376 404 1964 376 404 1965 336 350 1966 335 352 1967 376 404 1968 335 352 1969 377 405 1970 377 405 1971 335 352 1972 334 354 1973 377 405 1974 334 354 1975 378 406 1976 378 406 1977 334 354 1978 333 356 1979 378 406 1980 333 356 1981 379 407 1982 379 407 1983 333 356 1984 332 358 1985 379 407 1986 332 358 1987 380 395 1988 380 395 1989 332 358 1990 331 360 1991 344 408 1992 369 382 1993 343 409 1994 343 409 1995 369 382 1996 368 381 1997 343 409 1998 368 381 1999 366 410 2000 366 410 2001 368 381 2002 370 398 2003 366 410 2004 370 398 2005 365 411 2006 365 411 2007 370 398 2008 371 399 2009 365 411 2010 371 399 2011 364 412 2012 364 412 2013 371 399 2014 372 400 2015 364 412 2016 372 400 2017 363 413 2018 363 413 2019 372 400 2020 373 401 2021 363 413 2022 373 401 2023 362 414 2024 362 414 2025 373 401 2026 374 402 2027 362 414 2028 374 402 2029 361 415 2030 361 415 2031 374 402 2032 375 403 2033 361 415 2034 375 403 2035 360 416 2036 360 416 2037 375 403 2038 376 404 2039 360 416 2040 376 404 2041 359 417 2042 359 417 2043 376 404 2044 377 405 2045 359 417 2046 377 405 2047 358 418 2048 358 418 2049 377 405 2050 378 406 2051 358 418 2052 378 406 2053 357 419 2054 357 419 2055 378 406 2056 379 407 2057 357 419 2058 379 407 2059 356 397 2060 356 397 2061 379 407 2062 380 395 2063 369 382 2064 344 408 2065 391 383 2066 391 383 2067 344 408 2068 345 420 2069 391 383 2070 345 420 2071 390 384 2072 390 384 2073 345 420 2074 346 421 2075 390 384 2076 346 421 2077 389 385 2078 389 385 2079 346 421 2080 347 422 2081 389 385 2082 347 422 2083 388 386 2084 388 386 2085 347 422 2086 348 423 2087 388 386 2088 348 423 2089 387 387 2090 387 387 2091 348 423 2092 349 424 2093 387 387 2094 349 424 2095 386 388 2096 386 388 2097 349 424 2098 350 425 2099 386 388 2100 350 425 2101 385 389 2102 385 389 2103 350 425 2104 351 426 2105 385 389 2106 351 426 2107 384 390 2108 384 390 2109 351 426 2110 352 427 2111 384 390 2112 352 427 2113 383 391 2114 383 391 2115 352 427 2116 353 428 2117 383 391 2118 353 428 2119 382 392 2120 382 392 2121 353 428 2122 354 429 2123 382 392 2124 354 429 2125 381 393 2126 381 393 2127 354 429 2128 355 396 2129 381 393 2130 355 396 2131 367 394 2132 415 430 2133 442 431 2134 392 432 2135 392 432 2136 442 431 2137 445 433 2138 392 432 2139 445 433 2140 393 434 2141 393 434 2142 445 433 2143 486 435 2144 393 434 2145 486 435 2146 394 436 2147 394 436 2148 486 435 2149 484 437 2150 394 436 2151 484 437 2152 395 438 2153 395 438 2154 484 437 2155 482 439 2156 395 438 2157 482 439 2158 396 440 2159 396 440 2160 482 439 2161 480 441 2162 396 440 2163 480 441 2164 397 442 2165 397 442 2166 480 441 2167 478 443 2168 397 442 2169 478 443 2170 398 444 2171 398 444 2172 478 443 2173 476 445 2174 398 444 2175 476 445 2176 399 446 2177 399 446 2178 476 445 2179 474 447 2180 399 446 2181 474 447 2182 400 448 2183 400 448 2184 474 447 2185 472 449 2186 400 448 2187 472 449 2188 401 450 2189 401 450 2190 472 449 2191 470 451 2192 401 450 2193 470 451 2194 402 452 2195 402 452 2196 470 451 2197 468 453 2198 402 452 2199 468 453 2200 403 454 2201 403 454 2202 468 453 2203 466 455 2204 403 454 2205 466 455 2206 404 456 2207 404 456 2208 466 455 2209 440 457 2210 404 456 2211 440 457 2212 405 458 2213 405 458 2214 440 457 2215 464 459 2216 405 458 2217 464 459 2218 406 460 2219 406 460 2220 464 459 2221 462 461 2222 406 460 2223 462 461 2224 407 462 2225 407 462 2226 462 461 2227 460 463 2228 407 462 2229 460 463 2230 408 464 2231 408 464 2232 460 463 2233 458 465 2234 408 464 2235 458 465 2236 409 466 2237 409 466 2238 458 465 2239 456 467 2240 409 466 2241 456 467 2242 410 468 2243 410 468 2244 456 467 2245 454 469 2246 410 468 2247 454 469 2248 411 470 2249 411 470 2250 454 469 2251 452 471 2252 411 470 2253 452 471 2254 412 472 2255 412 472 2256 452 471 2257 450 473 2258 412 472 2259 450 473 2260 413 474 2261 413 474 2262 450 473 2263 448 475 2264 413 474 2265 448 475 2266 414 476 2267 414 476 2268 448 475 2269 446 477 2270 414 476 2271 446 477 2272 415 430 2273 415 430 2274 446 477 2275 442 431 2276 417 478 2277 487 479 2278 416 480 2279 416 480 2280 487 479 2281 444 481 2282 416 480 2283 444 481 2284 439 482 2285 439 482 2286 444 481 2287 443 483 2288 439 482 2289 443 483 2290 438 484 2291 438 484 2292 443 483 2293 447 485 2294 438 484 2295 447 485 2296 437 486 2297 437 486 2298 447 485 2299 449 487 2300 437 486 2301 449 487 2302 436 488 2303 436 488 2304 449 487 2305 451 489 2306 436 488 2307 451 489 2308 435 490 2309 435 490 2310 451 489 2311 453 491 2312 435 490 2313 453 491 2314 434 492 2315 434 492 2316 453 491 2317 455 493 2318 434 492 2319 455 493 2320 433 494 2321 433 494 2322 455 493 2323 457 495 2324 433 494 2325 457 495 2326 432 496 2327 432 496 2328 457 495 2329 459 497 2330 432 496 2331 459 497 2332 431 498 2333 431 498 2334 459 497 2335 461 499 2336 431 498 2337 461 499 2338 430 500 2339 430 500 2340 461 499 2341 463 501 2342 430 500 2343 463 501 2344 429 502 2345 429 502 2346 463 501 2347 465 503 2348 429 502 2349 465 503 2350 428 504 2351 428 504 2352 465 503 2353 441 505 2354 428 504 2355 441 505 2356 427 506 2357 427 506 2358 441 505 2359 467 507 2360 427 506 2361 467 507 2362 426 508 2363 426 508 2364 467 507 2365 469 509 2366 426 508 2367 469 509 2368 425 510 2369 425 510 2370 469 509 2371 471 511 2372 425 510 2373 471 511 2374 424 512 2375 424 512 2376 471 511 2377 473 513 2378 424 512 2379 473 513 2380 423 514 2381 423 514 2382 473 513 2383 475 515 2384 423 514 2385 475 515 2386 422 516 2387 422 516 2388 475 515 2389 477 517 2390 422 516 2391 477 517 2392 421 518 2393 421 518 2394 477 517 2395 479 519 2396 421 518 2397 479 519 2398 420 520 2399 420 520 2400 479 519 2401 481 521 2402 420 520 2403 481 521 2404 419 522 2405 419 522 2406 481 521 2407 483 523 2408 419 522 2409 483 523 2410 418 524 2411 418 524 2412 483 523 2413 485 525 2414 418 524 2415 485 525 2416 417 478 2417 417 478 2418 485 525 2419 487 479 2420 440 457 2421 441 505 2422 464 459 2423 464 459 2424 441 505 2425 465 503 2426 464 459 2427 465 503 2428 462 461 2429 462 461 2430 465 503 2431 463 501 2432 462 461 2433 463 501 2434 460 463 2435 460 463 2436 463 501 2437 461 499 2438 460 463 2439 461 499 2440 458 465 2441 458 465 2442 461 499 2443 459 497 2444 458 465 2445 459 497 2446 456 467 2447 456 467 2448 459 497 2449 457 495 2450 456 467 2451 457 495 2452 454 469 2453 454 469 2454 457 495 2455 455 493 2456 454 469 2457 455 493 2458 452 471 2459 452 471 2460 455 493 2461 453 491 2462 452 471 2463 453 491 2464 450 473 2465 450 473 2466 453 491 2467 451 489 2468 450 473 2469 451 489 2470 448 475 2471 448 475 2472 451 489 2473 449 487 2474 448 475 2475 449 487 2476 446 477 2477 446 477 2478 449 487 2479 447 485 2480 446 477 2481 447 485 2482 442 431 2483 442 431 2484 447 485 2485 443 483 2486 442 431 2487 443 483 2488 445 433 2489 445 433 2490 443 483 2491 444 481 2492 445 433 2493 444 481 2494 486 435 2495 486 435 2496 444 481 2497 487 479 2498 486 435 2499 487 479 2500 484 437 2501 484 437 2502 487 479 2503 485 525 2504 484 437 2505 485 525 2506 482 439 2507 482 439 2508 485 525 2509 483 523 2510 482 439 2511 483 523 2512 480 441 2513 480 441 2514 483 523 2515 481 521 2516 480 441 2517 481 521 2518 478 443 2519 478 443 2520 481 521 2521 479 519 2522 478 443 2523 479 519 2524 476 445 2525 476 445 2526 479 519 2527 477 517 2528 476 445 2529 477 517 2530 474 447 2531 474 447 2532 477 517 2533 475 515 2534 474 447 2535 475 515 2536 472 449 2537 472 449 2538 475 515 2539 473 513 2540 472 449 2541 473 513 2542 470 451 2543 470 451 2544 473 513 2545 471 511 2546 470 451 2547 471 511 2548 468 453 2549 468 453 2550 471 511 2551 469 509 2552 468 453 2553 469 509 2554 466 455 2555 466 455 2556 469 509 2557 467 507 2558 466 455 2559 467 507 2560 440 457 2561 440 457 2562 467 507 2563 441 505 2564 417 478 2565 416 480 2566 488 526 2567 488 526 2568 416 480 2569 439 482 2570 488 526 2571 439 482 2572 509 527 2573 509 527 2574 439 482 2575 438 484 2576 509 527 2577 438 484 2578 508 528 2579 508 528 2580 438 484 2581 437 486 2582 508 528 2583 437 486 2584 507 529 2585 507 529 2586 437 486 2587 436 488 2588 507 529 2589 436 488 2590 506 530 2591 506 530 2592 436 488 2593 435 490 2594 506 530 2595 435 490 2596 505 531 2597 505 531 2598 435 490 2599 434 492 2600 505 531 2601 434 492 2602 504 532 2603 504 532 2604 434 492 2605 433 494 2606 504 532 2607 433 494 2608 503 533 2609 503 533 2610 433 494 2611 432 496 2612 503 533 2613 432 496 2614 502 534 2615 502 534 2616 432 496 2617 431 498 2618 502 534 2619 431 498 2620 501 535 2621 501 535 2622 431 498 2623 430 500 2624 501 535 2625 430 500 2626 500 536 2627 500 536 2628 430 500 2629 429 502 2630 500 536 2631 429 502 2632 499 537 2633 499 537 2634 429 502 2635 428 504 2636 499 537 2637 428 504 2638 427 506 2639 499 537 2640 427 506 2641 498 538 2642 498 538 2643 427 506 2644 426 508 2645 498 538 2646 426 508 2647 497 539 2648 497 539 2649 426 508 2650 425 510 2651 497 539 2652 425 510 2653 496 540 2654 496 540 2655 425 510 2656 424 512 2657 496 540 2658 424 512 2659 495 541 2660 495 541 2661 424 512 2662 423 514 2663 495 541 2664 423 514 2665 494 542 2666 494 542 2667 423 514 2668 422 516 2669 494 542 2670 422 516 2671 493 543 2672 493 543 2673 422 516 2674 421 518 2675 493 543 2676 421 518 2677 492 544 2678 492 544 2679 421 518 2680 420 520 2681 492 544 2682 420 520 2683 491 545 2684 491 545 2685 420 520 2686 419 522 2687 491 545 2688 419 522 2689 490 546 2690 490 546 2691 419 522 2692 418 524 2693 490 546 2694 418 524 2695 489 547 2696 489 547 2697 418 524 2698 417 478 2699 489 547 2700 417 478 2701 488 526 2702 489 548 2703 488 549 2704 510 550 2705 510 550 2706 488 549 2707 509 551 2708 510 550 2709 509 551 2710 529 552 2711 529 552 2712 509 551 2713 508 553 2714 529 552 2715 508 553 2716 528 554 2717 528 554 2718 508 553 2719 507 555 2720 528 554 2721 507 555 2722 527 556 2723 527 556 2724 507 555 2725 506 557 2726 527 556 2727 506 557 2728 526 558 2729 526 558 2730 506 557 2731 505 559 2732 526 558 2733 505 559 2734 525 560 2735 525 560 2736 505 559 2737 504 561 2738 525 560 2739 504 561 2740 524 562 2741 524 562 2742 504 561 2743 503 563 2744 524 562 2745 503 563 2746 523 564 2747 523 564 2748 503 563 2749 502 565 2750 523 564 2751 502 565 2752 522 566 2753 522 566 2754 502 565 2755 501 567 2756 522 566 2757 501 567 2758 521 568 2759 521 568 2760 501 567 2761 500 569 2762 521 568 2763 500 569 2764 520 570 2765 520 570 2766 500 569 2767 499 571 2768 520 570 2769 499 571 2770 498 572 2771 520 570 2772 498 572 2773 519 573 2774 519 573 2775 498 572 2776 497 574 2777 519 573 2778 497 574 2779 518 575 2780 518 575 2781 497 574 2782 496 576 2783 518 575 2784 496 576 2785 517 577 2786 517 577 2787 496 576 2788 495 578 2789 517 577 2790 495 578 2791 516 579 2792 516 579 2793 495 578 2794 494 580 2795 516 579 2796 494 580 2797 515 581 2798 515 581 2799 494 580 2800 493 582 2801 515 581 2802 493 582 2803 514 583 2804 514 583 2805 493 582 2806 492 584 2807 514 583 2808 492 584 2809 513 585 2810 513 585 2811 492 584 2812 491 586 2813 513 585 2814 491 586 2815 512 587 2816 512 587 2817 491 586 2818 490 588 2819 512 587 2820 490 588 2821 511 589 2822 511 589 2823 490 588 2824 489 548 2825 511 589 2826 489 548 2827 510 550 2828 529 552 2829 550 590 2830 510 550 2831 510 550 2832 550 590 2833 551 591 2834 510 550 2835 551 591 2836 511 589 2837 511 589 2838 551 591 2839 568 592 2840 511 589 2841 568 592 2842 512 587 2843 512 587 2844 568 592 2845 567 593 2846 512 587 2847 567 593 2848 513 585 2849 513 585 2850 567 593 2851 566 594 2852 513 585 2853 566 594 2854 514 583 2855 514 583 2856 566 594 2857 565 595 2858 514 583 2859 565 595 2860 515 581 2861 515 581 2862 565 595 2863 564 596 2864 515 581 2865 564 596 2866 516 579 2867 516 579 2868 564 596 2869 563 597 2870 516 579 2871 563 597 2872 517 577 2873 517 577 2874 563 597 2875 562 598 2876 517 577 2877 562 598 2878 518 575 2879 518 575 2880 562 598 2881 561 599 2882 518 575 2883 561 599 2884 519 573 2885 519 573 2886 561 599 2887 560 600 2888 519 573 2889 560 600 2890 520 570 2891 520 570 2892 560 600 2893 549 601 2894 520 570 2895 549 601 2896 521 568 2897 521 568 2898 549 601 2899 559 602 2900 521 568 2901 559 602 2902 522 566 2903 522 566 2904 559 602 2905 558 603 2906 522 566 2907 558 603 2908 523 564 2909 523 564 2910 558 603 2911 557 604 2912 523 564 2913 557 604 2914 524 562 2915 524 562 2916 557 604 2917 556 605 2918 524 562 2919 556 605 2920 525 560 2921 525 560 2922 556 605 2923 555 606 2924 525 560 2925 555 606 2926 526 558 2927 526 558 2928 555 606 2929 554 607 2930 526 558 2931 554 607 2932 527 556 2933 527 556 2934 554 607 2935 553 608 2936 527 556 2937 553 608 2938 528 554 2939 528 554 2940 553 608 2941 552 609 2942 528 554 2943 552 609 2944 529 552 2945 529 552 2946 552 609 2947 550 590 2948 531 610 2949 568 592 2950 530 611 2951 530 611 2952 568 592 2953 551 591 2954 530 611 2955 551 591 2956 550 590 2957 568 592 2958 531 610 2959 567 593 2960 567 593 2961 531 610 2962 532 612 2963 567 593 2964 532 612 2965 566 594 2966 566 594 2967 532 612 2968 533 613 2969 566 594 2970 533 613 2971 565 595 2972 565 595 2973 533 613 2974 534 614 2975 565 595 2976 534 614 2977 564 596 2978 564 596 2979 534 614 2980 535 615 2981 564 596 2982 535 615 2983 563 597 2984 563 597 2985 535 615 2986 536 616 2987 563 597 2988 536 616 2989 562 598 2990 562 598 2991 536 616 2992 537 617 2993 562 598 2994 537 617 2995 561 599 2996 561 599 2997 537 617 2998 538 618 2999 561 599 3000 538 618 3001 560 600 3002 560 600 3003 538 618 3004 539 619 3005 560 600 3006 539 619 3007 549 601 3008 549 601 3009 539 619 3010 540 620 3011 549 601 3012 540 620 3013 559 602 3014 559 602 3015 540 620 3016 541 621 3017 559 602 3018 541 621 3019 558 603 3020 558 603 3021 541 621 3022 542 622 3023 558 603 3024 542 622 3025 557 604 3026 557 604 3027 542 622 3028 543 623 3029 557 604 3030 543 623 3031 556 605 3032 556 605 3033 543 623 3034 544 624 3035 556 605 3036 544 624 3037 555 606 3038 555 606 3039 544 624 3040 545 625 3041 555 606 3042 545 625 3043 554 607 3044 554 607 3045 545 625 3046 546 626 3047 554 607 3048 546 626 3049 553 608 3050 553 608 3051 546 626 3052 547 627 3053 553 608 3054 547 627 3055 552 609 3056 552 609 3057 547 627 3058 548 628 3059 552 609 3060 548 628 3061 550 590 3062 550 590 3063 548 628 3064 530 611 3065 531 48 3066 530 48 3067 569 48 3068 569 48 3069 530 48 3070 548 48 3071 569 48 3072 548 48 3073 583 48 3074 583 48 3075 548 48 3076 547 48 3077 583 48 3078 547 48 3079 582 48 3080 582 48 3081 547 48 3082 546 48 3083 582 48 3084 546 48 3085 581 48 3086 581 629 3087 546 629 3088 545 629 3089 581 48 3090 545 48 3091 580 48 3092 580 630 3093 545 630 3094 544 630 3095 580 48 3096 544 48 3097 543 48 3098 580 48 3099 543 48 3100 579 48 3101 579 631 3102 543 631 3103 542 631 3104 579 632 3105 542 632 3106 578 632 3107 578 48 3108 542 48 3109 541 48 3110 578 633 3111 541 633 3112 577 633 3113 577 634 3114 541 634 3115 540 634 3116 577 48 3117 540 48 3118 539 48 3119 577 635 3120 539 635 3121 576 635 3122 576 636 3123 539 636 3124 538 636 3125 576 48 3126 538 48 3127 575 48 3128 575 48 3129 538 48 3130 537 48 3131 575 48 3132 537 48 3133 574 48 3134 574 631 3135 537 631 3136 536 631 3137 574 48 3138 536 48 3139 573 48 3140 573 637 3141 536 637 3142 535 637 3143 573 638 3144 535 638 3145 534 638 3146 573 639 3147 534 639 3148 572 639 3149 572 640 3150 534 640 3151 533 640 3152 572 48 3153 533 48 3154 571 48 3155 571 48 3156 533 48 3157 532 48 3158 571 48 3159 532 48 3160 570 48 3161 570 48 3162 532 48 3163 531 48 3164 570 48 3165 531 48 3166 569 48 3167 583 641 3168 584 642 3169 569 643 3170 569 643 3171 584 642 3172 585 644 3173 569 643 3174 585 644 3175 570 645 3176 570 645 3177 585 644 3178 586 646 3179 570 645 3180 586 646 3181 571 647 3182 571 647 3183 586 646 3184 587 648 3185 571 647 3186 587 648 3187 572 649 3188 572 649 3189 587 648 3190 588 650 3191 572 649 3192 588 650 3193 573 651 3194 573 651 3195 588 650 3196 589 652 3197 573 651 3198 589 652 3199 574 653 3200 574 653 3201 589 652 3202 590 654 3203 574 653 3204 590 654 3205 575 655 3206 575 655 3207 590 654 3208 591 656 3209 575 655 3210 591 656 3211 576 657 3212 576 657 3213 591 656 3214 592 658 3215 576 657 3216 592 658 3217 577 659 3218 577 659 3219 592 658 3220 593 660 3221 577 659 3222 593 660 3223 578 661 3224 578 661 3225 593 660 3226 594 662 3227 578 661 3228 594 662 3229 579 663 3230 579 663 3231 594 662 3232 595 664 3233 579 663 3234 595 664 3235 580 665 3236 580 665 3237 595 664 3238 596 666 3239 580 665 3240 596 666 3241 581 667 3242 581 667 3243 596 666 3244 597 668 3245 581 667 3246 597 668 3247 582 669 3248 582 669 3249 597 668 3250 598 670 3251 582 669 3252 598 670 3253 583 641 3254 583 641 3255 598 670 3256 584 642 3257 598 670 3258 615 671 3259 584 642 3260 584 642 3261 615 671 3262 618 672 3263 584 642 3264 618 672 3265 585 644 3266 585 644 3267 618 672 3268 641 673 3269 585 644 3270 641 673 3271 586 646 3272 586 646 3273 641 673 3274 639 674 3275 586 646 3276 639 674 3277 587 648 3278 587 648 3279 639 674 3280 637 675 3281 587 648 3282 637 675 3283 588 650 3284 588 650 3285 637 675 3286 635 676 3287 588 650 3288 635 676 3289 589 652 3290 589 652 3291 635 676 3292 633 677 3293 589 652 3294 633 677 3295 590 654 3296 590 654 3297 633 677 3298 631 678 3299 590 654 3300 631 678 3301 591 656 3302 591 656 3303 631 678 3304 613 679 3305 591 656 3306 613 679 3307 592 658 3308 592 658 3309 613 679 3310 629 680 3311 592 658 3312 629 680 3313 593 660 3314 593 660 3315 629 680 3316 627 681 3317 593 660 3318 627 681 3319 594 662 3320 594 662 3321 627 681 3322 625 682 3323 594 662 3324 625 682 3325 595 664 3326 595 664 3327 625 682 3328 623 683 3329 595 664 3330 623 683 3331 596 666 3332 596 666 3333 623 683 3334 621 684 3335 596 666 3336 621 684 3337 597 668 3338 597 668 3339 621 684 3340 619 685 3341 597 668 3342 619 685 3343 598 670 3344 598 670 3345 619 685 3346 615 671 3347 600 686 3348 617 687 3349 599 688 3350 599 688 3351 617 687 3352 616 689 3353 599 688 3354 616 689 3355 612 690 3356 612 690 3357 616 689 3358 620 691 3359 612 690 3360 620 691 3361 611 692 3362 611 692 3363 620 691 3364 622 693 3365 611 692 3366 622 693 3367 610 694 3368 610 694 3369 622 693 3370 624 695 3371 610 694 3372 624 695 3373 609 696 3374 609 696 3375 624 695 3376 626 697 3377 609 696 3378 626 697 3379 608 698 3380 608 698 3381 626 697 3382 628 699 3383 608 698 3384 628 699 3385 607 700 3386 607 700 3387 628 699 3388 630 701 3389 607 700 3390 630 701 3391 606 702 3392 606 702 3393 630 701 3394 614 703 3395 606 702 3396 614 703 3397 632 704 3398 632 704 3399 614 703 3400 613 679 3401 632 704 3402 613 679 3403 631 678 3404 617 687 3405 600 686 3406 642 705 3407 642 705 3408 600 686 3409 601 706 3410 642 705 3411 601 706 3412 640 707 3413 640 707 3414 601 706 3415 602 708 3416 640 707 3417 602 708 3418 638 709 3419 638 709 3420 602 708 3421 603 710 3422 638 709 3423 603 710 3424 636 711 3425 636 711 3426 603 710 3427 604 712 3428 636 711 3429 604 712 3430 634 713 3431 634 713 3432 604 712 3433 605 714 3434 634 713 3435 605 714 3436 632 704 3437 632 704 3438 605 714 3439 606 702 3440 613 679 3441 614 703 3442 629 680 3443 629 680 3444 614 703 3445 630 701 3446 629 680 3447 630 701 3448 627 681 3449 627 681 3450 630 701 3451 628 699 3452 627 681 3453 628 699 3454 625 682 3455 625 682 3456 628 699 3457 626 697 3458 625 682 3459 626 697 3460 623 683 3461 623 683 3462 626 697 3463 624 695 3464 623 683 3465 624 695 3466 621 684 3467 621 684 3468 624 695 3469 622 693 3470 621 684 3471 622 693 3472 619 685 3473 619 685 3474 622 693 3475 620 691 3476 619 685 3477 620 691 3478 615 671 3479 615 671 3480 620 691 3481 616 689 3482 615 671 3483 616 689 3484 618 672 3485 618 672 3486 616 689 3487 617 687 3488 618 672 3489 617 687 3490 641 673 3491 641 673 3492 617 687 3493 642 705 3494 641 673 3495 642 705 3496 639 674 3497 639 674 3498 642 705 3499 640 707 3500 639 674 3501 640 707 3502 637 675 3503 637 675 3504 640 707 3505 638 709 3506 637 675 3507 638 709 3508 635 676 3509 635 676 3510 638 709 3511 636 711 3512 635 676 3513 636 711 3514 633 677 3515 633 677 3516 636 711 3517 634 713 3518 633 677 3519 634 713 3520 631 678 3521 631 678 3522 634 713 3523 632 704 3524 47 48 3525 607 48 3526 36 48 3527 36 48 3528 607 48 3529 606 48 3530 36 48 3531 606 48 3532 605 48 3533 607 48 3534 47 48 3535 608 48 3536 608 715 3537 47 715 3538 46 715 3539 608 48 3540 46 48 3541 609 48 3542 609 716 3543 46 716 3544 45 716 3545 609 48 3546 45 48 3547 610 48 3548 610 717 3549 45 717 3550 44 717 3551 610 48 3552 44 48 3553 611 48 3554 611 718 3555 44 718 3556 43 718 3557 611 48 3558 43 48 3559 612 48 3560 612 48 3561 43 48 3562 42 48 3563 612 48 3564 42 48 3565 599 48 3566 599 48 3567 42 48 3568 600 48 3569 600 48 3570 42 48 3571 41 48 3572 600 48 3573 41 48 3574 601 48 3575 601 719 3576 41 719 3577 40 719 3578 601 48 3579 40 48 3580 602 48 3581 602 720 3582 40 720 3583 39 720 3584 602 48 3585 39 48 3586 603 48 3587 603 721 3588 39 721 3589 38 721 3590 603 48 3591 38 48 3592 604 48 3593 604 722 3594 38 722 3595 37 722 3596 604 48 3597 37 48 3598 605 48 3599 605 48 3600 37 48 3601 36 48 3602 23 55 3603 653 55 3604 12 55 3605 12 723 3606 653 723 3607 654 723 3608 12 55 3609 654 55 3610 13 55 3611 13 724 3612 654 724 3613 655 724 3614 13 725 3615 655 725 3616 656 725 3617 22 726 3618 651 726 3619 23 726 3620 23 727 3621 651 727 3622 652 727 3623 23 728 3624 652 728 3625 653 728 3626 21 55 3627 649 55 3628 22 55 3629 22 729 3630 649 729 3631 650 729 3632 22 730 3633 650 730 3634 651 730 3635 20 731 3636 647 731 3637 21 731 3638 21 732 3639 647 732 3640 648 732 3641 21 733 3642 648 733 3643 649 733 3644 647 734 3645 20 734 3646 646 734 3647 646 735 3648 20 735 3649 19 735 3650 646 55 3651 19 55 3652 645 55 3653 645 55 3654 19 55 3655 644 55 3656 644 736 3657 19 736 3658 18 736 3659 644 55 3660 18 55 3661 643 55 3662 643 55 3663 18 55 3664 663 55 3665 663 737 3666 18 737 3667 17 737 3668 663 55 3669 17 55 3670 662 55 3671 662 55 3672 17 55 3673 661 55 3674 661 738 3675 17 738 3676 16 738 3677 661 55 3678 16 55 3679 660 55 3680 660 739 3681 16 739 3682 15 739 3683 660 740 3684 15 740 3685 659 740 3686 659 55 3687 15 55 3688 658 55 3689 658 741 3690 15 741 3691 14 741 3692 658 55 3693 14 55 3694 657 55 3695 657 742 3696 14 742 3697 656 742 3698 656 743 3699 14 743 3700 13 743 3701 663 744 3702 688 745 3703 643 746 3704 643 746 3705 688 745 3706 691 747 3707 643 746 3708 691 747 3709 644 748 3710 644 748 3711 691 747 3712 726 749 3713 644 748 3714 726 749 3715 645 750 3716 645 750 3717 726 749 3718 724 751 3719 645 750 3720 724 751 3721 646 752 3722 646 752 3723 724 751 3724 722 753 3725 646 752 3726 722 753 3727 647 754 3728 647 754 3729 722 753 3730 720 755 3731 647 754 3732 720 755 3733 648 756 3734 648 756 3735 720 755 3736 718 757 3737 648 756 3738 718 757 3739 649 758 3740 649 758 3741 718 757 3742 716 759 3743 649 758 3744 716 759 3745 650 760 3746 650 760 3747 716 759 3748 714 761 3749 650 760 3750 714 761 3751 651 762 3752 651 762 3753 714 761 3754 712 763 3755 651 762 3756 712 763 3757 652 764 3758 652 764 3759 712 763 3760 710 765 3761 652 764 3762 710 765 3763 653 766 3764 653 766 3765 710 765 3766 686 767 3767 653 766 3768 686 767 3769 654 768 3770 654 768 3771 686 767 3772 708 769 3773 654 768 3774 708 769 3775 655 770 3776 655 770 3777 708 769 3778 706 771 3779 655 770 3780 706 771 3781 656 772 3782 656 772 3783 706 771 3784 704 773 3785 656 772 3786 704 773 3787 657 774 3788 657 774 3789 704 773 3790 702 775 3791 657 774 3792 702 775 3793 658 776 3794 658 776 3795 702 775 3796 700 777 3797 658 776 3798 700 777 3799 659 778 3800 659 778 3801 700 777 3802 698 779 3803 659 778 3804 698 779 3805 660 780 3806 660 780 3807 698 779 3808 696 781 3809 660 780 3810 696 781 3811 661 782 3812 661 782 3813 696 781 3814 694 783 3815 661 782 3816 694 783 3817 662 784 3818 662 784 3819 694 783 3820 692 785 3821 662 784 3822 692 785 3823 663 744 3824 663 744 3825 692 785 3826 688 745 3827 665 786 3828 690 787 3829 664 788 3830 664 788 3831 690 787 3832 689 789 3833 664 788 3834 689 789 3835 685 790 3836 685 790 3837 689 789 3838 693 791 3839 685 790 3840 693 791 3841 684 792 3842 684 792 3843 693 791 3844 695 793 3845 684 792 3846 695 793 3847 683 794 3848 683 794 3849 695 793 3850 697 795 3851 683 794 3852 697 795 3853 682 796 3854 682 796 3855 697 795 3856 699 797 3857 682 796 3858 699 797 3859 681 798 3860 681 798 3861 699 797 3862 701 799 3863 681 798 3864 701 799 3865 680 800 3866 680 800 3867 701 799 3868 703 801 3869 680 800 3870 703 801 3871 679 802 3872 679 802 3873 703 801 3874 705 803 3875 679 802 3876 705 803 3877 678 804 3878 678 804 3879 705 803 3880 707 805 3881 678 804 3882 707 805 3883 677 806 3884 677 806 3885 707 805 3886 709 807 3887 677 806 3888 709 807 3889 676 808 3890 676 808 3891 709 807 3892 687 809 3893 676 808 3894 687 809 3895 675 810 3896 675 810 3897 687 809 3898 674 811 3899 674 811 3900 687 809 3901 711 812 3902 674 811 3903 711 812 3904 673 813 3905 673 813 3906 711 812 3907 713 814 3908 673 813 3909 713 814 3910 672 815 3911 672 815 3912 713 814 3913 715 816 3914 672 815 3915 715 816 3916 671 817 3917 671 817 3918 715 816 3919 717 818 3920 671 817 3921 717 818 3922 670 819 3923 670 819 3924 717 818 3925 719 820 3926 670 819 3927 719 820 3928 669 821 3929 669 821 3930 719 820 3931 721 822 3932 669 821 3933 721 822 3934 668 823 3935 668 823 3936 721 822 3937 723 824 3938 668 823 3939 723 824 3940 667 825 3941 667 825 3942 723 824 3943 725 826 3944 667 825 3945 725 826 3946 666 827 3947 666 827 3948 725 826 3949 727 828 3950 666 827 3951 727 828 3952 665 786 3953 665 786 3954 727 828 3955 690 787 3956 686 767 3957 687 809 3958 708 769 3959 708 769 3960 687 809 3961 709 807 3962 708 769 3963 709 807 3964 706 771 3965 706 771 3966 709 807 3967 707 805 3968 706 771 3969 707 805 3970 704 773 3971 704 773 3972 707 805 3973 705 803 3974 704 773 3975 705 803 3976 702 775 3977 702 775 3978 705 803 3979 703 801 3980 702 775 3981 703 801 3982 700 777 3983 700 777 3984 703 801 3985 701 799 3986 700 777 3987 701 799 3988 698 779 3989 698 779 3990 701 799 3991 699 797 3992 698 779 3993 699 797 3994 696 781 3995 696 781 3996 699 797 3997 697 795 3998 696 781 3999 697 795 4000 694 783 4001 694 783 4002 697 795 4003 695 793 4004 694 783 4005 695 793 4006 692 785 4007 692 785 4008 695 793 4009 693 791 4010 692 785 4011 693 791 4012 688 745 4013 688 745 4014 693 791 4015 689 789 4016 688 745 4017 689 789 4018 691 747 4019 691 747 4020 689 789 4021 690 787 4022 691 747 4023 690 787 4024 726 749 4025 726 749 4026 690 787 4027 727 828 4028 726 749 4029 727 828 4030 724 751 4031 724 751 4032 727 828 4033 725 826 4034 724 751 4035 725 826 4036 722 753 4037 722 753 4038 725 826 4039 723 824 4040 722 753 4041 723 824 4042 720 755 4043 720 755 4044 723 824 4045 721 822 4046 720 755 4047 721 822 4048 718 757 4049 718 757 4050 721 822 4051 719 820 4052 718 757 4053 719 820 4054 716 759 4055 716 759 4056 719 820 4057 717 818 4058 716 759 4059 717 818 4060 714 761 4061 714 761 4062 717 818 4063 715 816 4064 714 761 4065 715 816 4066 712 763 4067 712 763 4068 715 816 4069 713 814 4070 712 763 4071 713 814 4072 710 765 4073 710 765 4074 713 814 4075 711 812 4076 710 765 4077 711 812 4078 686 767 4079 686 767 4080 711 812 4081 687 809 4082 685 790 4083 728 829 4084 664 788 4085 664 788 4086 728 829 4087 729 830 4088 664 788 4089 729 830 4090 665 786 4091 665 786 4092 729 830 4093 730 831 4094 665 786 4095 730 831 4096 666 827 4097 666 827 4098 730 831 4099 731 832 4100 666 827 4101 731 832 4102 667 825 4103 667 825 4104 731 832 4105 732 833 4106 667 825 4107 732 833 4108 668 823 4109 668 823 4110 732 833 4111 733 834 4112 668 823 4113 733 834 4114 669 821 4115 669 821 4116 733 834 4117 734 835 4118 669 821 4119 734 835 4120 670 819 4121 670 819 4122 734 835 4123 735 836 4124 670 819 4125 735 836 4126 671 817 4127 671 817 4128 735 836 4129 736 837 4130 671 817 4131 736 837 4132 672 815 4133 672 815 4134 736 837 4135 737 838 4136 672 815 4137 737 838 4138 673 813 4139 673 813 4140 737 838 4141 738 839 4142 673 813 4143 738 839 4144 674 811 4145 674 811 4146 738 839 4147 675 810 4148 675 810 4149 738 839 4150 739 840 4151 675 810 4152 739 840 4153 676 808 4154 676 808 4155 739 840 4156 740 841 4157 676 808 4158 740 841 4159 741 842 4160 728 829 4161 685 790 4162 749 843 4163 749 843 4164 685 790 4165 684 792 4166 749 843 4167 684 792 4168 748 844 4169 748 844 4170 684 792 4171 683 794 4172 748 844 4173 683 794 4174 747 845 4175 747 845 4176 683 794 4177 682 796 4178 747 845 4179 682 796 4180 746 846 4181 746 846 4182 682 796 4183 681 798 4184 746 846 4185 681 798 4186 745 847 4187 745 847 4188 681 798 4189 680 800 4190 745 847 4191 680 800 4192 744 848 4193 744 848 4194 680 800 4195 679 802 4196 744 848 4197 679 802 4198 743 849 4199 743 849 4200 679 802 4201 678 804 4202 743 849 4203 678 804 4204 742 850 4205 742 850 4206 678 804 4207 677 806 4208 742 850 4209 677 806 4210 741 842 4211 741 842 4212 677 806 4213 676 808 4214 749 843 4215 752 851 4216 728 829 4217 728 829 4218 752 851 4219 755 852 4220 728 829 4221 755 852 4222 729 830 4223 729 830 4224 755 852 4225 790 853 4226 729 830 4227 790 853 4228 730 831 4229 730 831 4230 790 853 4231 788 854 4232 730 831 4233 788 854 4234 731 832 4235 731 832 4236 788 854 4237 786 855 4238 731 832 4239 786 855 4240 732 833 4241 732 833 4242 786 855 4243 784 856 4244 732 833 4245 784 856 4246 733 834 4247 733 834 4248 784 856 4249 782 857 4250 733 834 4251 782 857 4252 734 835 4253 734 835 4254 782 857 4255 780 858 4256 734 835 4257 780 858 4258 735 836 4259 735 836 4260 780 858 4261 778 859 4262 735 836 4263 778 859 4264 736 837 4265 736 837 4266 778 859 4267 776 860 4268 736 837 4269 776 860 4270 737 838 4271 737 838 4272 776 860 4273 774 861 4274 737 838 4275 774 861 4276 738 839 4277 738 839 4278 774 861 4279 750 862 4280 738 839 4281 750 862 4282 739 840 4283 739 840 4284 750 862 4285 740 841 4286 740 841 4287 750 862 4288 772 863 4289 740 841 4290 772 863 4291 741 842 4292 741 842 4293 772 863 4294 770 864 4295 741 842 4296 770 864 4297 742 850 4298 742 850 4299 770 864 4300 768 865 4301 742 850 4302 768 865 4303 743 849 4304 743 849 4305 768 865 4306 766 866 4307 743 849 4308 766 866 4309 744 848 4310 744 848 4311 766 866 4312 764 867 4313 744 848 4314 764 867 4315 745 847 4316 745 847 4317 764 867 4318 762 868 4319 745 847 4320 762 868 4321 746 846 4322 746 846 4323 762 868 4324 760 869 4325 746 846 4326 760 869 4327 747 845 4328 747 845 4329 760 869 4330 758 870 4331 747 845 4332 758 870 4333 748 844 4334 748 844 4335 758 870 4336 756 871 4337 748 844 4338 756 871 4339 749 843 4340 749 843 4341 756 871 4342 752 851 4343 68 872 4344 754 873 4345 48 874 4346 48 874 4347 754 873 4348 753 875 4349 48 874 4350 753 875 4351 49 876 4352 49 876 4353 753 875 4354 757 877 4355 49 876 4356 757 877 4357 50 878 4358 50 878 4359 757 877 4360 759 879 4361 50 878 4362 759 879 4363 51 880 4364 51 880 4365 759 879 4366 761 881 4367 51 880 4368 761 881 4369 52 882 4370 52 882 4371 761 881 4372 763 883 4373 52 882 4374 763 883 4375 53 884 4376 53 884 4377 763 883 4378 765 885 4379 53 884 4380 765 885 4381 54 886 4382 54 886 4383 765 885 4384 767 887 4385 54 886 4386 767 887 4387 55 888 4388 55 888 4389 767 887 4390 769 889 4391 55 888 4392 769 889 4393 56 890 4394 56 890 4395 769 889 4396 771 891 4397 56 890 4398 771 891 4399 57 892 4400 57 892 4401 771 891 4402 773 893 4403 57 892 4404 773 893 4405 58 894 4406 58 894 4407 773 893 4408 751 895 4409 58 894 4410 751 895 4411 59 896 4412 59 896 4413 751 895 4414 775 897 4415 59 896 4416 775 897 4417 60 898 4418 60 898 4419 775 897 4420 777 899 4421 60 898 4422 777 899 4423 61 900 4424 61 900 4425 777 899 4426 779 901 4427 61 900 4428 779 901 4429 62 902 4430 62 902 4431 779 901 4432 781 903 4433 62 902 4434 781 903 4435 63 904 4436 63 904 4437 781 903 4438 783 905 4439 63 904 4440 783 905 4441 64 906 4442 64 906 4443 783 905 4444 785 907 4445 64 906 4446 785 907 4447 65 908 4448 65 908 4449 785 907 4450 787 909 4451 65 908 4452 787 909 4453 66 910 4454 66 910 4455 787 909 4456 789 911 4457 66 910 4458 789 911 4459 67 912 4460 67 912 4461 789 911 4462 791 913 4463 67 912 4464 791 913 4465 68 872 4466 68 872 4467 791 913 4468 754 873 4469 750 862 4470 751 895 4471 772 863 4472 772 863 4473 751 895 4474 773 893 4475 772 863 4476 773 893 4477 770 864 4478 770 864 4479 773 893 4480 771 891 4481 770 864 4482 771 891 4483 768 865 4484 768 865 4485 771 891 4486 769 889 4487 768 865 4488 769 889 4489 766 866 4490 766 866 4491 769 889 4492 767 887 4493 766 866 4494 767 887 4495 764 867 4496 764 867 4497 767 887 4498 765 885 4499 764 867 4500 765 885 4501 762 868 4502 762 868 4503 765 885 4504 763 883 4505 762 868 4506 763 883 4507 760 869 4508 760 869 4509 763 883 4510 761 881 4511 760 869 4512 761 881 4513 758 870 4514 758 870 4515 761 881 4516 759 879 4517 758 870 4518 759 879 4519 756 871 4520 756 871 4521 759 879 4522 757 877 4523 756 871 4524 757 877 4525 752 851 4526 752 851 4527 757 877 4528 753 875 4529 752 851 4530 753 875 4531 755 852 4532 755 852 4533 753 875 4534 754 873 4535 755 852 4536 754 873 4537 790 853 4538 790 853 4539 754 873 4540 791 913 4541 790 853 4542 791 913 4543 788 854 4544 788 854 4545 791 913 4546 789 911 4547 788 854 4548 789 911 4549 786 855 4550 786 855 4551 789 911 4552 787 909 4553 786 855 4554 787 909 4555 784 856 4556 784 856 4557 787 909 4558 785 907 4559 784 856 4560 785 907 4561 782 857 4562 782 857 4563 785 907 4564 783 905 4565 782 857 4566 783 905 4567 780 858 4568 780 858 4569 783 905 4570 781 903 4571 780 858 4572 781 903 4573 778 859 4574 778 859 4575 781 903 4576 779 901 4577 778 859 4578 779 901 4579 776 860 4580 776 860 4581 779 901 4582 777 899 4583 776 860 4584 777 899 4585 774 861 4586 774 861 4587 777 899 4588 775 897 4589 774 861 4590 775 897 4591 750 862 4592 750 862 4593 775 897 4594 751 895 4595</p>
        </triangles>
        <triangles material="Plastic_-_Glossy__Black__024-material" count="160">
          <input semantic="VERTEX" source="#edf_impeler-mesh-vertices" offset="0"/>
          <input semantic="NORMAL" source="#edf_impeler-mesh-normals" offset="1"/>
          <input semantic="TEXCOORD" source="#edf_impeler-mesh-map-0" offset="2" set="0"/>
          <p>366 410 4596 415 430 4597 343 409 4598 343 409 4599 415 430 4600 392 432 4601 343 409 4602 392 432 4603 344 408 4604 344 408 4605 392 432 4606 393 434 4607 344 408 4608 393 434 4609 345 420 4610 345 420 4611 393 434 4612 394 436 4613 345 420 4614 394 436 4615 346 421 4616 346 421 4617 394 436 4618 395 438 4619 346 421 4620 395 438 4621 347 422 4622 347 422 4623 395 438 4624 396 440 4625 347 422 4626 396 440 4627 348 423 4628 348 423 4629 396 440 4630 397 442 4631 348 423 4632 397 442 4633 349 424 4634 349 424 4635 397 442 4636 398 444 4637 349 424 4638 398 444 4639 350 425 4640 350 425 4641 398 444 4642 399 446 4643 350 425 4644 399 446 4645 351 426 4646 351 426 4647 399 446 4648 400 448 4649 351 426 4650 400 448 4651 352 427 4652 352 427 4653 400 448 4654 401 450 4655 352 427 4656 401 450 4657 353 428 4658 353 428 4659 401 450 4660 402 452 4661 353 428 4662 402 452 4663 354 429 4664 354 429 4665 402 452 4666 403 454 4667 354 429 4668 403 454 4669 355 396 4670 355 396 4671 403 454 4672 404 456 4673 355 396 4674 404 456 4675 356 397 4676 356 397 4677 404 456 4678 405 458 4679 356 397 4680 405 458 4681 357 419 4682 357 419 4683 405 458 4684 406 460 4685 357 419 4686 406 460 4687 358 418 4688 358 418 4689 406 460 4690 407 462 4691 358 418 4692 407 462 4693 359 417 4694 359 417 4695 407 462 4696 408 464 4697 359 417 4698 408 464 4699 360 416 4700 360 416 4701 408 464 4702 409 466 4703 360 416 4704 409 466 4705 361 415 4706 361 415 4707 409 466 4708 410 468 4709 361 415 4710 410 468 4711 362 414 4712 362 414 4713 410 468 4714 411 470 4715 362 414 4716 411 470 4717 363 413 4718 363 413 4719 411 470 4720 412 472 4721 363 413 4722 412 472 4723 364 412 4724 364 412 4725 412 472 4726 413 474 4727 364 412 4728 413 474 4729 365 411 4730 365 411 4731 413 474 4732 414 476 4733 365 411 4734 414 476 4735 366 410 4736 366 410 4737 414 476 4738 415 430 4739 793 914 4740 815 915 4741 792 916 4742 792 916 4743 815 915 4744 804 917 4745 792 916 4746 804 917 4747 803 918 4748 803 918 4749 804 917 4750 805 919 4751 803 918 4752 805 919 4753 802 920 4754 802 920 4755 805 919 4756 806 921 4757 802 920 4758 806 921 4759 801 922 4760 801 922 4761 806 921 4762 807 923 4763 801 922 4764 807 923 4765 800 924 4766 800 924 4767 807 923 4768 808 925 4769 800 924 4770 808 925 4771 799 926 4772 799 926 4773 808 925 4774 809 1 4775 799 926 4776 809 1 4777 798 927 4778 798 927 4779 809 1 4780 810 928 4781 798 927 4782 810 928 4783 797 929 4784 797 929 4785 810 928 4786 811 930 4787 797 929 4788 811 930 4789 796 931 4790 796 931 4791 811 930 4792 812 932 4793 796 931 4794 812 932 4795 795 933 4796 795 933 4797 812 932 4798 813 934 4799 795 933 4800 813 934 4801 794 935 4802 794 935 4803 813 934 4804 814 936 4805 794 935 4806 814 936 4807 793 914 4808 793 914 4809 814 936 4810 815 915 4811 803 55 4812 799 55 4813 792 55 4814 792 55 4815 799 55 4816 798 55 4817 792 55 4818 798 55 4819 793 55 4820 793 55 4821 798 55 4822 797 55 4823 793 55 4824 797 55 4825 794 55 4826 794 55 4827 797 55 4828 796 55 4829 794 55 4830 796 55 4831 795 55 4832 799 55 4833 803 55 4834 800 55 4835 800 55 4836 803 55 4837 802 55 4838 800 55 4839 802 55 4840 801 55 4841 817 48 4842 826 48 4843 816 48 4844 816 48 4845 826 48 4846 827 48 4847 816 48 4848 827 48 4849 837 48 4850 837 48 4851 827 48 4852 828 48 4853 837 48 4854 828 48 4855 836 48 4856 836 48 4857 828 48 4858 829 48 4859 836 48 4860 829 48 4861 835 48 4862 835 48 4863 829 48 4864 830 48 4865 835 48 4866 830 48 4867 834 48 4868 834 48 4869 830 48 4870 831 48 4871 834 48 4872 831 48 4873 833 48 4874 833 48 4875 831 48 4876 832 48 4877 826 48 4878 817 48 4879 825 48 4880 825 48 4881 817 48 4882 818 48 4883 825 48 4884 818 48 4885 824 48 4886 824 48 4887 818 48 4888 819 48 4889 824 48 4890 819 48 4891 823 48 4892 823 48 4893 819 48 4894 820 48 4895 823 48 4896 820 48 4897 822 48 4898 822 48 4899 820 48 4900 821 48 4901 815 55 4902 843 55 4903 804 55 4904 804 55 4905 843 55 4906 844 55 4907 804 55 4908 844 55 4909 805 55 4910 805 55 4911 844 55 4912 845 55 4913 805 937 4914 845 937 4915 806 937 4916 806 938 4917 845 938 4918 846 938 4919 806 939 4920 846 939 4921 807 939 4922 807 55 4923 846 55 4924 847 55 4925 807 55 4926 847 55 4927 848 55 4928 815 940 4929 814 940 4930 843 940 4931 843 55 4932 814 55 4933 842 55 4934 842 941 4935 814 941 4936 813 941 4937 842 55 4938 813 55 4939 841 55 4940 841 55 4941 813 55 4942 840 55 4943 840 942 4944 813 942 4945 812 942 4946 840 943 4947 812 943 4948 839 943 4949 839 55 4950 812 55 4951 811 55 4952 839 944 4953 811 944 4954 838 944 4955 838 55 4956 811 55 4957 810 55 4958 838 55 4959 810 55 4960 809 55 4961 838 55 4962 809 55 4963 849 55 4964 849 55 4965 809 55 4966 808 55 4967 849 945 4968 808 945 4969 848 945 4970 848 946 4971 808 946 4972 807 946 4973 849 947 4974 817 948 4975 838 949 4976 838 949 4977 817 948 4978 816 950 4979 838 949 4980 816 950 4981 837 951 4982 848 952 4983 819 953 4984 849 947 4985 849 947 4986 819 953 4987 818 954 4988 849 947 4989 818 954 4990 817 948 4991 847 955 4992 821 956 4993 848 952 4994 848 952 4995 821 956 4996 820 957 4997 848 952 4998 820 957 4999 819 953 5000 821 956 5001 847 955 5002 822 958 5003 822 958 5004 847 955 5005 846 959 5006 822 958 5007 846 959 5008 823 960 5009 823 960 5010 846 959 5011 824 961 5012 824 961 5013 846 959 5014 845 962 5015 824 961 5016 845 962 5017 825 963 5018 825 963 5019 845 962 5020 826 964 5021 826 964 5022 845 962 5023 844 965 5024 826 964 5025 844 965 5026 827 966 5027 827 966 5028 844 965 5029 828 967 5030 828 967 5031 844 965 5032 843 968 5033 828 967 5034 843 968 5035 829 969 5036 829 969 5037 843 968 5038 830 970 5039 830 970 5040 843 968 5041 842 971 5042 830 970 5043 842 971 5044 831 972 5045 831 972 5046 842 971 5047 832 973 5048 832 973 5049 842 971 5050 841 974 5051 832 973 5052 841 974 5053 833 975 5054 833 975 5055 841 974 5056 840 976 5057 833 975 5058 840 976 5059 834 977 5060 834 977 5061 840 976 5062 835 978 5063 835 978 5064 840 976 5065 839 979 5066 835 978 5067 839 979 5068 836 980 5069 836 980 5070 839 979 5071 837 951 5072 837 951 5073 839 979 5074 838 949 5075</p>
        </triangles>
        <triangles material="Plastic_-_Matte__Black__007-material" count="726">
          <input semantic="VERTEX" source="#edf_impeler-mesh-vertices" offset="0"/>
          <input semantic="NORMAL" source="#edf_impeler-mesh-normals" offset="1"/>
          <input semantic="TEXCOORD" source="#edf_impeler-mesh-map-0" offset="2" set="0"/>
          <p>850 981 5076 851 982 5077 864 983 5078 864 984 5079 851 985 5080 863 986 5081 863 986 5082 851 985 5083 852 987 5084 863 986 5085 852 987 5086 853 988 5087 863 986 5088 853 988 5089 862 989 5090 862 989 5091 853 988 5092 854 990 5093 862 989 5094 854 990 5095 855 991 5096 855 991 5097 856 992 5098 862 989 5099 862 989 5100 856 992 5101 861 993 5102 861 993 5103 856 992 5104 857 994 5105 861 993 5106 857 994 5107 858 995 5108 859 996 5109 860 997 5110 858 995 5111 858 995 5112 860 997 5113 861 993 5114 860 998 5115 859 999 5116 876 1000 5117 876 1000 5118 859 999 5119 865 1001 5120 876 1000 5121 865 1001 5122 875 1002 5123 875 1002 5124 865 1001 5125 866 1003 5126 875 1002 5127 866 1003 5128 874 1004 5129 874 1004 5130 866 1003 5131 867 1005 5132 874 1004 5133 867 1005 5134 873 1006 5135 873 1006 5136 867 1005 5137 868 1007 5138 873 1006 5139 868 1007 5140 872 1008 5141 872 1008 5142 868 1007 5143 871 1009 5144 871 1009 5145 868 1007 5146 869 1010 5147 871 1009 5148 869 1010 5149 870 1011 5150 870 1011 5151 869 1010 5152 850 1012 5153 870 1011 5154 850 1012 5155 864 1013 5156 860 1014 5157 876 1014 5158 861 1014 5159 861 1015 5160 876 1015 5161 875 1015 5162 861 1016 5163 875 1016 5164 874 1016 5165 861 1017 5166 874 1017 5167 862 1017 5168 862 1018 5169 874 1018 5170 873 1018 5171 862 1019 5172 873 1019 5173 872 1019 5174 862 1020 5175 872 1020 5176 863 1020 5177 863 1021 5178 872 1021 5179 871 1021 5180 863 1022 5181 871 1022 5182 870 1022 5183 870 1023 5184 864 1023 5185 863 1023 5186 877 1024 5187 878 1025 5188 891 1026 5189 891 1027 5190 878 1028 5191 890 1029 5192 890 1029 5193 878 1028 5194 879 1030 5195 890 1029 5196 879 1030 5197 880 1031 5198 890 1029 5199 880 1031 5200 889 1032 5201 889 1032 5202 880 1031 5203 881 1033 5204 889 1032 5205 881 1033 5206 882 1034 5207 882 1034 5208 883 1035 5209 889 1032 5210 889 1032 5211 883 1035 5212 888 1036 5213 888 1036 5214 883 1035 5215 884 1037 5216 888 1036 5217 884 1037 5218 885 1038 5219 886 1039 5220 887 1040 5221 885 1038 5222 885 1038 5223 887 1040 5224 888 1036 5225 887 1041 5226 886 1042 5227 903 1043 5228 903 1043 5229 886 1042 5230 892 1044 5231 903 1043 5232 892 1044 5233 902 1045 5234 902 1045 5235 892 1044 5236 893 1046 5237 902 1045 5238 893 1046 5239 901 1047 5240 901 1047 5241 893 1046 5242 894 1048 5243 901 1047 5244 894 1048 5245 900 1049 5246 900 1049 5247 894 1048 5248 895 1050 5249 900 1049 5250 895 1050 5251 899 1051 5252 899 1051 5253 895 1050 5254 898 1052 5255 898 1052 5256 895 1050 5257 896 1053 5258 898 1052 5259 896 1053 5260 897 1054 5261 897 1054 5262 896 1053 5263 877 1055 5264 897 1054 5265 877 1055 5266 891 1056 5267 887 1057 5268 903 1057 5269 888 1057 5270 888 1058 5271 903 1058 5272 902 1058 5273 888 1059 5274 902 1059 5275 901 1059 5276 888 1060 5277 901 1060 5278 889 1060 5279 889 1061 5280 901 1061 5281 900 1061 5282 889 1062 5283 900 1062 5284 899 1062 5285 889 1063 5286 899 1063 5287 890 1063 5288 890 1064 5289 899 1064 5290 898 1064 5291 890 1065 5292 898 1065 5293 897 1065 5294 897 1066 5295 891 1066 5296 890 1066 5297 904 1067 5298 905 1068 5299 918 1069 5300 918 1070 5301 905 1071 5302 917 1072 5303 917 1072 5304 905 1071 5305 906 1073 5306 917 1072 5307 906 1073 5308 907 1074 5309 917 1072 5310 907 1074 5311 916 1075 5312 916 1075 5313 907 1074 5314 908 1076 5315 916 1075 5316 908 1076 5317 909 1077 5318 909 1077 5319 910 1078 5320 916 1075 5321 916 1075 5322 910 1078 5323 915 1079 5324 915 1079 5325 910 1078 5326 911 1080 5327 915 1079 5328 911 1080 5329 912 1081 5330 913 1082 5331 914 1083 5332 912 1081 5333 912 1081 5334 914 1083 5335 915 1079 5336 914 1084 5337 913 1085 5338 930 1086 5339 930 1086 5340 913 1085 5341 919 1087 5342 930 1086 5343 919 1087 5344 929 1088 5345 929 1088 5346 919 1087 5347 920 1089 5348 929 1088 5349 920 1089 5350 928 1090 5351 928 1090 5352 920 1089 5353 921 1091 5354 928 1090 5355 921 1091 5356 927 1092 5357 927 1092 5358 921 1091 5359 922 1093 5360 927 1092 5361 922 1093 5362 926 1094 5363 926 1094 5364 922 1093 5365 925 1095 5366 925 1095 5367 922 1093 5368 923 1096 5369 925 1095 5370 923 1096 5371 924 1097 5372 924 1097 5373 923 1096 5374 904 1098 5375 924 1097 5376 904 1098 5377 918 1099 5378 914 1100 5379 930 1100 5380 915 1100 5381 915 1101 5382 930 1101 5383 929 1101 5384 915 1102 5385 929 1102 5386 928 1102 5387 915 1103 5388 928 1103 5389 916 1103 5390 916 1104 5391 928 1104 5392 927 1104 5393 916 1105 5394 927 1105 5395 926 1105 5396 916 1106 5397 926 1106 5398 917 1106 5399 917 1107 5400 926 1107 5401 925 1107 5402 917 1108 5403 925 1108 5404 924 1108 5405 924 1109 5406 918 1109 5407 917 1109 5408 931 1110 5409 932 1111 5410 945 1110 5411 945 1112 5412 932 1113 5413 944 1114 5414 944 1114 5415 932 1113 5416 933 1115 5417 944 1114 5418 933 1115 5419 934 1116 5420 944 1114 5421 934 1116 5422 943 1117 5423 943 1117 5424 934 1116 5425 935 1118 5426 943 1117 5427 935 1118 5428 936 1119 5429 936 1119 5430 937 1120 5431 943 1117 5432 943 1117 5433 937 1120 5434 942 1121 5435 942 1121 5436 937 1120 5437 938 1122 5438 942 1121 5439 938 1122 5440 939 1123 5441 940 1124 5442 941 1125 5443 939 1123 5444 939 1123 5445 941 1125 5446 942 1121 5447 941 1126 5448 940 1127 5449 957 1128 5450 957 1128 5451 940 1127 5452 946 1129 5453 957 1128 5454 946 1129 5455 956 1130 5456 956 1130 5457 946 1129 5458 947 1131 5459 956 1130 5460 947 1131 5461 955 1132 5462 955 1132 5463 947 1131 5464 948 1133 5465 955 1132 5466 948 1133 5467 954 1134 5468 954 1134 5469 948 1133 5470 949 1135 5471 954 1134 5472 949 1135 5473 953 1136 5474 953 1136 5475 949 1135 5476 952 1137 5477 952 1137 5478 949 1135 5479 950 1138 5480 952 1137 5481 950 1138 5482 951 1139 5483 951 1139 5484 950 1138 5485 931 1140 5486 951 1139 5487 931 1140 5488 945 1141 5489 941 1142 5490 957 1142 5491 942 1142 5492 942 1143 5493 957 1143 5494 956 1143 5495 942 1144 5496 956 1144 5497 955 1144 5498 942 1145 5499 955 1145 5500 943 1145 5501 943 1146 5502 955 1146 5503 954 1146 5504 943 1147 5505 954 1147 5506 953 1147 5507 943 1148 5508 953 1148 5509 944 1148 5510 944 1149 5511 953 1149 5512 952 1149 5513 944 1150 5514 952 1150 5515 951 1150 5516 951 1151 5517 945 1151 5518 944 1151 5519 958 1152 5520 959 1153 5521 972 1154 5522 972 1155 5523 959 1156 5524 971 1157 5525 971 1157 5526 959 1156 5527 960 1158 5528 971 1157 5529 960 1158 5530 961 1159 5531 971 1157 5532 961 1159 5533 970 1160 5534 970 1160 5535 961 1159 5536 962 1161 5537 970 1160 5538 962 1161 5539 963 1162 5540 963 1162 5541 964 1163 5542 970 1160 5543 970 1160 5544 964 1163 5545 969 1164 5546 969 1164 5547 964 1163 5548 965 1165 5549 969 1164 5550 965 1165 5551 966 1166 5552 967 1167 5553 968 1168 5554 966 1166 5555 966 1166 5556 968 1168 5557 969 1164 5558 968 1169 5559 967 1170 5560 984 1171 5561 984 1171 5562 967 1170 5563 973 1172 5564 984 1171 5565 973 1172 5566 983 1173 5567 983 1173 5568 973 1172 5569 974 1174 5570 983 1173 5571 974 1174 5572 982 1175 5573 982 1175 5574 974 1174 5575 975 1176 5576 982 1175 5577 975 1176 5578 981 1177 5579 981 1177 5580 975 1176 5581 976 1178 5582 981 1177 5583 976 1178 5584 980 1179 5585 980 1179 5586 976 1178 5587 979 1180 5588 979 1180 5589 976 1178 5590 977 1181 5591 979 1180 5592 977 1181 5593 978 1182 5594 978 1182 5595 977 1181 5596 958 1183 5597 978 1182 5598 958 1183 5599 972 1184 5600 968 1185 5601 984 1185 5602 969 1185 5603 969 1186 5604 984 1186 5605 983 1186 5606 969 1187 5607 983 1187 5608 982 1187 5609 969 1188 5610 982 1188 5611 970 1188 5612 970 1189 5613 982 1189 5614 981 1189 5615 970 1190 5616 981 1190 5617 980 1190 5618 970 1191 5619 980 1191 5620 971 1191 5621 971 1192 5622 980 1192 5623 979 1192 5624 971 1193 5625 979 1193 5626 978 1193 5627 978 1194 5628 972 1194 5629 971 1194 5630 985 1195 5631 986 1196 5632 999 1197 5633 999 1198 5634 986 1199 5635 998 1200 5636 998 1200 5637 986 1199 5638 987 1201 5639 998 1200 5640 987 1201 5641 988 1202 5642 998 1200 5643 988 1202 5644 997 1203 5645 997 1203 5646 988 1202 5647 989 1204 5648 997 1203 5649 989 1204 5650 990 1205 5651 990 1205 5652 991 1206 5653 997 1203 5654 997 1203 5655 991 1206 5656 996 1207 5657 996 1207 5658 991 1206 5659 992 1208 5660 996 1207 5661 992 1208 5662 993 1209 5663 994 1210 5664 995 1211 5665 993 1209 5666 993 1209 5667 995 1211 5668 996 1207 5669 995 1212 5670 994 1213 5671 1011 1214 5672 1011 1214 5673 994 1213 5674 1000 1215 5675 1011 1214 5676 1000 1215 5677 1010 1216 5678 1010 1216 5679 1000 1215 5680 1001 1217 5681 1010 1216 5682 1001 1217 5683 1009 1218 5684 1009 1218 5685 1001 1217 5686 1002 1219 5687 1009 1218 5688 1002 1219 5689 1008 1220 5690 1008 1220 5691 1002 1219 5692 1003 1221 5693 1008 1220 5694 1003 1221 5695 1007 1222 5696 1007 1222 5697 1003 1221 5698 1006 1223 5699 1006 1223 5700 1003 1221 5701 1004 1224 5702 1006 1223 5703 1004 1224 5704 1005 1225 5705 1005 1225 5706 1004 1224 5707 985 1226 5708 1005 1225 5709 985 1226 5710 999 1227 5711 995 1228 5712 1011 1228 5713 996 1228 5714 996 1229 5715 1011 1229 5716 1010 1229 5717 996 1230 5718 1010 1230 5719 1009 1230 5720 996 1231 5721 1009 1231 5722 997 1231 5723 997 1232 5724 1009 1232 5725 1008 1232 5726 997 1233 5727 1008 1233 5728 1007 1233 5729 997 1234 5730 1007 1234 5731 998 1234 5732 998 1235 5733 1007 1235 5734 1006 1235 5735 998 1236 5736 1006 1236 5737 1005 1236 5738 1005 1237 5739 999 1237 5740 998 1237 5741 1012 1238 5742 1013 1239 5743 1026 1240 5744 1026 1241 5745 1013 1242 5746 1025 1243 5747 1025 1243 5748 1013 1242 5749 1014 1244 5750 1025 1243 5751 1014 1244 5752 1015 1245 5753 1025 1243 5754 1015 1245 5755 1024 1246 5756 1024 1246 5757 1015 1245 5758 1016 1247 5759 1024 1246 5760 1016 1247 5761 1017 1248 5762 1017 1248 5763 1018 1249 5764 1024 1246 5765 1024 1246 5766 1018 1249 5767 1023 1250 5768 1023 1250 5769 1018 1249 5770 1019 1251 5771 1023 1250 5772 1019 1251 5773 1020 1252 5774 1021 1253 5775 1022 1254 5776 1020 1252 5777 1020 1252 5778 1022 1254 5779 1023 1250 5780 1022 1255 5781 1021 1256 5782 1038 1257 5783 1038 1257 5784 1021 1256 5785 1027 1258 5786 1038 1257 5787 1027 1258 5788 1037 1259 5789 1037 1259 5790 1027 1258 5791 1028 1260 5792 1037 1259 5793 1028 1260 5794 1036 1261 5795 1036 1261 5796 1028 1260 5797 1029 1262 5798 1036 1261 5799 1029 1262 5800 1035 1263 5801 1035 1263 5802 1029 1262 5803 1030 1264 5804 1035 1263 5805 1030 1264 5806 1034 1265 5807 1034 1265 5808 1030 1264 5809 1033 1266 5810 1033 1266 5811 1030 1264 5812 1031 1267 5813 1033 1266 5814 1031 1267 5815 1032 1268 5816 1032 1268 5817 1031 1267 5818 1012 1269 5819 1032 1268 5820 1012 1269 5821 1026 1270 5822 1022 1271 5823 1038 1271 5824 1023 1271 5825 1023 1272 5826 1038 1272 5827 1037 1272 5828 1023 1273 5829 1037 1273 5830 1036 1273 5831 1023 1274 5832 1036 1274 5833 1024 1274 5834 1024 1275 5835 1036 1275 5836 1035 1275 5837 1024 1276 5838 1035 1276 5839 1034 1276 5840 1024 1277 5841 1034 1277 5842 1025 1277 5843 1025 1278 5844 1034 1278 5845 1033 1278 5846 1025 1279 5847 1033 1279 5848 1032 1279 5849 1032 1280 5850 1026 1280 5851 1025 1280 5852 1039 1281 5853 1040 1282 5854 1053 1283 5855 1053 1284 5856 1040 1285 5857 1052 1286 5858 1052 1286 5859 1040 1285 5860 1041 1287 5861 1052 1286 5862 1041 1287 5863 1042 1288 5864 1052 1286 5865 1042 1288 5866 1051 1289 5867 1051 1289 5868 1042 1288 5869 1043 1290 5870 1051 1289 5871 1043 1290 5872 1044 1291 5873 1044 1291 5874 1045 1292 5875 1051 1289 5876 1051 1289 5877 1045 1292 5878 1050 1293 5879 1050 1293 5880 1045 1292 5881 1046 1294 5882 1050 1293 5883 1046 1294 5884 1047 1295 5885 1048 1296 5886 1049 1297 5887 1047 1295 5888 1047 1295 5889 1049 1297 5890 1050 1293 5891 1049 1298 5892 1048 1299 5893 1065 1300 5894 1065 1300 5895 1048 1299 5896 1054 1301 5897 1065 1300 5898 1054 1301 5899 1064 1302 5900 1064 1302 5901 1054 1301 5902 1055 1303 5903 1064 1302 5904 1055 1303 5905 1063 1304 5906 1063 1304 5907 1055 1303 5908 1056 1305 5909 1063 1304 5910 1056 1305 5911 1062 1306 5912 1062 1306 5913 1056 1305 5914 1057 1307 5915 1062 1306 5916 1057 1307 5917 1061 1308 5918 1061 1308 5919 1057 1307 5920 1060 1309 5921 1060 1309 5922 1057 1307 5923 1058 1310 5924 1060 1309 5925 1058 1310 5926 1059 1311 5927 1059 1311 5928 1058 1310 5929 1039 1312 5930 1059 1311 5931 1039 1312 5932 1053 1313 5933 1049 1314 5934 1065 1314 5935 1050 1314 5936 1050 1315 5937 1065 1315 5938 1064 1315 5939 1050 1316 5940 1064 1316 5941 1063 1316 5942 1050 1317 5943 1063 1317 5944 1051 1317 5945 1051 1318 5946 1063 1318 5947 1062 1318 5948 1051 1319 5949 1062 1319 5950 1061 1319 5951 1051 1320 5952 1061 1320 5953 1052 1320 5954 1052 1321 5955 1061 1321 5956 1060 1321 5957 1052 1322 5958 1060 1322 5959 1059 1322 5960 1059 1323 5961 1053 1323 5962 1052 1323 5963 1066 1324 5964 1067 1325 5965 1080 1326 5966 1080 1327 5967 1067 1328 5968 1079 1329 5969 1079 1329 5970 1067 1328 5971 1068 1330 5972 1079 1329 5973 1068 1330 5974 1069 1331 5975 1079 1329 5976 1069 1331 5977 1078 1332 5978 1078 1332 5979 1069 1331 5980 1070 1333 5981 1078 1332 5982 1070 1333 5983 1071 1334 5984 1071 1334 5985 1072 1335 5986 1078 1332 5987 1078 1332 5988 1072 1335 5989 1077 1336 5990 1077 1336 5991 1072 1335 5992 1073 1337 5993 1077 1336 5994 1073 1337 5995 1074 1338 5996 1075 1339 5997 1076 1340 5998 1074 1338 5999 1074 1338 6000 1076 1340 6001 1077 1336 6002 1076 1341 6003 1075 1342 6004 1092 1343 6005 1092 1343 6006 1075 1342 6007 1081 1344 6008 1092 1343 6009 1081 1344 6010 1091 1345 6011 1091 1345 6012 1081 1344 6013 1082 1346 6014 1091 1345 6015 1082 1346 6016 1090 1347 6017 1090 1347 6018 1082 1346 6019 1083 1348 6020 1090 1347 6021 1083 1348 6022 1089 1349 6023 1089 1349 6024 1083 1348 6025 1084 1350 6026 1089 1349 6027 1084 1350 6028 1088 1351 6029 1088 1351 6030 1084 1350 6031 1087 1352 6032 1087 1352 6033 1084 1350 6034 1085 1353 6035 1087 1352 6036 1085 1353 6037 1086 1354 6038 1086 1354 6039 1085 1353 6040 1066 1355 6041 1086 1354 6042 1066 1355 6043 1080 1356 6044 1076 1357 6045 1092 1357 6046 1077 1357 6047 1077 1358 6048 1092 1358 6049 1091 1358 6050 1077 1359 6051 1091 1359 6052 1090 1359 6053 1077 1360 6054 1090 1360 6055 1078 1360 6056 1078 1361 6057 1090 1361 6058 1089 1361 6059 1078 1362 6060 1089 1362 6061 1088 1362 6062 1078 1363 6063 1088 1363 6064 1079 1363 6065 1079 1364 6066 1088 1364 6067 1087 1364 6068 1079 1365 6069 1087 1365 6070 1086 1365 6071 1086 1366 6072 1080 1366 6073 1079 1366 6074 1093 1367 6075 1094 1368 6076 1107 1369 6077 1107 1370 6078 1094 1371 6079 1106 1372 6080 1106 1372 6081 1094 1371 6082 1095 1373 6083 1106 1372 6084 1095 1373 6085 1096 1374 6086 1106 1372 6087 1096 1374 6088 1105 1375 6089 1105 1375 6090 1096 1374 6091 1097 1376 6092 1105 1375 6093 1097 1376 6094 1098 1377 6095 1098 1377 6096 1099 1378 6097 1105 1375 6098 1105 1375 6099 1099 1378 6100 1104 1379 6101 1104 1379 6102 1099 1378 6103 1100 1380 6104 1104 1379 6105 1100 1380 6106 1101 1381 6107 1102 1382 6108 1103 1383 6109 1101 1381 6110 1101 1381 6111 1103 1383 6112 1104 1379 6113 1103 1384 6114 1102 1385 6115 1119 1386 6116 1119 1386 6117 1102 1385 6118 1108 1387 6119 1119 1386 6120 1108 1387 6121 1118 1388 6122 1118 1388 6123 1108 1387 6124 1109 1389 6125 1118 1388 6126 1109 1389 6127 1117 1390 6128 1117 1390 6129 1109 1389 6130 1110 1391 6131 1117 1390 6132 1110 1391 6133 1116 1392 6134 1116 1392 6135 1110 1391 6136 1111 1393 6137 1116 1392 6138 1111 1393 6139 1115 1394 6140 1115 1394 6141 1111 1393 6142 1114 1395 6143 1114 1395 6144 1111 1393 6145 1112 1396 6146 1114 1395 6147 1112 1396 6148 1113 1397 6149 1113 1397 6150 1112 1396 6151 1093 1398 6152 1113 1397 6153 1093 1398 6154 1107 1399 6155 1103 1400 6156 1119 1400 6157 1104 1400 6158 1104 1401 6159 1119 1401 6160 1118 1401 6161 1104 1401 6162 1118 1401 6163 1117 1401 6164 1104 1401 6165 1117 1401 6166 1105 1401 6167 1105 1401 6168 1117 1401 6169 1116 1401 6170 1105 1401 6171 1116 1401 6172 1115 1401 6173 1105 1401 6174 1115 1401 6175 1106 1401 6176 1106 1401 6177 1115 1401 6178 1114 1401 6179 1106 1401 6180 1114 1401 6181 1113 1401 6182 1113 1401 6183 1107 1401 6184 1106 1401 6185 1120 1402 6186 1121 1403 6187 1134 1404 6188 1134 1405 6189 1121 1406 6190 1133 1407 6191 1133 1407 6192 1121 1406 6193 1122 1408 6194 1133 1407 6195 1122 1408 6196 1123 1409 6197 1133 1407 6198 1123 1409 6199 1132 1410 6200 1132 1410 6201 1123 1409 6202 1124 1411 6203 1132 1410 6204 1124 1411 6205 1125 1412 6206 1125 1412 6207 1126 1413 6208 1132 1410 6209 1132 1410 6210 1126 1413 6211 1131 1414 6212 1131 1414 6213 1126 1413 6214 1127 1415 6215 1131 1414 6216 1127 1415 6217 1128 1416 6218 1129 1417 6219 1130 1418 6220 1128 1416 6221 1128 1416 6222 1130 1418 6223 1131 1414 6224 1130 1419 6225 1129 1420 6226 1146 1421 6227 1146 1421 6228 1129 1420 6229 1135 1422 6230 1146 1421 6231 1135 1422 6232 1145 1423 6233 1145 1423 6234 1135 1422 6235 1136 1424 6236 1145 1423 6237 1136 1424 6238 1144 1425 6239 1144 1425 6240 1136 1424 6241 1137 1426 6242 1144 1425 6243 1137 1426 6244 1143 1427 6245 1143 1427 6246 1137 1426 6247 1138 1428 6248 1143 1427 6249 1138 1428 6250 1142 1429 6251 1142 1429 6252 1138 1428 6253 1141 1430 6254 1141 1430 6255 1138 1428 6256 1139 1431 6257 1141 1430 6258 1139 1431 6259 1140 1432 6260 1140 1432 6261 1139 1431 6262 1120 1433 6263 1140 1432 6264 1120 1433 6265 1134 1434 6266 1130 1435 6267 1146 1435 6268 1131 1435 6269 1131 1436 6270 1146 1436 6271 1145 1436 6272 1131 1437 6273 1145 1437 6274 1144 1437 6275 1131 1438 6276 1144 1438 6277 1132 1438 6278 1132 1439 6279 1144 1439 6280 1143 1439 6281 1132 1440 6282 1143 1440 6283 1142 1440 6284 1132 1441 6285 1142 1441 6286 1133 1441 6287 1133 1442 6288 1142 1442 6289 1141 1442 6290 1133 1443 6291 1141 1443 6292 1140 1443 6293 1140 1444 6294 1134 1444 6295 1133 1444 6296 1148 1445 6297 1170 1446 6298 1147 1447 6299 1147 1447 6300 1170 1446 6301 1159 1448 6302 1147 1447 6303 1159 1448 6304 1158 12 6305 1158 12 6306 1159 1448 6307 1160 1449 6308 1158 12 6309 1160 1449 6310 1157 1450 6311 1157 1450 6312 1160 1449 6313 1161 1451 6314 1157 1450 6315 1161 1451 6316 1156 1452 6317 1156 1452 6318 1161 1451 6319 1162 1453 6320 1156 1452 6321 1162 1453 6322 1155 1454 6323 1155 1454 6324 1162 1453 6325 1163 1455 6326 1155 1454 6327 1163 1455 6328 1154 1456 6329 1154 1456 6330 1163 1455 6331 1164 1457 6332 1154 1456 6333 1164 1457 6334 1153 1458 6335 1153 1458 6336 1164 1457 6337 1165 1459 6338 1153 1458 6339 1165 1459 6340 1152 1460 6341 1152 1460 6342 1165 1459 6343 1166 1461 6344 1152 1460 6345 1166 1461 6346 1151 1462 6347 1151 1462 6348 1166 1461 6349 1167 1463 6350 1151 1462 6351 1167 1463 6352 1150 1464 6353 1150 1464 6354 1167 1463 6355 1168 1465 6356 1150 1464 6357 1168 1465 6358 1149 1466 6359 1149 1466 6360 1168 1465 6361 1169 1467 6362 1149 1466 6363 1169 1467 6364 1148 1445 6365 1148 1445 6366 1169 1467 6367 1170 1446 6368 1158 55 6369 1190 55 6370 1147 55 6371 1147 1468 6372 1190 1468 6373 1191 1468 6374 1147 55 6375 1191 55 6376 1171 55 6377 1190 55 6378 1158 55 6379 1189 55 6380 1189 1469 6381 1158 1469 6382 1157 1469 6383 1189 55 6384 1157 55 6385 1188 55 6386 1188 55 6387 1157 55 6388 1187 55 6389 1187 1470 6390 1157 1470 6391 1156 1470 6392 1187 55 6393 1156 55 6394 1186 55 6395 1186 55 6396 1156 55 6397 1185 55 6398 1185 1471 6399 1156 1471 6400 1155 1471 6401 1185 55 6402 1155 55 6403 1184 55 6404 1184 55 6405 1155 55 6406 1183 55 6407 1183 1472 6408 1155 1472 6409 1154 1472 6410 1183 55 6411 1154 55 6412 1182 55 6413 1182 1473 6414 1154 1473 6415 1153 1473 6416 1182 1474 6417 1153 1474 6418 1181 1474 6419 1181 1475 6420 1153 1475 6421 1180 1475 6422 1180 1476 6423 1153 1476 6424 1152 1476 6425 1180 1477 6426 1152 1477 6427 1179 1477 6428 1179 55 6429 1152 55 6430 1178 55 6431 1178 1478 6432 1152 1478 6433 1151 1478 6434 1178 55 6435 1151 55 6436 1177 55 6437 1177 1479 6438 1151 1479 6439 1176 1479 6440 1176 1480 6441 1151 1480 6442 1150 1480 6443 1176 1481 6444 1150 1481 6445 1175 1481 6446 1175 1482 6447 1150 1482 6448 1149 1482 6449 1175 55 6450 1149 55 6451 1174 55 6452 1174 55 6453 1149 55 6454 1173 55 6455 1173 1483 6456 1149 1483 6457 1148 1483 6458 1173 55 6459 1148 55 6460 1172 55 6461 1172 1484 6462 1148 1484 6463 1171 1484 6464 1171 1485 6465 1148 1485 6466 1147 1485 6467 858 1486 6468 1205 1487 6469 859 1488 6470 859 1488 6471 1205 1487 6472 1039 1489 6473 859 1488 6474 1039 1489 6475 1058 1490 6476 858 1486 6477 857 1491 6478 1205 1487 6479 1205 1487 6480 857 1491 6481 1204 1492 6482 1204 1492 6483 857 1491 6484 856 1493 6485 1204 1492 6486 856 1493 6487 855 1494 6488 855 1494 6489 854 1495 6490 1204 1492 6491 1204 1492 6492 854 1495 6493 853 1496 6494 1204 1492 6495 853 1496 6496 852 1497 6497 852 1497 6498 851 1498 6499 1204 1492 6500 1204 1492 6501 851 1498 6502 850 1499 6503 1204 1492 6504 850 1499 6505 1203 1500 6506 1203 1500 6507 850 1499 6508 1075 1501 6509 1203 1500 6510 1075 1501 6511 1074 1502 6512 850 1499 6513 869 1503 6514 1075 1501 6515 1075 1501 6516 869 1503 6517 868 1504 6518 1075 1501 6519 868 1504 6520 1183 1505 6521 1183 1505 6522 868 1504 6523 867 1506 6524 1183 1505 6525 867 1506 6526 866 1507 6527 866 1507 6528 865 1508 6529 1183 1505 6530 1183 1505 6531 865 1508 6532 1184 1509 6533 1184 1509 6534 865 1508 6535 859 1488 6536 1184 1509 6537 859 1488 6538 1185 1510 6539 1185 1510 6540 859 1488 6541 1057 1511 6542 1185 1510 6543 1057 1511 6544 1056 1512 6545 885 1513 6546 958 1514 6547 886 1515 6548 886 1515 6549 958 1514 6550 1171 1516 6551 886 1515 6552 1171 1516 6553 1191 1517 6554 958 1514 6555 885 1513 6556 1212 1518 6557 1212 1518 6558 885 1513 6559 884 1519 6560 1212 1518 6561 884 1519 6562 883 1520 6563 883 1520 6564 882 1521 6565 1212 1518 6566 1212 1518 6567 882 1521 6568 881 1522 6569 1212 1518 6570 881 1522 6571 880 1523 6572 880 1523 6573 879 1524 6574 1212 1518 6575 1212 1518 6576 879 1524 6577 1211 1525 6578 1211 1525 6579 879 1524 6580 878 1526 6581 1211 1525 6582 878 1526 6583 877 1527 6584 896 1528 6585 1190 1529 6586 877 1527 6587 877 1527 6588 1190 1529 6589 994 1530 6590 877 1527 6591 994 1530 6592 993 1531 6593 896 1528 6594 895 1532 6595 1190 1529 6596 1190 1529 6597 895 1532 6598 894 1533 6599 1190 1529 6600 894 1533 6601 1191 1517 6602 1191 1517 6603 894 1533 6604 893 1534 6605 1191 1517 6606 893 1534 6607 892 1535 6608 892 1535 6609 886 1515 6610 1191 1517 6611 912 1536 6612 1093 1537 6613 913 1538 6614 913 1538 6615 1093 1537 6616 1112 1539 6617 913 1538 6618 1112 1539 6619 1175 1540 6620 1175 1540 6621 1112 1539 6622 1111 1541 6623 1175 1540 6624 1111 1541 6625 1110 1542 6626 1093 1537 6627 912 1536 6628 1195 1543 6629 1195 1543 6630 912 1536 6631 911 1544 6632 1195 1543 6633 911 1544 6634 910 1545 6635 910 1545 6636 909 1546 6637 1195 1543 6638 1195 1543 6639 909 1546 6640 908 1547 6641 1195 1543 6642 908 1547 6643 907 1548 6644 1195 1543 6645 907 1548 6646 1194 1549 6647 1194 1549 6648 907 1548 6649 906 1550 6650 1194 1549 6651 906 1550 6652 905 1551 6653 905 1551 6654 904 1552 6655 1194 1549 6656 1194 1549 6657 904 1552 6658 1193 1553 6659 1193 1553 6660 904 1552 6661 966 1554 6662 1193 1553 6663 966 1554 6664 965 1555 6665 966 1554 6666 904 1552 6667 967 1556 6668 967 1556 6669 904 1552 6670 923 1557 6671 967 1556 6672 923 1557 6673 1173 1558 6674 1173 1558 6675 923 1557 6676 922 1559 6677 1173 1558 6678 922 1559 6679 921 1560 6680 921 1560 6681 920 1561 6682 1173 1558 6683 1173 1558 6684 920 1561 6685 1174 1562 6686 1174 1562 6687 920 1561 6688 919 1563 6689 1174 1562 6690 919 1563 6691 913 1538 6692 939 1564 6693 1201 1565 6694 940 1566 6695 940 1566 6696 1201 1565 6697 1066 1567 6698 940 1566 6699 1066 1567 6700 1085 1568 6701 939 1564 6702 938 1569 6703 1201 1565 6704 1201 1565 6705 938 1569 6706 937 1570 6707 1201 1565 6708 937 1570 6709 936 1571 6710 1201 1565 6711 936 1571 6712 1200 1572 6713 1200 1572 6714 936 1571 6715 935 1573 6716 1200 1572 6717 935 1573 6718 934 1574 6719 934 1574 6720 933 1575 6721 1200 1572 6722 1200 1572 6723 933 1575 6724 932 1576 6725 1200 1572 6726 932 1576 6727 931 1577 6728 950 1578 6729 1129 1579 6730 931 1577 6731 931 1577 6732 1129 1579 6733 1128 1580 6734 931 1577 6735 1128 1580 6736 1199 1581 6737 1199 1581 6738 1128 1580 6739 1127 1582 6740 1199 1581 6741 1127 1582 6742 1126 1583 6743 1129 1579 6744 950 1578 6745 1179 1584 6746 1179 1584 6747 950 1578 6748 949 1585 6749 1179 1584 6750 949 1585 6751 948 1586 6752 948 1586 6753 947 1587 6754 1179 1584 6755 1179 1584 6756 947 1587 6757 946 1588 6758 1179 1584 6759 946 1588 6760 1180 1589 6761 1180 1589 6762 946 1588 6763 940 1566 6764 1180 1589 6765 940 1566 6766 1181 1590 6767 1181 1590 6768 940 1566 6769 1084 1591 6770 1181 1590 6771 1084 1591 6772 1083 1592 6773 965 1555 6774 964 1593 6775 1193 1553 6776 1193 1553 6777 964 1593 6778 963 1594 6779 1193 1553 6780 963 1594 6781 962 1595 6782 962 1595 6783 961 1596 6784 1193 1553 6785 1193 1553 6786 961 1596 6787 960 1597 6788 1193 1553 6789 960 1597 6790 1192 1598 6791 1192 1598 6792 960 1597 6793 959 1599 6794 1192 1598 6795 959 1599 6796 958 1514 6797 958 1514 6798 977 1600 6799 1171 1516 6800 1171 1516 6801 977 1600 6802 976 1601 6803 1171 1516 6804 976 1601 6805 975 1602 6806 1171 1516 6807 975 1602 6808 1172 1603 6809 1172 1603 6810 975 1602 6811 974 1604 6812 1172 1603 6813 974 1604 6814 973 1605 6815 973 1605 6816 967 1556 6817 1172 1603 6818 1172 1603 6819 967 1556 6820 1173 1558 6821 993 1531 6822 992 1606 6823 877 1527 6824 877 1527 6825 992 1606 6826 1210 1607 6827 877 1527 6828 1210 1607 6829 1211 1525 6830 992 1606 6831 991 1608 6832 1210 1607 6833 1210 1607 6834 991 1608 6835 990 1609 6836 1210 1607 6837 990 1609 6838 989 1610 6839 989 1610 6840 988 1611 6841 1210 1607 6842 1210 1607 6843 988 1611 6844 987 1612 6845 1210 1607 6846 987 1612 6847 986 1613 6848 1210 1607 6849 986 1613 6850 1209 1614 6851 1209 1614 6852 986 1613 6853 985 1615 6854 1209 1614 6855 985 1615 6856 1021 1616 6857 1021 1616 6858 985 1615 6859 1188 1617 6860 1021 1616 6861 1188 1617 6862 1027 1618 6863 1027 1618 6864 1188 1617 6865 1187 1619 6866 1027 1618 6867 1187 1619 6868 1028 1620 6869 1028 1620 6870 1187 1619 6871 1029 1621 6872 1029 1621 6873 1187 1619 6874 1030 1622 6875 1030 1622 6876 1187 1619 6877 1186 1623 6878 1030 1622 6879 1186 1623 6880 1031 1624 6881 1031 1624 6882 1186 1623 6883 1012 1625 6884 1012 1625 6885 1186 1623 6886 1207 1626 6887 1012 1625 6888 1207 1626 6889 1013 1627 6890 1013 1627 6891 1207 1626 6892 1208 1628 6893 1013 1627 6894 1208 1628 6895 1014 1629 6896 1014 1629 6897 1208 1628 6898 1015 1630 6899 1015 1630 6900 1208 1628 6901 1016 1631 6902 1016 1631 6903 1208 1628 6904 1017 1632 6905 1017 1632 6906 1208 1628 6907 1018 1633 6908 1018 1633 6909 1208 1628 6910 1019 1634 6911 1019 1634 6912 1208 1628 6913 1209 1614 6914 1019 1634 6915 1209 1614 6916 1020 1635 6917 1020 1635 6918 1209 1614 6919 1021 1616 6920 985 1615 6921 1004 1636 6922 1188 1617 6923 1188 1617 6924 1004 1636 6925 1003 1637 6926 1188 1617 6927 1003 1637 6928 1002 1638 6929 1188 1617 6930 1002 1638 6931 1189 1639 6932 1189 1639 6933 1002 1638 6934 1001 1640 6935 1189 1639 6936 1001 1640 6937 1000 1641 6938 1000 1641 6939 994 1530 6940 1189 1639 6941 1189 1639 6942 994 1530 6943 1190 1529 6944 1047 1642 6945 1207 1643 6946 1048 1644 6947 1048 1645 6948 1207 1645 6949 1186 1645 6950 1048 1646 6951 1186 1647 6952 1054 1648 6953 1054 1648 6954 1186 1647 6955 1185 1510 6956 1054 1648 6957 1185 1510 6958 1055 1649 6959 1055 1649 6960 1185 1510 6961 1056 1512 6962 1047 1642 6963 1046 1650 6964 1207 1643 6965 1207 1643 6966 1046 1650 6967 1206 1651 6968 1206 1651 6969 1046 1650 6970 1045 1652 6971 1206 1651 6972 1045 1652 6973 1044 1653 6974 1044 1653 6975 1043 1654 6976 1206 1651 6977 1206 1651 6978 1043 1654 6979 1042 1655 6980 1206 1651 6981 1042 1655 6982 1041 1656 6983 1041 1656 6984 1040 1657 6985 1206 1651 6986 1206 1651 6987 1040 1657 6988 1039 1489 6989 1206 1651 6990 1039 1489 6991 1205 1487 6992 1058 1490 6993 1057 1511 6994 859 1488 6995 1074 1502 6996 1073 1658 6997 1203 1500 6998 1203 1500 6999 1073 1658 7000 1072 1659 7001 1203 1500 7002 1072 1659 7003 1202 1660 7004 1202 1660 7005 1072 1659 7006 1071 1661 7007 1202 1660 7008 1071 1661 7009 1070 1662 7010 1070 1662 7011 1069 1663 7012 1202 1660 7013 1202 1660 7014 1069 1663 7015 1068 1664 7016 1202 1660 7017 1068 1664 7018 1067 1665 7019 1067 1665 7020 1066 1567 7021 1202 1660 7022 1202 1660 7023 1066 1567 7024 1201 1565 7025 1085 1568 7026 1084 1591 7027 940 1566 7028 1083 1592 7029 1082 1666 7030 1181 1590 7031 1181 1590 7032 1082 1666 7033 1081 1667 7034 1181 1590 7035 1081 1667 7036 1182 1668 7037 1182 1668 7038 1081 1667 7039 1075 1501 7040 1182 1668 7041 1075 1501 7042 1183 1505 7043 1101 1669 7044 1120 1670 7045 1102 1671 7046 1102 1671 7047 1120 1670 7048 1139 1672 7049 1102 1671 7050 1139 1672 7051 1177 1673 7052 1177 1673 7053 1139 1672 7054 1138 1674 7055 1177 1673 7056 1138 1674 7057 1137 1675 7058 1120 1670 7059 1101 1669 7060 1197 1676 7061 1197 1676 7062 1101 1669 7063 1100 1677 7064 1197 1676 7065 1100 1677 7066 1099 1678 7067 1099 1678 7068 1098 1679 7069 1197 1676 7070 1197 1676 7071 1098 1679 7072 1097 1680 7073 1197 1676 7074 1097 1680 7075 1196 1681 7076 1196 1681 7077 1097 1680 7078 1096 1682 7079 1196 1681 7080 1096 1682 7081 1095 1683 7082 1095 1683 7083 1094 1684 7084 1196 1681 7085 1196 1681 7086 1094 1684 7087 1093 1537 7088 1196 1681 7089 1093 1537 7090 1195 1543 7091 1110 1542 7092 1109 1685 7093 1175 1540 7094 1175 1540 7095 1109 1685 7096 1176 1686 7097 1176 1686 7098 1109 1685 7099 1108 1687 7100 1176 1686 7101 1108 1687 7102 1102 1671 7103 1126 1583 7104 1125 1688 7105 1199 1581 7106 1199 1581 7107 1125 1688 7108 1124 1689 7109 1199 1581 7110 1124 1689 7111 1198 1690 7112 1198 1690 7113 1124 1689 7114 1123 1691 7115 1198 1690 7116 1123 1691 7117 1122 1692 7118 1122 1692 7119 1121 1693 7120 1198 1690 7121 1198 1690 7122 1121 1693 7123 1120 1670 7124 1198 1690 7125 1120 1670 7126 1197 1676 7127 1137 1675 7128 1136 1694 7129 1177 1673 7130 1177 1673 7131 1136 1694 7132 1178 1695 7133 1178 1695 7134 1136 1694 7135 1135 1696 7136 1178 1695 7137 1135 1696 7138 1129 1579 7139 1199 1581 7140 1200 1572 7141 931 1577 7142 1212 1518 7143 1192 1598 7144 958 1514 7145 1179 1584 7146 1178 1695 7147 1129 1579 7148 1177 1673 7149 1176 1686 7150 1102 1671 7151 1175 1540 7152 1174 1562 7153 913 1538 7154 1170 48 7155 1192 48 7156 1159 48 7157 1159 1697 7158 1192 1697 7159 1212 1697 7160 1159 1698 7161 1212 1698 7162 1211 1698 7163 1169 48 7164 1194 48 7165 1170 48 7166 1170 1699 7167 1194 1699 7168 1193 1699 7169 1170 1700 7170 1193 1700 7171 1192 1700 7172 1168 48 7173 1196 48 7174 1169 48 7175 1169 1701 7176 1196 1701 7177 1195 1701 7178 1169 1702 7179 1195 1702 7180 1194 1702 7181 1196 48 7182 1168 48 7183 1197 48 7184 1197 1703 7185 1168 1703 7186 1167 1703 7187 1197 48 7188 1167 48 7189 1198 48 7190 1198 1704 7191 1167 1704 7192 1199 1704 7193 1199 1705 7194 1167 1705 7195 1166 1705 7196 1199 48 7197 1166 48 7198 1200 48 7199 1200 48 7200 1166 48 7201 1201 48 7202 1201 1706 7203 1166 1706 7204 1165 1706 7205 1201 48 7206 1165 48 7207 1202 48 7208 1202 48 7209 1165 48 7210 1203 48 7211 1203 1707 7212 1165 1707 7213 1164 1707 7214 1203 48 7215 1164 48 7216 1204 48 7217 1204 1708 7218 1164 1708 7219 1163 1708 7220 1204 48 7221 1163 48 7222 1205 48 7223 1205 48 7224 1163 48 7225 1206 48 7226 1206 1709 7227 1163 1709 7228 1162 1709 7229 1206 48 7230 1162 48 7231 1207 48 7232 1207 1710 7233 1162 1710 7234 1208 1710 7235 1208 1711 7236 1162 1711 7237 1161 1711 7238 1208 1712 7239 1161 1712 7240 1209 1712 7241 1209 48 7242 1161 48 7243 1210 48 7244 1210 1713 7245 1161 1713 7246 1160 1713 7247 1210 48 7248 1160 48 7249 1211 48 7250 1211 1714 7251 1160 1714 7252 1159 1714 7253</p>
        </triangles>
      </mesh>
    </geometry>
  </library_geometries>
  <library_visual_scenes>
    <visual_scene id="Scene" name="Scene">
      <node id="edf_impeler" name="edf_impeler" type="NODE">
        <matrix sid="transform">-4.37114e-11 4.37114e-11 0.001 -0.014281 0.001 5.96046e-11 4.37114e-11 -0.00631 -5.96046e-11 0.001 -4.37114e-11 0 0 0 0 1</matrix>
        <instance_geometry url="#edf_impeler-mesh" name="edf_impeler">
          <bind_material>
            <technique_common>
              <instance_material symbol="Aluminum_-_Cast_001-material" target="#Aluminum_-_Cast_001-material">
                <bind_vertex_input semantic="edf_impeler-mesh-map-0" input_semantic="TEXCOORD" input_set="0"/>
              </instance_material>
              <instance_material symbol="Plastic_-_Glossy__Black__024-material" target="#Plastic_-_Glossy__Black__024-material">
                <bind_vertex_input semantic="edf_impeler-mesh-map-0" input_semantic="TEXCOORD" input_set="0"/>
              </instance_material>
              <instance_material symbol="Plastic_-_Matte__Black__007-material" target="#Plastic_-_Matte__Black__007-material">
                <bind_vertex_input semantic="edf_impeler-mesh-map-0" input_semantic="TEXCOORD" input_set="0"/>
              </instance_material>
            </technique_common>
          </bind_material>
        </instance_geometry>
      </node>
    </visual_scene>
  </library_visual_scenes>
  <scene>
    <instance_visual_scene url="#Scene"/>
  </scene>
</COLLADA>