<?xml version="1.0" encoding="utf-8"?>
<COLLADA xmlns="http://www.collada.org/2005/11/COLLADASchema" version="1.4.1" xmlns:xsi="http://www.w3.org/2001/XMLSchema-instance">
  <asset>
    <contributor>
      <author>Blender User</author>
      <authoring_tool>Blender 4.1.1 commit date:2024-04-15, commit time:15:11, hash:e1743a0317bc</authoring_tool>
    </contributor>
    <created>2024-10-25T01:12:54</created>
    <modified>2024-10-25T01:12:54</modified>
    <unit name="meter" meter="1"/>
    <up_axis>Z_UP</up_axis>
  </asset>
  <library_effects>
    <effect id="ABS__White__010-effect">
      <profile_COMMON>
        <technique sid="common">
          <lambert>
            <emission>
              <color sid="emission">0 0 0 1</color>
            </emission>
            <diffuse>
              <color sid="diffuse">0.964706 0.964706 0.952941 1</color>
            </diffuse>
            <index_of_refraction>
              <float sid="ior">1.5</float>
            </index_of_refraction>
          </lambert>
        </technique>
      </profile_COMMON>
    </effect>
    <effect id="Steel_-_Satin_010-effect">
      <profile_COMMON>
        <technique sid="common">
          <lambert>
            <emission>
              <color sid="emission">0 0 0 1</color>
            </emission>
            <diffuse>
              <color sid="diffuse">0.627451 0.627451 0.627451 1</color>
            </diffuse>
            <index_of_refraction>
              <float sid="ior">1.5</float>
            </index_of_refraction>
          </lambert>
        </technique>
      </profile_COMMON>
    </effect>
  </library_effects>
  <library_images/>
  <library_materials>
    <material id="ABS__White__010-material" name="ABS_(White).010">
      <instance_effect url="#ABS__White__010-effect"/>
    </material>
    <material id="Steel_-_Satin_010-material" name="Steel_-_Satin.010">
      <instance_effect url="#Steel_-_Satin_010-effect"/>
    </material>
  </library_materials>
  <library_geometries>
    <geometry id="edf_torsional_200_top-mesh" name="edf_torsional_200_top">
      <mesh>
        <source id="edf_torsional_200_top-mesh-positions">
          <float_array id="edf_torsional_200_top-mesh-positions-array" count="1056">1.430989 5.403408 3.878023 1.948035 5.395927 2.63042 1.936199 7.166006 2.585293 1.430989 7.165627 3.878023 1.430989 5.403408 6.478023 1.430989 7.165627 6.478023 -0.6823165 5.399028 2.599952 -0.1690109 5.403408 3.878023 -0.1690109 7.165627 3.878023 -0.669011 7.165627 2.73874 -0.1690109 5.403408 6.478023 -0.1690109 7.165627 6.478023 1.930989 5.603408 2.378054 1.930989 5.603408 0.278054 1.930989 6.003408 0.278054 0.165989 5.900627 6.478023 1.095989 5.900627 6.478023 1.095989 5.900627 4.078023 0.165989 5.900627 4.078023 1.095989 6.830627 6.478023 1.095989 6.830627 4.078023 0.165989 6.830627 6.478023 0.165989 6.830627 4.078023 1.630989 6.003408 0.278054 1.630989 7.165199 2.578054 1.630989 6.003408 2.578054 -0.669011 6.003408 0.278054 -0.669011 7.165544 2.578117 -0.369011 7.165199 2.578054 -0.369011 6.003408 0.278054 -0.369011 6.003408 2.578054 -0.669011 5.603408 2.378054 0.1050505 6.003408 1.371408 0.239363 6.003408 1.061842 0.5495828 6.003408 0.9053753 0.8218278 6.003408 0.9346977 1.042938 6.003408 1.096214 1.166861 6.003408 1.410086 1.058141 6.003408 1.740081 0.8449028 6.003408 1.911853 0.5743429 6.003408 1.953992 0.3189647 6.003408 1.855209 0.1471902 6.003408 1.641968 -0.669011 5.603408 0.278054 1.153668 5.603408 1.50946 1.124345 5.603408 1.237215 0.9144859 5.603408 0.9729593 0.5743421 5.603408 0.9021156 0.3189622 5.603408 1.000902 0.1471902 5.603408 1.21414 0.1050505 5.603408 1.4847 0.2038339 5.603408 1.740078 0.4749379 5.603408 1.941016 0.8218308 5.603408 1.92141 1.042939 5.603408 1.759893 0.165989 6.459528 16.27953 0.165989 6.534863 16.45688 0.165989 6.381726 16.60777 0.165989 6.185883 16.44412 0.165989 6.286308 16.27935 -0.269011 6.276525 16.28499 -0.269011 6.190077 16.4351 -0.269011 6.286305 16.5767 -0.269011 6.459529 16.57652 -0.269011 6.534863 16.39917 -0.269011 6.425257 16.26704 1.530989 6.459528 16.27953 1.530989 6.534863 16.45688 1.530989 6.444947 16.5767 1.530989 6.316585 16.58924 1.530989 6.185883 16.44412 1.530989 6.286308 16.27935 1.095989 6.276525 16.28499 1.095989 6.190077 16.4351 1.095989 6.286305 16.5767 1.095989 6.459529 16.57652 1.095989 6.534863 16.39917 1.095989 6.425257 16.26704 1.885941 4.326519 15.82802 1.64706 4.739477 15.82802 1.533327 5.221473 15.82802 1.533624 5.20269 17.02802 1.665285 4.695477 17.02802 1.908113 4.298408 17.02802 1.530989 7.130627 15.82802 1.530989 7.130627 17.02802 -0.6239641 4.326519 17.02802 -0.3850814 4.739477 17.02802 -0.2713493 5.221481 17.02802 -0.2716454 5.202698 15.82802 -0.4033065 4.695477 15.82802 -0.6461369 4.298408 15.82802 -0.269011 7.130627 17.02802 -0.269011 7.130627 15.82802 2.330989 3.865627 17.02802 2.330989 3.865627 15.82802 -1.069011 3.865627 15.82802 -1.069011 3.865627 17.02802 3.105771 3.865627 17.00918 3.428613 3.865627 16.78304 3.535005 3.865627 16.42584 3.462548 3.865627 16.14117 3.234922 3.865627 15.90072 2.028595 3.865627 15.58571 0.7169982 3.865627 15.02482 0.4445921 3.865627 15.0662 -0.6336369 3.865627 15.541 -1.950332 3.865627 15.88951 -2.187382 3.865627 16.11797 -2.272341 3.865627 16.39916 -2.187907 3.865627 16.75116 -1.85965 3.865627 17.00658 0.6251713 3.865627 15.3545 0.7495734 3.865627 15.40121 0.8071069 3.865627 15.54444 0.684841 3.865627 15.70084 0.4948475 3.865627 15.64095 0.4707073 3.865627 15.4439 2.880464 3.865627 16.26192 3.012713 3.865627 16.27484 3.105354 3.865627 16.3983 3.057803 3.865627 16.5466 2.936806 3.865627 16.60154 2.794846 3.865627 16.54095 2.76512 3.865627 16.36659 -1.719536 3.865627 16.26192 -1.587287 3.865627 16.27485 -1.494646 3.865627 16.3983 -1.542198 3.865627 16.54661 -1.663194 3.865627 16.60154 -1.805154 3.865627 16.54095 -1.83488 3.865627 16.36659 0.165989 5.900627 15.82802 1.095989 5.900627 15.82802 1.095989 6.830627 15.82802 0.165989 6.830627 15.82802 1.095989 5.900627 17.02802 1.095989 6.830627 17.02802 0.165989 6.830627 17.02802 0.165989 5.900627 17.02802 0.6145778 3.365627 15.3519 0.757801 3.365627 15.40944 0.8053538 3.365627 15.55775 0.6924261 3.365627 15.69389 0.4979398 3.365627 15.65076 0.4702601 3.365627 15.45418 3.004832 3.365627 16.2673 3.107107 3.365627 16.41161 3.033263 3.365627 16.57234 2.880462 3.365627 16.59413 2.76512 3.365627 16.48946 2.808244 3.365627 16.29498 -1.708295 3.365627 16.25891 -1.577211 3.365627 16.28066 -1.492893 3.365627 16.41161 -1.566737 3.365627 16.57234 -1.719539 3.365627 16.59413 -1.822194 3.365627 16.50975 -1.82974 3.365627 16.35418 -0.4849709 3.365627 15.48016 -1.905128 3.365627 15.87752 0.8173848 3.365627 15.0662 0.5449786 3.365627 15.02482 1.895613 3.365627 15.541 3.103633 3.365627 17.01512 3.397202 3.365627 16.81206 3.52323 3.365627 16.54673 3.509192 3.365627 16.25332 3.273822 3.365627 15.91487 -1.831855 3.365627 17.01414 -2.114869 3.365627 16.02053 -2.254368 3.365627 16.27903 -2.255431 3.365627 16.57277 -2.11781 3.365627 16.83228 1.095989 6.830627 38.77802 0.165989 6.830627 38.77802 0.165989 5.900627 38.77802 1.095989 5.900627 38.77802 0.165989 6.830627 4.078023 0.165989 5.900627 4.078023 1.095989 6.830627 4.078023 1.095989 5.900627 4.078023 0.165989 6.25602 26.56022 0.165989 6.200332 26.44589 0.165989 6.23349 26.31848 0.165989 6.371274 26.25967 0.165989 6.53508 26.36602 0.165989 6.447274 26.58366 -0.269011 6.394482 26.59733 -0.269011 6.526618 26.48771 -0.269011 6.497764 26.31848 -0.269011 6.35998 26.25967 -0.269011 6.225555 26.32882 -0.269011 6.217133 26.52199 1.530989 6.25602 26.56022 1.530989 6.200332 26.44589 1.530989 6.23349 26.31848 1.530989 6.371274 26.25967 1.530989 6.53508 26.36602 1.530989 6.447274 26.58366 1.095989 6.394482 26.59733 1.095989 6.526618 26.48771 1.095989 6.497764 26.31848 1.095989 6.35998 26.25967 1.095989 6.225555 26.32882 1.095989 6.217133 26.52199 1.533624 5.20269 27.02809 1.665285 4.695477 27.02809 1.908113 4.298408 27.02809 1.885941 4.326519 25.82809 1.64706 4.739476 25.82809 1.533327 5.221473 25.82809 1.530989 7.130627 25.82809 1.530989 7.130627 27.02809 -0.2716454 5.202698 25.82809 -0.4033064 4.695477 25.82809 -0.6461369 4.298408 25.82809 -0.6239642 4.326519 27.02809 -0.3850814 4.739477 27.02809 -0.2713493 5.221481 27.02809 -0.269011 7.130627 27.02809 -0.269011 7.130627 25.82809 2.330989 3.865627 27.02809 2.330989 3.865627 25.82809 -1.069011 3.865627 25.82809 -1.069011 3.865627 27.02809 -1.8438 3.865627 25.84693 -2.166636 3.865627 26.07307 -2.276105 3.865627 26.49955 -2.038041 3.865627 26.92485 -0.7665914 3.865627 27.27041 0.5449725 3.865627 27.83129 0.8173837 3.865627 27.78992 1.895578 3.865627 27.31512 3.273824 3.865627 26.94123 3.509192 3.865627 26.60279 3.512883 3.865627 26.24082 3.289833 3.865627 25.94222 3.048567 3.865627 25.83778 0.5287116 3.865627 27.4724 0.4543955 3.865627 27.28831 0.5804557 3.865627 27.16198 0.7127067 3.865627 27.1749 0.8053542 3.865627 27.29836 0.7277356 3.865627 27.48108 2.869553 3.865627 26.59396 2.774329 3.865627 26.49735 2.76512 3.865627 26.36665 2.861723 3.865627 26.27143 2.992425 3.865627 26.26222 3.111859 3.865627 26.4208 3.022789 3.865627 26.57545 -1.730447 3.865627 26.59395 -1.825671 3.865627 26.49735 -1.83488 3.865627 26.36665 -1.738277 3.865627 26.27143 -1.607575 3.865627 26.26222 -1.488141 3.865627 26.4208 -1.577211 3.865627 26.57545 1.095989 5.900627 27.02809 0.165989 5.900627 27.02809 0.165989 6.830627 27.02809 1.095989 6.830627 27.02809 1.095989 5.900627 25.82809 1.095989 6.830627 25.82809 0.165989 6.830627 25.82809 0.165989 5.900627 25.82809 0.5804641 3.365627 27.49419 0.4651201 3.365627 27.38953 0.5082495 3.365627 27.19504 0.7048343 3.365627 27.16736 0.8071073 3.365627 27.31167 0.7332653 3.365627 27.4724 2.970762 3.365627 26.60468 2.786671 3.365627 26.53036 2.770259 3.365627 26.35424 2.869192 3.365627 26.26833 3.004834 3.365627 26.26736 3.111859 3.365627 26.43537 -1.742858 3.365627 26.58881 -1.828766 3.365627 26.48988 -1.829741 3.365627 26.35424 -1.730808 3.365627 26.26833 -1.595166 3.365627 26.26736 -1.499897 3.365627 26.3888 -1.546269 3.365627 26.56113 -0.6336023 3.365627 27.31512 0.4445971 3.365627 27.78992 0.7170047 3.365627 27.83129 2.028571 3.365627 27.27041 3.300018 3.365627 26.92485 3.516344 3.365627 26.57708 3.500004 3.365627 26.20472 3.16129 3.365627 25.85456 -1.841661 3.365627 25.84099 -2.187908 3.365627 26.10495 -2.270433 3.365627 26.53746 -2.011846 3.365627 26.94123 1.944174 5.397621 40.2549 1.430989 5.403408 38.97808 1.430989 7.165627 38.97808 1.930989 7.165627 40.11737 1.430989 5.403408 36.37808 1.430989 7.165627 36.37808 -0.1690109 5.403408 38.97808 -0.6862565 5.397732 40.22696 -0.6742777 7.165871 40.27249 -0.1690109 7.165627 38.97808 -0.1690109 5.403408 36.37808 -0.1690109 7.165627 36.37808 1.930989 7.165534 40.27797 1.930989 6.003408 42.57805 1.930989 5.603408 42.57805 1.930989 5.603408 40.47805 1.095989 5.900627 36.37808 0.165989 5.900627 36.37808 0.165989 5.900627 38.77809 1.095989 5.900627 38.77809 1.095989 6.830627 36.37808 1.095989 6.830627 38.77809 0.165989 6.830627 36.37808 0.165989 6.830627 38.77809 1.630989 7.165199 40.27805 1.630989 6.003408 42.57805 1.630989 6.003408 40.27805 -0.669011 6.003408 42.57805 -0.369011 6.003408 42.57805 -0.369011 7.165199 40.27805 -0.369011 6.003408 40.27805 -0.669011 5.603408 40.47805 0.1083099 6.003408 41.50946 0.1376336 6.003408 41.23721 0.3474941 6.003408 40.97296 0.6876311 6.003408 40.90211 0.943015 6.003408 41.0009 1.114788 6.003408 41.21414 1.156927 6.003408 41.4847 1.05814 6.003408 41.74008 0.8448979 6.003408 41.91186 0.5743283 6.003408 41.95399 0.264774 6.003408 41.81968 -0.669011 5.603408 42.57805 1.166861 5.603408 41.44602 1.058141 5.603408 41.11603 0.7870352 5.603408 40.91509 0.3786136 5.603408 40.95499 0.1471903 5.603408 41.21414 0.1050505 5.603408 41.4847 0.2393632 5.603408 41.79427 0.5495706 5.603408 41.95073 0.8218284 5.603408 41.92141 1.042937 5.603408 41.75989</float_array>
          <technique_common>
            <accessor source="#edf_torsional_200_top-mesh-positions-array" count="352" stride="3">
              <param name="X" type="float"/>
              <param name="Y" type="float"/>
              <param name="Z" type="float"/>
            </accessor>
          </technique_common>
        </source>
        <source id="edf_torsional_200_top-mesh-normals">
          <float_array id="edf_torsional_200_top-mesh-normals-array" count="2862">0.9238086 0 0.3828549 0.9312858 0.01550573 0.3639592 1 0 0 -0.9276989 -0.02229005 0.3726633 -0.9156951 0 0.4018738 -1 0 0 0.9979851 0.005060493 -0.06324607 0.9999946 -0.003252148 -6.19424e-4 -0.001242339 -0.9999843 0.005481183 0 -0.9999942 0.00342679 0 -1 0 0 1 0 0 0 1 0.00831145 0.8929944 -0.4499912 0 0.8925892 -0.4508709 0 0.8925406 -0.4509673 9.32395e-4 0.8925891 -0.4508702 -8.07729e-7 0 1 0.006448626 -0.7722287 -0.6353121 0 -0.7355457 -0.6774752 -1.77974e-4 1 2.24031e-4 0 1 -6.46528e-5 0.001176953 0.9999993 -5.16549e-4 0 0 -1 0 0.1799009 -0.9836848 1.45888e-4 0.9931533 -0.116818 0 1 1.17741e-6 0 1 4.0602e-7 0 1 -9.44009e-7 0 1 -1.40936e-6 0 1 -1.7284e-6 0 1 1.25061e-6 0 1 -1.72089e-6 0 1 2.66226e-6 -0.9987148 0.01140165 -0.04938346 0 -1 -1.45576e-5 0 -1 5.87759e-7 0 -1 -8.4486e-7 0 -1 -1.68423e-6 0 -1 2.30106e-6 0 -1 -6.84432e-7 0 -1 3.40458e-6 0 -1 2.04935e-6 -0.9979876 0.05878901 -0.02376353 -0.9978525 0.06104183 -0.02375853 -0.9700383 0.05878722 0.2357325 -0.8726999 -0.05757606 0.4848504 -0.968451 -0.05922961 0.2420631 -0.8726037 -0.05923545 0.4848236 -0.8561717 0.05923509 0.5132848 -0.856243 0.05757552 0.5133547 -0.6938586 0.05922925 0.7176713 -0.4783486 -0.06104081 0.8760461 -0.6891677 -0.05878657 0.7222133 -0.4784117 -0.05878835 0.8761657 -0.3296962 0.04596751 0.9429674 -0.3284817 0.06269365 0.9424273 -0.07418245 0.04596555 0.9961848 0.02180546 -0.03636491 0.9991007 -0.2359078 -0.01460319 0.9716657 0.02358829 -0.01459759 0.9996152 0.2359369 0.01459747 0.9716588 0.2375258 0.03636497 0.9707003 0.4793568 0.01460307 0.8774986 0.5612069 -0.06269365 0.8252977 0.3294862 -0.04596549 0.9430409 0.5625199 -0.04596745 0.8255049 0.6888776 0.05878865 0.7224899 0.6887857 0.0610404 0.7223908 0.8526068 0.05878686 0.519236 0.9599335 -0.05757451 0.2742494 0.8559637 -0.05922901 0.5136323 0.9598466 -0.05923485 0.2742002 0.9586251 0.04317939 0.2813777 0.9594869 0.0268433 0.2804719 0.9987915 0.04317355 0.02349001 0.9594869 -0.0268433 -0.2804718 0.9987914 -0.04317361 -0.02349001 0.9586251 -0.04317945 -0.2813777 0.9708839 0.04317891 -0.2356272 0.9711772 0.02684187 -0.2368427 0.8767264 0.04317307 -0.4790482 0.6906999 -0.02684211 -0.7226432 0.8532307 -0.04317349 -0.5197437 0.6895006 -0.04317927 -0.7229969 0.6941525 0.05923539 -0.7173866 0.6942033 0.05757486 -0.7174727 0.4844714 0.05922955 -0.8727998 0.2353072 -0.06104004 -0.9700025 0.4787583 -0.05878651 -0.8759764 0.2353373 -0.05878829 -0.9701341 0.0744034 0.04596817 -0.9961683 0.07336997 0.06269466 -0.9953322 -0.1861776 0.0459662 -0.9814403 -0.2796499 -0.03636527 -0.9594131 -0.02361744 -0.01460313 -0.9996144 -0.2815053 -0.01459753 -0.9594487 -0.4793832 0.01459747 -0.8774843 -0.4806699 0.03636449 -0.8761474 -0.6901381 0.01460307 -0.7235304 -0.7218922 -0.03636419 -0.6910494 -0.5202626 -0.01460283 -0.8538815 -0.7235167 -0.01459723 -0.6901525 -0.853897 0.01459759 -0.5202372 -0.8543428 0.03636515 -0.518436 -0.9594407 0.01460319 -0.2815325 -0.9804063 -0.06269419 -0.1867429 -0.8998114 -0.04596579 -0.4338511 -0.9814813 -0.04596769 -0.1859611 -0.02838575 -0.1314982 0.99091 -0.04679977 -0.1301921 0.9903838 -0.02839124 0.129498 0.9911732 0.03032559 0.2468643 0.9685755 0.01010495 -0.01065981 0.9998922 0.01010161 0.2484534 0.9685912 -0.01233279 0.7785909 0.6274107 -0.04119741 0.7799658 0.6244646 -0.01233613 0.9144325 0.4045506 0.02826386 0.9225565 0.3848255 -0.001985788 0.7940224 0.6078854 -0.001982629 0.924278 0.3817149 -4.23377e-4 0.7476644 -0.6640766 0.01946574 0.893191 -0.4492559 0.01947134 0.7464842 -0.6651182 -0.08480811 0.733566 -0.6743059 -0.08485716 0.7335634 -0.6743026 -0.0848034 0.5332936 -0.8416687 0.07696324 -0.1313888 -0.9883388 0.07085829 0.1294639 -0.9890491 0.07085633 -0.1315328 -0.9887763 -0.07352101 -0.6009835 -0.7958728 -0.08858329 -0.6008219 -0.7944596 -0.07352298 -0.7868961 -0.6126901 0.06853836 -0.9610487 -0.2677463 0.05135625 -0.8602598 -0.5072628 0.05135202 -0.9623147 -0.2670459 -0.0513485 -0.9623131 0.2670522 -0.06853532 -0.961047 0.267753 -0.05135273 -0.8602567 0.5072686 0.06074911 -0.6793538 0.731292 0.04190516 -0.8457235 0.5319735 0.04189938 -0.6790933 0.7328553 -0.02838557 -0.1314982 0.99091 -0.0467996 -0.1301921 0.9903837 -0.02839124 0.1294505 0.9911794 0.03032559 0.2468643 0.9685755 0.01010495 -0.01065975 0.9998922 0.01010161 0.2484534 0.9685912 -0.01233285 0.7785939 0.6274071 -0.04119747 0.7799688 0.6244609 -0.01233613 0.9144343 0.4045464 0.02826386 0.9225544 0.3848305 -0.001985788 0.7940192 0.6078895 -0.001982629 0.924276 0.3817198 -4.23476e-4 0.7476609 -0.6640806 0.01946568 0.8931888 -0.4492604 0.01947122 0.746481 -0.6651219 -0.03213918 0.8236725 -0.5661543 -0.01780939 0.8234899 -0.5670515 -0.03213375 0.6490143 -0.7600974 0.01592218 -0.1309129 -0.9912661 0.02865368 0.1294614 -0.9911704 0.0286588 -0.1315348 -0.9908972 -0.002824306 0.03346168 -0.999436 0.02008193 0.03143954 -0.9993039 -0.00281918 -0.2262982 -0.974054 -0.0263226 -0.7143884 -0.6992542 -0.04693323 -0.7149341 -0.6976149 -0.02632546 -0.8710438 -0.4904995 0.06853842 -0.96105 -0.2677413 0.05135637 -0.8602623 -0.5072585 0.05135208 -0.962316 -0.2670412 -0.05134856 -0.9623146 0.2670472 -0.06853532 -0.9610484 0.2677478 -0.05135285 -0.8602592 0.5072641 0.06074911 -0.6793538 0.7312921 0.04190516 -0.8457235 0.5319736 0.04189938 -0.6790932 0.7328553 0.8095542 0.5870346 -0.003528356 0.8097009 0.5867466 -0.01063334 0.891405 0.4531942 -0.003530621 0.902022 0.4315197 0.0121299 0.8236513 0.5670729 0.005197525 0.9022069 0.4312722 0.005194783 0.945216 0.3263999 -0.005468189 0.9452986 0.3258849 -0.01448172 0.9846336 0.1745476 -0.005470991 0.9881212 0.1531452 0.01277285 0.9522535 0.3052905 0.00334376 0.9882826 0.1525989 0.00334239 0.9999865 -6.11448e-6 0.005194067 0.9999976 0.001224756 0.001820504 0.999996 0.001366436 -0.002535104 0.9999973 0.0017457 -0.00157237 0.9999967 0.0025568 -2.06741e-4 0.999998 0.001745045 0.001063585 -0.8095534 0.5870357 0.0035277 -0.8097001 0.5867477 0.01063275 -0.8914043 0.4531953 0.003529965 -0.9020203 0.4315233 -0.01212948 -0.8236491 0.5670761 -0.005197107 -0.9022053 0.4312757 -0.005194365 -0.9452176 0.3263953 0.005468308 -0.9453002 0.3258802 0.01448214 -0.9846344 0.1745429 0.00547105 -0.9881217 0.1531419 -0.01277369 -0.9522545 0.3052873 -0.003344297 -0.9882831 0.1525956 -0.003342926 -0.9999967 0.001366436 0.002195537 -0.9999898 5.42245e-4 0.004490792 -0.9999974 0.00197041 0.001134753 -0.9999969 0.002540826 2.07016e-4 -0.9999979 0.001704931 -0.001158595 -0.9999865 -5.34991e-6 -0.005193769 -0.9999976 0.001224756 -0.001820445 -1 0 0 -1 0 0 0.7193594 0.6946318 0.002980351 0.7152453 0.6988735 0 -0.7193605 0.6946306 -0.002980709 -0.7152463 0.6988725 0 0 1 3.78176e-7 0 1 -4.32739e-7 0 1 -1.42384e-6 0 1 -2.21666e-6 0 1 -2.64592e-6 0 1 -1.38601e-6 0 1 4.91171e-7 0 1 -4.3357e-6 0 1 1.94672e-6 0 1 4.21626e-6 0 1 6.58747e-7 0 1 -8.45402e-7 0 1 9.9142e-7 0 1 -3.90905e-7 0 1 1.46967e-6 0 1 -2.83004e-6 0 1 -4.86331e-6 0 1 1.2501e-6 0 -1.36643e-6 -1 -4.53111e-6 -4.92759e-7 -1 2.35737e-6 0 -1 4.5775e-6 -4.97803e-7 -1 4.82994e-7 -1.39487e-6 -1 9.06228e-7 0 -1 8.79815e-7 2.22776e-6 -1 0 2.06919e-6 -1 -1 -1.24271e-6 0 -1 -6.07947e-7 0 -1 6.71758e-7 0 1 0 0 1 0 0 1 1.49267e-7 0 1 0 0 1 0 0 1 0 0 1 0 0 1 0 0 1 -1.36865e-7 0 -0.2263305 0.00255841 0.9740473 -0.2277354 -0.01704853 0.9735738 -0.470672 0.00256145 0.8823047 -0.4894092 0.02732366 0.8716263 -0.2484784 0.009057879 0.9685952 -0.4906634 0.009054899 0.8713023 -0.8713122 -0.009053647 0.4906458 -0.871636 -0.02732229 0.4893915 -0.9686 -0.009056627 0.2484589 -0.9833023 0.02953904 0.1795666 -0.9042017 0.01137119 0.4269543 -0.9838888 0.01136791 0.1784198 -0.8614088 -0.01351863 -0.5077324 -0.859539 -0.03936636 -0.509552 -0.7006689 -0.01352179 -0.7133585 -0.681662 0.02442479 -0.7312594 -0.8464037 -0.002775967 -0.5325347 -0.6797734 -0.002773106 -0.733417 0.3407246 -0.002341866 -0.9401603 0.08721375 0.01671075 -0.9960495 0.3420206 0.01671659 -0.9395438 0.1735849 -0.01671659 -0.984677 0.1750162 0.002342045 -0.9845628 0.4225062 -0.01671069 -0.906206 0.9682163 0.003717541 -0.2500872 0.9687795 -0.02708476 -0.2464405 0.9999529 0.003720343 0.008973062 0.9995528 0.0270856 -0.01267749 0.9635627 -0.003719449 -0.267457 0.9999526 -0.003716647 -0.009009361 0.4678968 -0.001612067 0.8837817 0.6796475 0.01611298 0.7333619 0.4667426 0.01611846 0.8842464 0.6095129 -0.01498401 0.7926345 0.6086331 0.002448141 0.7934482 0.3836198 -0.01497864 0.9233698 0.00885123 0.04361611 0.9990093 0.2672862 0.04489833 0.9625707 0.008837401 0.04489952 0.9989525 0.03353303 -0.01337587 0.9993482 0.03269332 0.001280605 0.9994647 -0.2262282 -0.01337403 0.9739826 -0.7146646 0.003512501 0.6994585 -0.716004 -0.01991546 0.697812 -0.8712961 0.003515541 0.4907453 -0.8829995 0.03444468 0.4681085 -0.7334291 0.01242923 0.6796524 -0.8843063 0.01242589 0.4667421 -0.9838808 -0.01136696 -0.1784642 -0.9832944 -0.02953124 -0.1796106 -0.9041826 -0.01137006 -0.426995 -0.8462955 0.03967517 -0.5312345 -0.9551562 0.02290618 -0.2952153 -0.8461958 0.02290046 -0.53238 -0.5285769 -0.02632999 -0.8484771 -0.5282145 -0.03506451 -0.8483867 -0.29093 -0.02633571 -0.9563819 -0.01092791 0.03764271 -0.9992316 -0.2691364 0.03031802 -0.9626248 -0.01075512 0.03031307 -0.9994827 0.269004 -0.03031152 -0.9626621 0.2691055 -0.03764432 -0.9623748 0.5090491 -0.03031688 -0.8602035 0.7621468 0.04308998 -0.6459686 0.5691846 0.03597444 -0.8214225 0.7624641 0.03596901 -0.6460301 0.9545829 -0.04090774 -0.2951239 0.9542047 -0.05222392 -0.2945606 0.998446 -0.0409131 -0.03783923 0.9378971 0.06231594 0.3412709 0.9948217 0.05267179 0.08692353 0.9383207 0.05266869 0.3417314 0.7621272 -0.04762548 0.6456733 0.7620859 -0.04879868 0.6456345 0.5688855 -0.04762905 0.8210365 0.03349965 -0.008108198 0.9994059 0.03273189 -0.02238553 0.9992135 -0.226261 -0.008111298 0.974033 -0.2902194 0.02237242 0.9566987 -0.03353232 0.008108258 0.9994047 -0.2910097 0.008105337 0.9566858 -0.7146264 -0.009054064 0.6994478 -0.7152639 -0.02732235 0.6983203 -0.8712608 -0.009057104 0.4907367 -0.9033241 0.02953761 0.4279406 -0.7629219 0.0113703 0.6463907 -0.9041873 0.0113669 0.4269852 -0.9838806 -0.01136767 -0.1784656 -0.9832943 -0.02953237 -0.179612 -0.904182 -0.01137083 -0.4269962 -0.8462955 0.03967726 -0.5312342 -0.9551562 0.02290785 -0.295215 -0.8461959 0.02290213 -0.5323796 -0.5285766 -0.02632778 -0.8484773 -0.5282148 -0.03506237 -0.8483866 -0.2909298 -0.02633357 -0.956382 -0.01092767 0.03764247 -0.9992316 -0.2691363 0.03031778 -0.9626249 -0.01075494 0.03031283 -0.9994826 0.2690051 -0.030312 -0.9626617 0.2691066 -0.03764474 -0.9623744 0.5090501 -0.03031736 -0.8602028 0.7297813 0.0350638 -0.6827809 0.5285298 0.02633434 -0.8485062 0.7301544 0.02632856 -0.6827748 0.955155 -0.02289885 -0.2952195 0.9549549 -0.03967499 -0.2940871 0.9990178 -0.02290463 -0.03793466 0.996272 0.02953928 0.08105248 0.9838964 0.01137048 -0.1783783 0.9965419 0.0113672 0.0823121 0.7628526 -0.01136684 0.6464726 0.7617716 -0.02953892 0.647172 0.5696108 -0.01137024 0.821836 0.5101364 0.02732479 0.8596594 0.7145809 0.009058296 0.6994942 0.5092285 0.009055316 0.8605837 -0.4325351 -0.005173027 -0.9016023 -0.4308167 -0.0159896 -0.9022979 -0.3730539 -0.005173146 -0.9277953 -0.3762652 0.002272725 -0.9265093 -0.433842 -0.008940279 -0.9009447 -0.3743991 -0.008941531 -0.9272246 -0.2438954 0.01806092 -0.9696334 -0.3004142 0.03701168 -0.9530905 -0.2378249 0.03701293 -0.9706026 -0.2871525 5.23776e-5 -0.957885 -0.2774046 0.02358365 -0.9604638 -0.224323 5.35793e-5 -0.9745149 0.02618461 -0.01902902 -0.999476 0.2755168 -0.0547105 -0.9597382 0.02510637 -0.02341616 -0.9994106 -0.0251134 0.02341359 -0.9994105 -0.02619147 0.01902633 -0.999476 -0.2755236 0.05470794 -0.9597364 0.2210821 -0.007728457 -0.9752246 0.222678 -0.01801049 -0.9747257 0.2839663 -0.007726967 -0.9588032 0.2917904 0.02544981 -0.9561437 0.2302755 0.01664787 -0.9729831 0.2930014 0.01664876 -0.955967 0.3630091 -0.02234965 -0.9315176 0.3640468 -0.03114092 -0.9308599 0.4227673 -0.02234876 -0.9059627 0.4308167 0.01598799 -0.9022979 0.3730539 0.005171537 -0.9277953 0.4325351 0.005171418 -0.9016023 0.4690724 0.008055269 0.8831231 0.4696142 0.02055048 0.8826326 0.6668369 -0.022345 0.7448686 0.6640575 -0.008070588 0.747638 0.4666154 0.04145747 0.8834882 0.6651573 0.005011081 0.7466866 0.9457752 0.01619887 0.3244181 0.8434734 -0.04745703 0.5350705 0.9470981 0.006133854 0.3208858 0.9185669 0.008432686 0.3951756 0.9193543 0.00297904 0.3934197 0.9849154 0.05005335 0.1656397 0.986175 -0.003363847 -0.1656728 0.9964442 -0.03865081 0.0748673 0.9859688 -0.007769942 -0.1667488 0.9915956 0.007768869 -0.1291429 0.9914779 0.003362774 -0.1302322 0.9308922 0.03864979 -0.3632438 0.7515178 -0.002781867 -0.659707 0.8834374 -0.05510509 -0.4652975 0.7499249 -0.008675515 -0.6614661 0.800347 -0.005722701 -0.5995098 0.7975557 -0.01626241 -0.6030261 0.6363634 0.05300194 -0.7695664 4.71474e-6 0 1 -9.42948e-6 0 1 2.41499e-7 0 1 0 -0.02579784 0.9996672 -1.97791e-4 -0.02744728 0.9996232 -0.02710789 0.01360774 0.99954 0.02431356 0.01176691 0.9996352 -0.6547891 0.01053172 -0.7557383 -0.4581828 -0.04606384 -0.8876636 -0.6570625 0.001159608 -0.7538354 -0.6039496 0.007389903 -0.7969883 -0.6051192 0.002489507 -0.796131 -0.7762072 0.04326236 -0.6289919 -0.9300523 -0.003363549 -0.3674117 -0.8146257 -0.03865164 -0.5786979 -0.9304313 -0.007770001 -0.3663843 -0.9158339 0.0077672 -0.4014823 -0.9162955 0.003360807 -0.400489 -0.9847438 0.03864878 -0.1696646 -0.9933875 -0.003362357 0.1147603 -0.9912784 -0.03865027 -0.1259896 -0.9932369 -0.00776863 0.1158455 -0.9931063 0.02080196 0.1153572 -0.9931033 0.02031552 0.1154704 -0.935722 0.04188418 0.3502428 -0.8196093 -0.03130143 0.5720673 -0.9333586 -0.04162806 0.3565237 -0.8196734 -0.03069585 0.5720082 -0.7051151 0.02474582 0.708661 -0.7055332 0.03152859 0.7079752 -0.5142207 0.0209397 0.8574023 -0.429218 -0.02064824 0.9029649 -0.6345666 0.00381267 0.7728588 -0.4293152 -0.0124489 0.9030689 0 -1 -3.23825e-6 0 -1 4.15594e-6 0 -1 -4.24135e-7 0 -1 -1.93106e-6 0 -1 -1.00819e-6 0 -1 6.47752e-7 0 -1 2.95605e-7 0 -1 -3.66971e-7 0 -1 6.85156e-7 0 -1 -1.54966e-6 0 -1 3.10196e-6 0 -1 -4.70161e-7 0 -1 5.35061e-6 0 -1 -7.05764e-7 0 -1 1.36643e-6 0 -1 -9.11112e-7 0 -1 1.29455e-6 0 -1 -2.36527e-6 0 -1 1.29373e-6 0 -1 -5.71036e-6 0 -1 0 -0.04551672 0.2499698 -0.9671833 -0.03746813 0.2497682 -0.9675805 -0.04551166 -0.009089887 -0.9989225 0.04569393 -0.7325986 -0.6791255 0.05276399 -0.5316197 -0.8453381 0.05276823 -0.7325061 -0.6787123 -0.08557403 -0.8671844 -0.4905798 -0.09331649 -0.866649 -0.4901137 -0.08557075 -0.9648347 -0.2485389 0.07826966 -0.9525491 0.2941499 0.06548792 -0.9971436 0.0376293 0.06548309 -0.9532775 0.2949136 -0.04451346 -0.6487513 0.7596976 -0.06113266 -0.6474522 0.7596502 -0.04451739 -0.4298368 0.9018085 0.030326 -0.2705071 0.9622403 0.01010507 -0.5091868 0.8605968 0.01010173 -0.2691387 0.9630485 -0.01010161 0.269136 0.9630493 -0.03032606 0.2705044 0.9622411 -0.01010501 0.5091844 0.8605982 0.03277903 0.5680041 0.8223727 0.01268076 0.3374139 0.9412711 0.01267737 0.5695071 0.8218887 -0.01156115 0.9265715 0.3759411 -0.02754652 0.9266387 0.3749427 -0.01156461 0.9922953 0.1233548 0.05693989 0.9945993 -0.0867775 0.04576259 0.9837676 0.1735141 0.04576027 0.9951362 -0.08723515 -0.04148513 0.9477055 -0.3164386 -0.0380218 0.9478158 -0.3165433 -0.04148739 0.8334187 -0.5510828 0.03747099 0.2674897 -0.9628319 0.04551404 0.5073381 -0.8605445 0.04551911 0.2671172 -0.9625885 -0.04551672 0.2499699 -0.9671832 -0.03746813 0.2497683 -0.9675805 -0.04551166 -0.009089767 -0.9989225 0.04569101 -0.732631 -0.6790908 0.05276429 -0.53166 -0.8453127 0.05276787 -0.7325385 -0.6786774 -0.08557379 -0.8671824 -0.4905833 -0.09331631 -0.866647 -0.4901174 -0.08557063 -0.9648338 -0.2485428 0.0782653 -0.9525617 0.2941103 0.0654875 -0.9971452 0.03758734 0.06548339 -0.9532899 0.2948735 -0.04451346 -0.6487514 0.7596974 -0.06113266 -0.6474524 0.7596501 -0.04451739 -0.429837 0.9018085 0.030326 -0.2705072 0.9622403 0.01010173 -0.2691388 0.9630485 -0.01010161 0.2691361 0.9630492 -0.030326 0.2705045 0.9622411 -0.01010501 0.5091844 0.8605982 0.03277903 0.5680043 0.8223727 0.01268076 0.337414 0.941271 0.01267737 0.5695073 0.8218886 -0.01156103 0.9265535 0.3759855 -0.02755224 0.9266207 0.3749867 -0.01156467 0.9922894 0.1234023 0.05693989 0.9945993 -0.0867775 -0.04148513 0.9477055 -0.3164384 -0.0380218 0.9478158 -0.3165431 -0.04148733 0.8334188 -0.5510826 0.03747099 0.2674896 -0.9628319 0.04551404 0.507338 -0.8605445 0.04551911 0.267117 -0.9625885 0.9882825 0.1525996 0.003342628 0.9881211 0.1531459 0.01277303 0.9522532 0.3052912 0.003343939 0.9452989 0.3258841 -0.0144819 0.9846336 0.174547 -0.005471169 0.9452162 0.3263992 -0.005468368 0.9022061 0.4312739 0.005193948 0.9020212 0.4315215 0.012129 0.8236503 0.5670745 0.00519669 0.8097015 0.5867459 -0.01063311 0.8914054 0.4531933 -0.003530383 0.8095548 0.5870339 -0.003528118 0.9999969 0.001366436 -0.002101063 0.9999901 5.41938e-4 -0.004413485 0.9999974 0.002055644 -0.001001536 0.9999968 0.002519726 -2.07323e-4 0.9999977 0.002051591 5.34011e-4 0.9999962 0.001083374 0.002535164 0.999997 0.001224696 0.002155065 1 7.87104e-7 0 -0.9882831 0.1525955 -0.003342747 -0.9881217 0.1531418 -0.01277345 -0.9522545 0.3052873 -0.003344118 -0.9453002 0.3258802 0.0144819 -0.9846345 0.1745429 0.005470871 -0.9452176 0.3263953 0.00546813 -0.9022049 0.4312766 -0.005194544 -0.9020199 0.4315242 -0.01212972 -0.8236485 0.5670769 -0.005197286 -0.8096992 0.5867488 0.01063358 -0.8914037 0.4531965 0.0035308 -0.8095526 0.5870369 0.003528535 -0.9999971 0.001224756 -0.002093076 -1 1.42201e-7 0 -0.9999962 0.001366436 0.002439975 -0.9999959 0.001319706 0.002565383 -0.9999969 0.002521753 1.09958e-4 -0.999997 0.00245434 2.08369e-4 -0.9999963 0.001069128 -0.002516865 0.7193597 0.6946315 0.002980053 0.715246 0.6988728 0 -0.7193619 0.6946292 -0.002980053 -0.7152446 0.6988743 0 0 1 -2.95666e-6 0 1 -1.46175e-6 0 1 -7.98144e-6 0 1 -2.00505e-6 0 1 -4.68406e-6 0 1 2.65487e-6 0 1 -2.06606e-6 0 1 -1.35712e-6 0 1 -1.58713e-6 0 1 2.9727e-7 0 1 -2.04818e-6 0 1 1.31528e-6 0 1 6.96906e-7 0 1 -3.07014e-6 0 1 7.47667e-7 0 1 -5.60384e-6 0 1 7.44208e-7 0 1 2.75269e-7 0 1 3.80853e-7 0 1 1.54149e-6 0 1 1.73703e-6 0 2.73283e-6 1 -9.06219e-6 9.85514e-7 1 9.15504e-6 9.95611e-7 1 -8.69396e-7 2.78975e-6 1 2.08903e-6 0 1 2.37394e-6 0 1 -1.81245e-6 0 1 0 -4.45551e-6 1 0 -4.13839e-6 1 1 0 0 1 0 0 1 0 0 1 0 0 1 0 0 1 0 0 1 0 0 1 0 0 1 0 0 1 -1.21686e-7 0 -0.01176518 -8.82054e-4 -0.9999305 -0.2690933 0.01549005 -0.9629896 -0.01070839 0.01549398 -0.9998227 -0.08726364 -0.03866827 -0.9954346 -0.08704972 -0.03140467 -0.9957088 0.1734859 -0.03866481 -0.984077 0.7624776 0.03230738 -0.6462074 0.5691776 0.03693592 -0.8213846 0.7624225 0.03693526 -0.6460248 0.8690704 -0.05532491 -0.4915851 0.8688785 -0.05950754 -0.4914357 0.966776 -0.05532556 -0.2495665 0.937432 0.06786346 0.3414907 0.9941596 0.06407684 0.08683836 0.9376595 0.06407612 0.3415978 0.7929101 -0.05497032 0.6068543 0.7929304 -0.05443865 0.6068756 0.6085555 -0.05497062 0.791605 0.008930563 0.04360675 0.999009 0.2673621 0.04489028 0.96255 0.008916139 0.04489272 0.9989521 0.033468 -0.01337087 0.9993504 0.03262782 0.001277267 0.9994668 -0.2262917 -0.0133686 0.9739679 -0.7146613 0.003504216 0.6994621 -0.7160004 -0.01992362 0.6978155 -0.8712937 0.003507256 0.4907496 -0.883025 0.03445279 0.4680597 -0.7334347 0.01242899 0.6796463 -0.88431 0.01242566 0.4667349 -0.9634675 -0.01351767 -0.2674837 -0.9621325 -0.03936523 -0.2697251 -0.8614244 -0.01352089 -0.5077058 -0.8476933 0.02442276 -0.5299243 -0.9553903 -0.002777934 -0.2953333 -0.8464275 -0.002775073 -0.5324969 -0.2483465 -0.04512006 -0.96762 -0.2481083 -0.05233573 -0.9673176 0.01076638 -0.04512584 -0.9989233 0.4914439 0.05950605 -0.868874 0.2495756 0.05532568 -0.9667736 0.4915934 0.05532497 -0.8690657 0.6141808 -0.02850443 -0.7886505 0.614567 -0.01974499 -0.7886175 0.7973728 -0.0285049 -0.6028137 0.979627 0.01980298 -0.1998469 0.9802878 -0.004970192 -0.1975125 0.9979714 0.0198087 0.06050455 0.9987539 0.03444433 0.03611677 0.9749863 0.0124287 -0.2219172 0.9992023 0.01242548 0.03795391 0.7888674 -0.01036399 0.6144761 0.7881929 -0.02477908 0.6149293 0.6029826 -0.01036721 0.797687 0.5521006 0.01980465 0.8335422 0.7485858 0.005078732 0.6630185 0.5515205 0.005076467 0.834146 0.1999296 -0.005075871 0.9797971 0.1990929 -0.01980942 0.9797804 -0.06042069 -0.005078196 0.9981601 -0.1226071 0.02479112 0.9921457 0.1375849 0.01036906 0.9904357 -0.1234052 0.0103656 0.9923023 -0.7134231 -0.01351857 0.7006031 -0.7146964 -0.03935706 0.6983267 -0.870404 -0.01352167 0.4921528 -0.9044721 0.04130655 0.4245282 -0.7659939 0.01552361 0.6426606 -0.9061955 0.01552045 0.4225741 -0.9241834 -0.01441818 -0.3816772 -0.9229623 -0.03653651 -0.3831523 -0.7939537 -0.0144217 -0.6078073 -0.6776882 0.06132727 -0.7327876 -0.8444686 0.0421074 -0.5339474 -0.6774032 0.04210186 -0.7344061 -0.2484429 0.02081733 -0.9684229 -0.2453863 -0.007679939 -0.9693951 0.01067 0.02082329 -0.9997263 -0.0114777 0.03937691 -0.9991586 -0.2674143 0.01352304 -0.9634867 -0.008965671 0.0135197 -0.9998685 0.6144334 -0.01036602 -0.7889006 0.614887 -0.02478569 -0.7882257 0.7976255 -0.01036936 -0.603064 0.8335712 0.01981133 -0.5520567 0.663058 0.005080699 -0.7485508 0.8341487 0.005078375 -0.5515165 0.9798127 -0.005077719 -0.1998536 0.9797959 -0.01980543 -0.1990168 0.9981583 -0.005079984 0.06045001 0.9921502 0.0247839 0.1225718 0.9904308 0.01036727 -0.1376206 0.9923067 0.01036393 0.1233695 0.7888674 -0.0103631 0.6144761 0.7881928 -0.02477818 0.6149294 0.6029826 -0.01036632 0.797687 0.5521001 0.01980376 0.8335426 0.7485855 0.005077838 0.6630189 0.55152 0.005075573 0.8341463 0.1999296 -0.005075871 0.9797971 0.1990929 -0.01980942 0.9797804 -0.06042069 -0.005078256 0.9981601 -0.1226072 0.02479112 0.9921457 0.1375849 0.01036906 0.9904357 -0.1234052 0.0103656 0.9923023 -0.7134231 -0.01351797 0.7006032 -0.7146965 -0.03935647 0.6983267 -0.870404 -0.01352107 0.4921527 -0.8589301 0.007658302 0.5120359 -0.699331 -0.02082389 0.7144946 -0.860403 -0.02081835 0.509189 -0.9233714 0.02661061 -0.3829847 -0.9905642 0.03896909 -0.1313931 -0.922749 0.03897345 -0.383426 -0.9236063 -0.03897279 -0.3813563 -0.9237344 -0.02660977 -0.3821083 -0.7933746 -0.03896868 -0.6074852 -0.2307376 0.0178771 0.9728518 -0.2322118 0.00818032 0.9726309 -0.2934554 0.01787573 0.9558057 -0.2917917 0.0254479 0.9561433 -0.2302769 0.01664578 0.9729828 -0.2930029 0.01664668 0.9559667 -0.3629637 -0.02235418 0.9315351 -0.3640028 -0.03115808 0.9308766 -0.4227667 -0.02235335 0.9059629 -0.4308222 0.0159884 0.9022953 -0.3730594 0.005172312 0.927793 -0.4325405 0.005172193 0.9015997 -0.0261709 -0.01902312 0.9994766 -0.2755029 -0.05470937 0.9597422 -0.02509236 -0.02341121 0.9994111 0.02508991 0.02341276 0.999411 0.02616882 0.01902496 0.9994765 0.2755005 0.05471044 0.9597428 0.432539 -0.005171179 0.9016004 0.4308207 -0.01598739 0.902296 0.3730579 -0.005171298 0.9277936 0.3640052 0.03115463 0.9308758 0.4227689 0.02234989 0.9059619 0.3629661 0.02235072 0.9315343 0.2930046 -0.01665145 0.9559661 0.2917935 -0.02545261 0.9561427 0.2302787 -0.01665055 0.9729822 0.2322102 -0.008180379 0.9726312 0.2934538 -0.01787585 0.9558061 0.2307361 -0.01787722 0.9728522 0.744789 0.01946872 0.667016 0.7446171 0.03077822 0.666782 0.8831779 -0.004004001 0.469021 0.907117 -0.02208054 0.4202992 0.7800409 0.01323693 0.6255885 0.9073355 -0.0107131 0.4202709 0.9911376 0.009462177 0.1325024 0.9910091 0.01881361 0.1324656 0.9938756 -0.009731233 -0.1100759 0.9858278 -0.02557384 -0.1658 0.9970639 9.89817e-4 0.07656866 0.9860387 -0.0164209 -0.1657047 0.8682361 0.0164206 -0.4958795 0.8681332 0.02557331 -0.4956722 0.7234126 -9.89547e-4 -0.6904153 0.6283813 -0.04540288 -0.7765795 0.7965913 -0.03914588 -0.6032496 0.629526 -0.03838711 -0.7760306 0.5043469 0.03424137 -0.8628221 0.503502 0.02953386 -0.8634892 0.2811381 0.0635634 -0.95756 4.71474e-6 0 -1 -7.24491e-7 0 -1 -2.37394e-6 0 -1 1.81246e-6 0 -1 -1.75963e-6 0 -1 0 -0.02579778 -0.9996672 0.002708971 -0.04838025 -0.9988254 0.01350063 -0.03049618 -0.9994437 -0.02431339 0.0117706 -0.9996352 -0.4690793 0.008056938 -0.8831194 -0.469621 0.02055209 -0.8826289 -0.6668428 -0.02234351 -0.7448634 -0.6987065 -0.03059715 -0.7147538 -0.5074505 0.004802465 -0.8616676 -0.698883 -0.01881599 -0.7149884 -0.9307364 0.01925545 -0.3651836 -0.9304444 0.03123205 -0.3650996 -0.9912579 -0.004827618 -0.1318514 -0.997345 -0.03123164 -0.06578528 -0.9530646 0.004828572 -0.3027288 -0.9976449 -0.01925492 -0.06583344 -0.9255952 0.0210725 0.3779281 -0.9252138 0.03480648 0.3778465 -0.8090589 -0.007126152 0.5876845 -0.7694209 -0.03554445 0.6377525 -0.8996779 0.007812082 0.4364845 -0.7695842 -0.02167433 0.6381775 0 -1 5.96814e-7 0 -1 -4.98971e-6 0 -1 4.30104e-6 0 -1 -1.12095e-6 0 -1 2.8652e-7 0 -1 1.94169e-6 0 -1 -1.49023e-6 0 -1 2.02104e-6 0 -1 -1.32602e-6 0 -1 -3.76245e-6 0 -1 -4.508e-7 0 -1 -1.23803e-6 0 -1 1.37324e-6 0 -1 1.09397e-6 0 -1 -1.24382e-6 0 -1 2.19842e-6 0 -1 -4.93435e-6 0 -1 5.71015e-7 0.9275982 -0.02209246 -0.3729256 0.9156959 0 -0.401872 -0.923895 0 -0.3826463 -0.9314292 0.01567238 -0.363585 0.9987526 0.01123315 0.04865372 1 -2.37608e-7 0 6.10683e-6 -0.9999898 -0.004535257 0 -0.9999897 -0.004545152 0 0.8925434 0.4509615 -8.74475e-4 0.8925891 0.4508704 -0.006252944 0.892899 0.4502138 0 0.8925893 0.4508705 1.29237e-5 0 -1 -2.44885e-5 0 -1 1.83664e-5 0 -1 0 -0.7351269 0.6779296 -0.006767332 -0.7733505 0.6339426 -0.001325964 0.9999991 5.81933e-4 1.29537e-4 1 2.25467e-5 0 1 -1.87875e-4 0 0.9927523 0.1201788 -8.64862e-4 0.8861852 0.4633306 0 1 1.88795e-6 0 1 -1.97418e-6 0 1 -7.64087e-7 0 1 -1.49066e-6 0 1 3.32145e-6 0 1 -1.7604e-6 0 1 2.66228e-6 0 1 8.6044e-7 0 1 1.89057e-6 -0.997914 0.00510329 0.0643562 -0.9999944 -0.003288269 6.2635e-4 0 -1 4.03084e-6 0 -1 2.0013e-6 0 -1 -1.75411e-6 0 -1 1.12839e-6 0 -1 -6.84433e-7 0 -1 -1.24871e-6 0 -1 2.47541e-6 0 -1 3.13606e-7 -0.961198 -4.62916e-4 0.2758589 -0.9989606 -0.03905117 0.02351266 -0.9587954 -0.03905308 0.2814007 -0.9809267 0.05716556 0.1857823 -0.981543 0.03657609 0.1877119 -0.8992558 0.05716365 0.433672 -0.6906711 -0.02683758 0.7226709 -0.8532096 -0.04317367 0.5197784 -0.6894711 -0.04317903 0.723025 -0.6941013 0.0592339 0.7174363 -0.6941514 0.05757623 0.7175227 -0.4844511 0.05922746 0.8728111 -0.2353726 -0.06104034 0.9699866 -0.4788169 -0.05878502 0.8759445 -0.2354023 -0.05878764 0.9701185 -0.03363013 0.05588418 0.9978708 -0.03083389 0.08348339 0.9960321 0.22613 0.05588239 0.9724929 0.3257969 -0.05972337 0.9435515 0.07433652 -0.02785873 0.996844 0.3298496 -0.02785283 0.9436225 0.6522784 0.02785229 0.7574677 0.6542432 0.05972319 0.7539225 0.8260986 0.02785843 0.5628367 0.854457 -0.04959046 0.51715 0.6951589 -0.01701176 0.7186548 0.8574644 -0.01700592 0.5142623 0.959448 0.01459753 0.2815076 0.9594124 0.03636497 0.2796524 0.9996144 0.01460313 0.02361989 0.9991008 -0.03636401 -0.02180099 0.9716647 -0.01460212 0.235912 0.9996153 -0.01459646 -0.02358388 0.9613399 0.01700472 -0.2748392 0.9591831 0.04957842 -0.278406 0.8574584 0.01701033 -0.5142722 0.8270911 -0.05972892 -0.5588854 0.9436451 -0.02786302 -0.3297842 0.8261108 -0.02785718 -0.5628188 0.5627846 0.02785289 -0.8261343 0.5588532 0.05971056 -0.8271142 0.3297451 0.02785843 -0.943659 0.2783885 -0.04958385 -0.9591879 0.5142554 -0.01700657 -0.8574685 0.2748668 -0.01700097 -0.961332 0.02361696 0.01460015 -0.9996145 0.02183371 0.03637003 -0.9990999 -0.2358799 0.0146057 -0.9716725 -0.2797005 -0.03637534 -0.959398 -0.0236696 -0.01460343 -0.9996132 -0.281556 -0.01459747 -0.9594338 -0.4794182 0.01459622 -0.8774653 -0.4807043 0.03635627 -0.8761289 -0.6901324 0.01460176 -0.7235359 -0.7219082 -0.03636908 -0.6910325 -0.5202837 -0.01459884 -0.8538687 -0.7235336 -0.01459312 -0.690135 -0.8741154 0.017008 -0.4854205 -0.8751123 0.04958182 -0.4813733 -0.9699623 0.01701354 -0.2426598 -0.9701924 -0.02512288 -0.24103 -0.877536 0.0116207 -0.4793698 -0.9716958 0.01161503 -0.2359499</float_array>
          <technique_common>
            <accessor source="#edf_torsional_200_top-mesh-normals-array" count="954" stride="3">
              <param name="X" type="float"/>
              <param name="Y" type="float"/>
              <param name="Z" type="float"/>
            </accessor>
          </technique_common>
        </source>
        <source id="edf_torsional_200_top-mesh-map-0">
          <float_array id="edf_torsional_200_top-mesh-map-0-array" count="4440">0 1.762219 -1.244173 1.762219 0 0 0 0 -1.244173 1.762219 -1.244173 0 0 1.762219 -2.6 1.762219 0 0 0 0 -2.6 1.762219 -2.6 0 0 1.762219 -1.244173 1.762219 0 0 0 0 -1.244173 1.762219 -1.244173 0 0 1.762219 -2.6 1.762219 0 0 0 0 -2.6 1.762219 -2.6 0 -0.627366 -0.95 -0.375 -0.75 -0.5821946 0.812166 1.725 -0.75 1.725 -0.35 -0.375 -0.75 -0.375 -0.75 1.725 -0.35 -0.5821946 0.812166 1.997603 2.6 0.75 2.1 2.028071 0 2.028071 0 0.75 2.1 0.75 0.5 0.75 2.1 -1.85 2.1 0.75 0.5 0.75 0.5 -1.85 2.1 -1.85 0.5 -0.93 0 0 0 -0.93 2.4 -0.93 2.4 0 0 0 2.4 -0.93 0 0 0 -0.93 2.4 -0.93 2.4 0 0 0 2.4 -0.93 0 0 0 -0.93 2.4 -0.93 2.4 0 0 0 2.4 -0.93 0 0 0 -0.93 2.4 -0.93 2.4 0 0 0 2.4 -0.465 -0.465 0.465 -0.465 -0.465 0.465 -0.465 0.465 0.465 -0.465 0.465 0.465 0 0 2.576773 0 0 0.3 0 0.3 2.576773 0 2.576773 0.3 1.15 -0.580896 1.15 0.580896 -1.15 -0.580896 0 0 2.576773 0 0 0.3 0 0.3 2.576773 0 2.576773 0.3 -1.15 -0.580896 1.15 -0.580896 -1.15 0.580896 0.8 0.562219 0.465 -0.702781 0.8 -1.2 0.8 -1.2 0.465 -0.702781 -0.465 -0.702781 0.8 -1.2 -0.465 -0.702781 -0.8 -1.2 -0.8 -1.2 -0.465 -0.702781 -0.8 0.562219 -0.8 0.562219 -0.465 -0.702781 -0.465 0.227219 -0.8 0.562219 -0.465 0.227219 0.465 0.227219 0.465 -0.702781 0.8 0.562219 0.465 0.227219 0.465 0.227219 0.8 0.562219 -0.8 0.562219 -1.95 -0.141421 0.65 -0.141421 -1.95 0.141421 -1.95 0.141421 0.65 -0.141421 0.65 0.141421 1.299122 2.1 0.00715667 2.6 0 0 1.299122 2.1 0 0 1.299122 0.5 1.299122 0.5 0 0 0.159839 0 1.299122 0.5 3.899122 0.5 1.299122 2.1 1.299122 2.1 3.899122 0.5 3.899122 2.1 0 2.3 1.161792 0.3 1.161792 2.3 1.161792 2.3 1.161792 0.3 1.162136 0 1.161792 2.3 1.162136 0 1.162163 2.6 0 2.3 0 0.3 1.161792 0.3 0.4 -0.07499998 -0.7330265 0.4113212 -1.9 -0.07499998 -1.9 -0.07499998 -0.7330265 0.4113212 -1.05696 0.5044519 0.4 1.925 -0.2355743 1.00532 0.4 -0.07499998 0.4 -0.07499998 -0.2355743 1.00532 -0.2643343 0.7373468 -1.9 1.925 -0.694441 1.442686 0.4 1.925 0.4 1.925 -0.694441 1.442686 -0.3987783 1.30023 -1.9 -0.07499998 -1.267685 0.9805596 -1.9 1.925 -1.9 1.925 -1.267685 0.9805596 -1.17055 1.231957 0.4 1.925 -0.3987783 1.30023 -0.2355743 1.00532 -0.2643343 0.7373468 -0.4232273 0.5196551 0.4 -0.07499998 0.4 -0.07499998 -0.4232273 0.5196551 -0.7330265 0.4113212 -1.9 -0.07499998 -1.05696 0.5044519 -1.226108 0.7142718 -1.226108 0.7142718 -1.267685 0.9805596 -1.9 -0.07499998 -1.9 1.925 -1.17055 1.231957 -0.9607288 1.401108 -0.9607288 1.401108 -0.694441 1.442686 -1.9 1.925 -0.116184 -0.55 0.1057141 -0.75 0.2445009 1.012219 -0.116184 -0.55 0.2445009 1.012219 0.08381599 1.012136 0.08381599 1.012136 -2.216184 -0.15 -0.116184 -0.55 -0.116184 -0.55 -2.216184 -0.15 -2.216184 -0.55 1.932369 -1.3 2.390587 -0.1493468 1.932369 1.3 1.932369 1.3 2.390587 -0.1493468 2.396704 0.1876562 4.032369 -1.3 2.82681 -0.5176855 1.932369 -1.3 1.932369 -1.3 2.82681 -0.5176855 2.575412 -0.4205503 4.032369 1.3 3.400054 -0.05556029 4.032369 -1.3 4.032369 -1.3 3.400054 -0.05556029 3.302917 -0.3069594 1.932369 1.3 2.802049 0.5144257 4.032369 1.3 4.032369 1.3 2.802049 0.5144257 3.070022 0.4856658 3.070022 0.4856658 3.318741 0.2715392 4.032369 1.3 3.318741 0.2715392 3.400054 -0.05556029 4.032369 1.3 4.032369 -1.3 3.302917 -0.3069594 3.093098 -0.4761075 3.093098 -0.4761075 2.82681 -0.5176855 4.032369 -1.3 1.932369 -1.3 2.575412 -0.4205503 2.390587 -0.1493468 2.396704 0.1876562 2.555597 0.4053455 1.932369 1.3 1.932369 1.3 2.555597 0.4053455 2.802049 0.5144257 0.4 1.649336 0 1.59726 0.4 1.455692 0.4 1.455692 0 1.59726 0 1.293201 0.4 1.455692 0 1.293201 0.4 1.116727 0.4 1.116727 0 1.293201 0 1.018312 0.4 1.116727 0 1.018312 0.4 0.7684677 0.4 0.7684677 0 1.018312 0 0.7434234 0.4 0.7684677 0 0.7434234 0.4 0.4935786 0.4 0.4935786 0 0.7434234 0 0.3951624 0.4 0.4935786 0 0.3951624 0.4 0.2186919 0.4 0.2186919 0 0.3951624 0 0.05619895 0.4 0.2186919 0 0.05619895 0.4 -0.05619895 0.4 -0.05619895 0 0.05619895 0 -0.2186921 0.4 -0.05619895 0 -0.2186921 0.4 -0.3310859 0.4 -0.3310859 0 -0.2186921 0 -0.493582 0.4 -0.3310859 0 -0.493582 0.4 -0.6700525 0.4 -0.6700525 0 -0.493582 0 -0.7684685 0.4 -0.6700525 0 -0.7684685 0.4 -1.018315 0.4 -1.018315 0 -0.7684685 0 -1.043359 0.4 -1.018315 0 -1.043359 0.4 -1.293202 0.4 -1.293202 0 -1.043359 0 -1.318246 0.4 -1.293202 0 -1.318246 0.4 -1.568091 0.4 -1.568091 0 -1.318246 0 -1.593136 -1.3 0.4 -1.3 0 -1 0.4 -1 0.4 -1.3 0 1.3 0 -1 0.4 1.3 0 1 0.4 1 0.4 1.3 0 1.3 0.4 0.93 -0.518363 1.365 -0.518363 0.93 -0.4378356 0.93 -0.4378356 1.365 -0.518363 1.365 -0.4265704 0.93 -0.4378356 1.365 -0.4265704 0.93 -0.2449108 0.93 -0.2449108 1.365 -0.4265704 1.365 -0.2531729 0.93 -0.2449108 1.365 -0.2531729 1.365 -0.08053094 0.93 -0.2449108 1.365 -0.08053094 0.9300001 0.01427042 0.9300001 0.01427042 1.365 -0.08053094 1.365 0.0937972 0.9300001 0.01427042 1.365 0.0937972 0.9300001 0.2311699 0.9300001 0.2311699 1.365 0.0937972 1.365 0.28719 0.9300001 0.2311699 1.365 0.28719 0.93 0.4245672 0.93 0.4245672 1.365 0.28719 1.365 0.4599782 -0.435 -0.518363 0 -0.518363 -0.435 -0.4378356 -0.435 -0.4378356 0 -0.518363 0 -0.4265704 -0.435 -0.4378356 0 -0.4265704 -0.435 -0.2449108 -0.435 -0.2449108 0 -0.4265704 0 -0.2531729 -0.435 -0.2449108 0 -0.2531729 0 -0.08053094 -0.435 -0.2449108 0 -0.08053094 -0.435 -0.04906201 -0.435 -0.04906201 0 -0.08053094 0 0.0937972 -0.435 -0.04906201 0 0.0937972 -0.435 0.08052974 -0.435 0.08052974 0 0.0937972 -0.435 0.2311699 -0.435 0.2311699 0 0.0937972 0 0.28719 -0.435 0.2311699 0 0.28719 -0.435 0.4245672 -0.435 0.4245672 0 0.28719 0 0.4599782 0.6999999 0.4895706 -0.5 0.4537587 0.7 0.02383869 0.7 0.02383869 -0.5 0.4537587 -0.5 -0.0238347 0.7 0.02383869 -0.5 -0.0238347 0.7 -0.5006254 0.7 -0.5006254 -0.5 -0.0238347 -0.5 -0.5193926 2.424513 -0.1423462 1.504163 -0.6 2.583048 -0.1296883 2.583048 -0.1296883 1.504163 -0.6 3.265 -0.6 2.583048 -0.1296883 3.265 -0.6 2.655793 0.02678287 2.655793 0.02678287 3.265 -0.6 3.265 0.6 2.655793 0.02678287 3.265 0.6 2.575489 0.1423454 2.575489 0.1423454 3.265 0.6 2.452724 0.1540316 2.452724 0.1540316 3.265 0.6 1.504163 0.6 2.452724 0.1540316 1.504163 0.6 2.351679 0.01272022 2.351679 0.01272022 1.504163 0.6 1.504163 -0.6 2.351679 0.01272022 1.504163 -0.6 2.424513 -0.1423462 0.5 0.4895713 -0.7 0.4537588 0.5 0.02383857 0.5 0.02383857 -0.7 0.4537588 -0.7 -0.02383482 0.5 0.02383857 -0.7 -0.02383482 0.5 -0.5006331 0.5 -0.5006331 -0.7 -0.02383482 -0.6999999 -0.5194012 0.7102962 -0.1483121 0 -0.6 1.760837 -0.6 0.7102962 -0.1483121 1.760837 -0.6 0.8503429 -0.1371439 0.8503429 -0.1371439 1.760837 -0.6 0.9191614 0.005667626 0.9191614 0.005667626 1.760837 -0.6 1.760837 0.6 0.9191614 0.005667626 1.760837 0.6 0.8404898 0.1423447 0.8404898 0.1423447 1.760837 0.6 0.681951 0.1296871 0.681951 0.1296871 1.760837 0.6 0 0.6 0.681951 0.1296871 0 0.6 0.6092062 -0.0267806 0.6092062 -0.0267806 0 0.6 0 -0.6 0.6092062 -0.0267806 0 -0.6 0.7102962 -0.1483121 0.4 -0.138478 -0.8 -0.138478 0.4 -0.565685 0.4 -0.565685 -0.8 -0.138478 -0.8 -0.565685 0.8 -0.138478 -0.4 -0.138478 0.8 -0.565685 0.8 -0.565685 -0.4 -0.138478 -0.4 -0.565685 1 1.7 0.3436378 2.147194 -0.2 1.7 0.9664019 2.47018 0.5658981 2.305976 1 1.7 1 1.7 0.5658981 2.305976 0.5041525 2.174786 0.9664019 2.47018 0.7422344 2.777621 0.5658981 2.305976 0.5658981 2.305976 0.7422344 2.777621 0.5130792 2.421535 0.5130792 2.421535 0.7422344 2.777621 0.3980287 2.895627 0.5130792 2.421535 0.3980287 2.895627 0.3724072 2.460515 0.3724072 2.460515 0.3980287 2.895627 0.2533411 2.377776 0.2533411 2.377776 0.3980287 2.895627 0.1172952 2.824265 0.2533411 2.377776 0.1172952 2.824265 0.2413005 2.251295 0.2413005 2.251295 0.1172952 2.824265 -0.1138369 2.596178 0.2413005 2.251295 -0.1138369 2.596178 -0.2 1.7 0.2413005 2.251295 -0.2 1.7 0.3436378 2.147194 -0.2 1.7 -0.1138369 2.596178 -0.4652572 1.405457 -0.2 1.7 -0.4652572 1.405457 -0.3491749 0.04818916 -0.9816641 0.08195364 -0.6215326 0.1130828 -0.4652572 1.405457 -0.9816641 0.08195364 -0.9636724 -0.1874396 -0.6663344 -0.005495369 -0.6663344 -0.005495369 -0.9636724 -0.1874396 -0.5743606 -0.1404718 -0.5743606 -0.1404718 -0.9636724 -0.1874396 -0.5086618 -1.272172 -0.5743606 -0.1404718 -0.5086618 -1.272172 -0.3958469 -0.125213 -0.3958469 -0.125213 -0.5086618 -1.272172 -0.2 -1.7 -0.3958469 -0.125213 -0.2 -1.7 -0.3491749 0.04818916 -0.3491749 0.04818916 -0.2 -1.7 -0.2 1.7 -0.2 -1.7 -0.5086618 -1.272172 -0.1245473 -2.573761 -0.2 -1.7 -0.1245473 -2.573761 0.2533417 -2.222223 0.2533417 -2.222223 -0.1245473 -2.573761 0.2413005 -2.348705 0.2413005 -2.348705 -0.1245473 -2.573761 0.0940963 -2.811076 0.2413005 -2.348705 0.0940963 -2.811076 0.343638 -2.452805 0.343638 -2.452805 0.0940963 -2.811076 0.3713507 -2.894941 0.343638 -2.452805 0.3713507 -2.894941 0.5041526 -2.425214 0.5041526 -2.425214 0.3713507 -2.894941 0.7114964 -2.79975 0.5041526 -2.425214 0.7114964 -2.79975 0.5658982 -2.294025 0.5658982 -2.294025 0.7114964 -2.79975 0.9623075 -2.485311 0.5658982 -2.294025 0.9623075 -2.485311 1 -1.7 0.5658982 -2.294025 1 -1.7 0.5130805 -2.178465 0.5130805 -2.178465 1 -1.7 0.3724072 -2.139485 0.3724072 -2.139485 1 -1.7 -0.2 -1.7 0.3724072 -2.139485 -0.2 -1.7 0.2533417 -2.222223 -0.9816641 0.08195364 -0.6663344 -0.005495369 -0.6215326 0.1130828 -0.6215326 0.1130828 -0.4851088 0.1621865 -0.4652572 1.405457 -0.4851088 0.1621865 -0.3491749 0.04818916 -0.4652572 1.405457 1 1.7 0.5041525 2.174786 0.3436378 2.147194 -0.465 0.4025 0.9130858 -0.2946066 0.465 0.4025 0.465 0.4025 0.9130858 -0.2946066 0.9 1.6325 0.465 0.4025 0.9 1.6325 0.465 1.3325 0.465 1.3325 0.9 1.6325 -0.9 1.6325 0.465 1.3325 -0.9 1.6325 -0.465 1.3325 -0.465 1.3325 -0.9 1.6325 -0.465 0.4025 -0.465 0.4025 -0.9 1.6325 -0.9116154 -0.2759242 -0.465 0.4025 -0.9116154 -0.2759242 0.9130858 -0.2946066 0.9130858 -0.2946066 -0.9116154 -0.2759242 1.04336 -0.7988948 1.04336 -0.7988948 -0.9116154 -0.2759242 -1.025135 -0.7548958 1.04336 -0.7988948 -1.025135 -0.7548958 1.282424 -1.195192 1.282424 -1.195192 -1.025135 -0.7548958 -1.25919 -1.167988 1.282424 -1.195192 -1.25919 -1.167988 1.7 -1.6325 1.7 -1.6325 -1.25919 -1.167988 -1.7 -1.6325 0.4102962 -0.1483121 0 -0.6 0.93 -0.6 0.4102962 -0.1483121 0.93 -0.6 0.5503429 -0.1371439 0.5503429 -0.1371439 0.93 -0.6 0.6191614 0.005667626 0.6191614 0.005667626 0.93 -0.6 0.93 0.6 0.6191614 0.005667626 0.93 0.6 0.5404898 0.1423447 0.5404898 0.1423447 0.93 0.6 0.381951 0.1296871 0.381951 0.1296871 0.93 0.6 0 0.6 0.381951 0.1296871 0 0.6 0.3092062 -0.0267806 0.3092062 -0.0267806 0 0.6 0 -0.6 0.3092062 -0.0267806 0 -0.6 0.4102962 -0.1483121 0.93 0.6 0 0.6 0.93 -0.6 0.93 -0.6 0 0.6 0 -0.6 0.3895134 -0.1423462 0 -0.6 0.5480481 -0.1296883 0.5480481 -0.1296883 0 -0.6 0.93 -0.6 0.5480481 -0.1296883 0.93 -0.6 0.6207934 0.02678287 0.6207934 0.02678287 0.93 -0.6 0.93 0.6 0.6207934 0.02678287 0.93 0.6 0.4777204 0.1483205 0.4777204 0.1483205 0.93 0.6 0 0.6 0.4777204 0.1483205 0 0.6 0.316679 0.01272022 0.316679 0.01272022 0 0.6 0 -0.6 0.316679 0.01272022 0 -0.6 0.3895134 -0.1423462 0.93 0.6 0 0.6 0.93 -0.6 0.93 -0.6 0 0.6 0 -0.6 1.8 0.6 0 0.6 1.8 -0.6 1.8 -0.6 0 0.6 0 -0.6 0.5 0.5158773 0 0.5077679 0.5 0.4065967 0.5 0.4065967 0 0.5077679 0 0.394992 0.5 0.4065967 0 0.394992 0.5 0.2513879 0.5 0.2513879 0 0.394992 0 0.2381756 0.5 0.2513879 0 0.2381756 0.5 0.05243462 0.5 0.05243462 0 0.2381756 0 0.0601533 0.5 0.05243462 0 0.0601533 0 -0.1399948 0.5 0.05243462 0 -0.1399948 0.5 -0.1491655 0.5 -0.1491655 0 -0.1399948 0.5 -0.3498583 0.5 -0.3498583 0 -0.1399948 0 -0.3404024 0.5 -0.3498583 0 -0.3404024 0 -0.5045196 0.5 -0.3498583 0 -0.5045196 0.5 -0.5172109 0.5 -0.4835255 0 -0.4084759 0 -0.534071 0.5 0.534071 0 0.460137 0.5 0.4511014 0.5 0.4511014 0 0.460137 0.5 0.2958933 0.5 0.2958933 0 0.460137 0 0.2826818 0.5 0.2958933 0 0.2826818 0.5 0.1395665 0.5 0.1395665 0 0.2826818 0 0.1046607 0.5 0.1395665 0 0.1046607 0.5 0.006044328 0.5 0.006044328 0 0.1046607 0 -0.05006206 0.5 0.006044328 0 -0.05006206 0.5 -0.1491665 0.5 -0.1491665 0 -0.05006206 0 -0.2068796 0.5 -0.1491665 0 -0.2068796 0.5 -0.3271898 0.5 -0.3271898 0 -0.2068796 0 -0.4084759 0.5 -0.3271898 0 -0.4084759 0.5 -0.4835255 0.5 0.534071 0 0.534071 0.5 0.4511004 0.5 0.4511004 0 0.534071 0 0.4394969 0.5 0.4511004 0 0.4394969 0.5 0.2958933 0.5 0.2958933 0 0.4394969 0 0.2826818 0.5 0.2958933 0 0.2826818 0.5 0.1395649 0.5 0.1395649 0 0.2826818 0 0.1046607 0.5 0.1395649 0 0.1046607 0.5 0.006044149 0.5 0.006044149 0 0.1046607 0 -0.05006223 0.5 0.006044149 0 -0.05006223 0.5 -0.1491664 0.5 -0.1491664 0 -0.05006223 0 -0.1835811 0.5 -0.1491664 0 -0.1835811 0.5 -0.3271897 0.5 -0.3271897 0 -0.1835811 0 -0.3404008 0.5 -0.3271897 0 -0.3404008 0.5 -0.4835253 0.5 -0.4835253 0 -0.3404008 0 -0.4951314 0.5 2.238452 0 2.238452 0.5 1.189151 0.5 1.189151 0 2.238452 0 1.349545 0.5 1.189151 0 1.349545 0 5.84289e-4 0.5 1.189151 0 5.84289e-4 0.5 0 -0.5 1.486533 0 1.378724 0 1.655059 -0.5 1.486533 0 1.655059 -0.5 1.762868 0.5 2.238452 0 2.238452 0.5 1.189568 0.5 1.189568 0 2.238452 0 1.0493 0.5 1.189568 0 1.0493 0.5 0 0.5 0 0 1.0493 0 0 -0.5 0.1749961 0 0.171169 -0.5 0.5696538 -0.5 0.5696538 0 0.171169 0 0.5291714 -0.5 0.5696538 0 0.5291714 0 0.82391 -0.5 0.5696538 0 0.82391 -0.5 0.9445288 -0.5 0.9445288 0 0.82391 0 1.118652 -0.5 0.9445288 0 1.118652 -0.5 1.23927 -0.5 1.23927 0 1.118652 0 1.53142 -0.5 1.23927 0 1.53142 -0.5 1.571355 1.835 2.535 3.213087 1.837886 2.765 2.535 2.765 2.535 3.213087 1.837886 3.2 3.765 2.765 2.535 3.2 3.765 2.765 3.465 2.765 3.465 3.2 3.765 1.4 3.765 2.765 3.465 1.4 3.765 1.835 3.465 1.835 3.465 1.4 3.765 1.835 2.535 1.835 2.535 1.4 3.765 1.388385 1.856584 1.835 2.535 1.388385 1.856584 3.213087 1.837886 3.213087 1.837886 1.388385 1.856584 3.34336 1.333605 3.34336 1.333605 1.388385 1.856584 1.274865 1.377604 3.34336 1.333605 1.274865 1.377604 3.582424 0.9373081 3.582424 0.9373081 1.274865 1.377604 1.04081 0.9645117 3.582424 0.9373081 1.04081 0.9645117 4 0.5 4 0.5 1.04081 0.9645117 0.6 0.5 4 0.5 0.6 0.5 4.6 0 4.6 0 0.6 0.5 0 -0.162163 0 -0.162163 0.6 0.5 0 0.5 4.6 0 4.6 0.5 4 0.5 -0.5 -1.59645 0 -1.64134 0 -1.386638 -0.5 -1.59645 0 -1.386638 -0.5 -1.266023 -0.5 -1.266023 0 -1.386638 0 -1.091898 -0.5 -1.266023 0 -1.091898 -0.5 -0.9712828 -0.5 -0.9712828 0 -1.091898 0 -0.7971569 -0.5 -0.9712828 0 -0.7971569 -0.5 -0.6078882 -0.5 -0.6078882 0 -0.7971569 0 -0.5024208 -0.5 -0.6078882 0 -0.5024208 -0.5 -0.1908271 -0.5 -0.1908271 0 -0.5024208 0 -0.162163 -0.23791 -2.337735 0.001696169 -2.739791 -0.2586999 -2.212071 -0.2586999 -2.212071 0.001696169 -2.739791 0.1493756 -2.535553 0.001696169 -2.739791 -0.23791 -2.337735 -0.2532595 -2.877272 -0.2532595 -2.877272 -0.23791 -2.337735 -0.3318019 -2.447903 -0.2532595 -2.877272 -0.3318019 -2.447903 -0.542919 -2.87823 -0.542919 -2.87823 -0.3318019 -2.447903 -0.478409 -2.446797 -0.542919 -2.87823 -0.478409 -2.446797 -0.5592446 -2.348356 -0.542919 -2.87823 -0.5592446 -2.348356 -0.7987759 -2.74244 -0.7987759 -2.74244 -0.5592446 -2.348356 -0.9688209 -2.457689 -0.5592446 -2.348356 -0.5330106 -2.20601 -0.9688209 -2.457689 -0.9688209 -2.457689 -0.5330106 -2.20601 -0.4563633 2.147194 -0.4563633 2.147194 -0.5330106 -2.20601 -0.3851092 -2.137814 -0.4563633 2.147194 -0.3851092 -2.137814 0.3471943 0.05636066 0.3471943 0.05636066 -0.3851092 -2.137814 0.3921823 -0.1165568 0.3921823 -0.1165568 -0.3851092 -2.137814 -0.2586999 -2.212071 0.3921823 -0.1165568 -0.2586999 -2.212071 0.1493756 -2.535553 -0.2828583 2.193472 0.08553278 2.624515 -0.2524363 2.368739 -0.2524363 2.368739 0.08553278 2.624515 -0.2275485 2.870119 -0.2524363 2.368739 -0.2275485 2.870119 -0.3851093 2.462187 -0.3851093 2.462187 -0.2275485 2.870119 -0.5168759 2.884051 -0.3851093 2.462187 -0.5168759 2.884051 -0.5330106 2.39399 -0.5330106 2.39399 -0.5168759 2.884051 -0.77856 2.759857 -0.5330106 2.39399 -0.77856 2.759857 -0.5592446 2.251644 -0.5592446 2.251644 -0.77856 2.759857 -0.9665281 2.466306 -0.2828583 2.193472 0.5086624 1.272171 0.08553278 2.624515 0.5086624 1.272171 -0.2828583 2.193472 0.3471943 0.05636066 0.3471943 0.05636066 -0.2828583 2.193472 -0.4563633 2.147194 -0.9688209 -2.457689 -0.4563633 2.147194 -0.9665281 2.466306 -0.9665281 2.466306 -0.4563633 2.147194 -0.5592446 2.251644 0.6621871 -0.01488876 0.9816638 -0.081954 0.9636725 0.1874396 0.6621871 -0.01488876 0.9636725 0.1874396 0.6137285 0.1215032 0.6137285 0.1215032 0.9636725 0.1874396 0.5086624 1.272171 0.6137285 0.1215032 0.5086624 1.272171 0.472406 0.160514 0.472406 0.160514 0.5086624 1.272171 0.3471943 0.05636066 0.9816638 -0.081954 0.6621871 -0.01488876 0.5558772 -1.118949 0.5558772 -1.118949 0.6621871 -0.01488876 0.5681995 -0.1479021 0.5558772 -1.118949 0.5681995 -0.1479021 0.3921823 -0.1165568 0.5558772 -1.118949 0.3921823 -0.1165568 0.1493756 -2.535553 0.465 0.465 -0.465 0.465 0.465 -0.465 0.465 -0.465 -0.465 0.465 -0.465 -0.465 0.93 34.7 0 34.7 0 0 0.93 34.7 0 0 0.93 0 0.93 34.7 0 34.7 0 0 0.93 34.7 0 0 0.93 0 0.93 34.7 0 34.7 0 0 0.93 34.7 0 0 0.93 0 0.93 34.7 0 34.7 0 0 0.93 34.7 0 0 0.93 0 0.465 0.465 -0.465 0.465 0.465 -0.465 0.465 -0.465 -0.465 0.465 -0.465 -0.465 -0.93 -0.4039596 -1.365 -0.500703 -0.93 -0.518363 -0.9300001 0.4382567 -1.365 0.4820286 -1.365 0.3175625 -0.9300001 0.4382567 -1.365 0.3175625 -0.93 0.1996879 -0.93 0.1996879 -1.365 0.3175625 -1.365 0.1447798 -0.93 0.1996879 -1.365 0.1447798 -0.93 0.005396544 -0.93 0.005396544 -1.365 0.1447798 -1.365 -0.005395889 -0.93 0.005396544 -1.365 -0.005395889 -0.93 -0.1447792 -0.93 -0.1447792 -1.365 -0.005395889 -1.365 -0.1576004 -0.93 -0.1447792 -1.365 -0.1576004 -0.93 -0.2768436 -0.93 -0.2768436 -1.365 -0.1576004 -1.365 -0.3529779 -0.93 -0.2768436 -1.365 -0.3529779 -0.93 -0.4039596 -0.93 -0.4039596 -1.365 -0.3529779 -1.365 -0.500703 0.435 -0.4039596 0 -0.500703 0.435 -0.518363 0.435 0.4382567 0 0.4820286 0 0.3175625 0.435 0.4382567 0 0.3175625 0.435 0.1996879 0.435 0.1996879 0 0.3175625 0 0.1447798 0.435 0.1996879 0 0.1447798 0.435 0.005396544 0.435 0.005396544 0 0.1447798 0 -0.005395889 0.435 0.005396544 0 -0.005395889 0.435 -0.1447792 0.435 -0.1447792 0 -0.005395889 0 -0.1576004 0.435 -0.1447792 0 -0.1576004 0.435 -0.2768436 0.435 -0.2768436 0 -0.1576004 0 -0.3529779 0.435 -0.2768436 0 -0.3529779 0.435 -0.4039596 0.435 -0.4039596 0 -0.3529779 0 -0.500703 -0.7 -0.5193926 0.5 -0.5006254 -0.7 -0.02383422 -0.7 -0.02383422 0.5 -0.5006254 0.5 0.02383875 -0.7 -0.02383422 0.5 0.02383875 -0.7 0.4537585 -0.7 0.4537585 0.5 0.02383875 0.5 0.4895706 -2.5718 -0.1363589 -3.265 -0.6 -1.504163 -0.6 -2.5718 -0.1363589 -1.504163 -0.6 -2.39891 -0.1215306 -2.39891 -0.1215306 -1.504163 -0.6 -2.337299 -0.01746141 -2.337299 -0.01746141 -1.504163 -0.6 -1.504163 0.6 -2.337299 -0.01746141 -1.504163 0.6 -2.378468 0.1010895 -2.378468 0.1010895 -1.504163 0.6 -2.505335 0.1614416 -2.505335 0.1614416 -1.504163 0.6 -3.265 0.6 -2.505335 0.1614416 -3.265 0.6 -2.639888 0.05266332 -2.639888 0.05266332 -3.265 0.6 -3.265 -0.6 -2.639888 0.05266332 -3.265 -0.6 -2.5718 -0.1363589 -0.5 -0.5194012 0.7 -0.5006331 -0.5 -0.02383482 -0.5 -0.02383482 0.7 -0.5006331 0.7 0.02383857 -0.5 -0.02383482 0.7 0.02383857 -0.5 0.4537592 -0.5 0.4537592 0.7 0.02383857 0.7 0.4895713 -0.7382183 -0.1557934 -1.760837 -0.6 0 -0.6 -0.7382183 -0.1557934 0 -0.6 -0.6166874 -0.05470085 -0.6166874 -0.05470085 0 -0.6 0 0.6 -0.6166874 -0.05470085 0 0.6 -0.643468 0.1010892 -0.643468 0.1010892 0 0.6 -0.7703345 0.1614415 -0.7703345 0.1614415 0 0.6 -1.760837 0.6 -0.7703345 0.1614415 -1.760837 0.6 -0.8941006 0.0912258 -0.8941006 0.0912258 -1.760837 0.6 -0.8946865 -0.08304822 -0.8946865 -0.08304822 -1.760837 0.6 -1.760837 -0.6 -0.8946865 -0.08304822 -1.760837 -0.6 -0.7382183 -0.1557934 0.8 -0.138478 -0.4 -0.138478 0.8 -0.565685 0.8 -0.565685 -0.4 -0.138478 -0.4 -0.565685 0.4 -0.138478 -0.8 -0.138478 0.4 -0.565685 0.4 -0.565685 -0.8 -0.138478 -0.8 -0.565685 0.2 1.7 -0.4563606 2.147194 -1 1.7 0.2 -1.7 0.3407562 -0.04836207 0.2 1.7 0.2 1.7 0.3407562 -0.04836207 0.3532 0.07840317 -1 -1.7 -0.4058383 -2.141168 0.2 -1.7 -0.9664007 -2.470187 -0.5528068 -2.243639 -1 -1.7 -0.9664007 -2.470187 -0.7422329 -2.777621 -0.5528068 -2.243639 -0.5528068 -2.243639 -0.7422329 -2.777621 -0.5541684 -2.368235 -0.5541684 -2.368235 -0.7422329 -2.777621 -0.4563606 -2.452806 -0.4563606 -2.452806 -0.7422329 -2.777621 -0.332509 -2.883687 -0.4563606 -2.452806 -0.332509 -2.883687 -0.3317657 -2.454168 -0.3317657 -2.454168 -0.332509 -2.883687 -0.2471939 -2.35636 -0.2471939 -2.35636 -0.332509 -2.883687 0.06792587 -2.648402 -0.2471939 -2.35636 0.06792587 -2.648402 -0.2593171 -2.211874 -0.2593171 -2.211874 0.06792587 -2.648402 0.2 -1.7 -0.2593171 -2.211874 0.2 -1.7 -0.4058383 -2.141168 0.2 -1.7 0.06792587 -2.648402 0.4652665 -1.40543 0.2 -1.7 0.4652665 -1.40543 0.3407562 -0.04836207 0.9816632 -0.08196002 0.6330094 -0.09399282 0.4652665 -1.40543 0.9816632 -0.08196002 0.9636732 0.1874383 0.6343103 0.0846793 0.9816632 -0.08196002 0.6343103 0.0846793 0.6330094 -0.09399282 0.5100591 1.272191 0.6343103 0.0846793 0.9636732 0.1874383 0.5100591 1.272191 0.4724082 0.1605144 0.6343103 0.0846793 0.5100591 1.272191 0.2 1.7 0.3532 0.07840317 0.5100591 1.272191 0.08553367 2.624517 0.2 1.7 0.08553367 2.624517 -0.2471936 2.243641 0.2 1.7 -0.2471936 2.243641 0.08553367 2.624517 -0.2593172 2.388126 -0.2593172 2.388126 0.08553367 2.624517 -0.2275468 2.870119 -0.2593172 2.388126 -0.2275468 2.870119 -0.4058383 2.458832 -0.4058383 2.458832 -0.2275468 2.870119 -0.5806298 2.860494 -0.4058383 2.458832 -0.5806298 2.860494 -0.5528069 2.356361 -0.5528069 2.356361 -0.5806298 2.860494 -0.8790116 2.654011 -0.8790116 2.654011 -0.9855594 2.416992 -0.5528069 2.356361 -0.5528069 2.356361 -0.9855594 2.416992 -0.5541684 2.231765 -0.5541684 2.231765 -0.9855594 2.416992 -1 1.7 -0.5541684 2.231765 -1 1.7 -0.4563606 2.147194 0.6330094 -0.09399282 0.4645311 -0.1549308 0.4652665 -1.40543 0.4652665 -1.40543 0.4645311 -0.1549308 0.3407562 -0.04836207 0.3532 0.07840317 0.4724082 0.1605144 0.5100591 1.272191 -0.2471936 2.243641 -0.3317656 2.145832 0.2 1.7 0.2 1.7 -0.3317656 2.145832 -0.4563606 2.147194 -0.5528068 -2.243639 -0.4058383 -2.141168 -1 -1.7 -0.465 0.4025 0.9130864 -0.2946143 0.465 0.4025 0.465 0.4025 0.9130864 -0.2946143 0.9 1.6325 0.465 0.4025 0.9 1.6325 0.465 1.3325 0.465 1.3325 0.9 1.6325 -0.9 1.6325 0.465 1.3325 -0.9 1.6325 -0.465 1.3325 -0.465 1.3325 -0.9 1.6325 -0.465 0.4025 -0.465 0.4025 -0.9 1.6325 -0.9116147 -0.2759155 -0.465 0.4025 -0.9116147 -0.2759155 0.9130864 -0.2946143 0.9130864 -0.2946143 -0.9116147 -0.2759155 1.04336 -0.798895 1.04336 -0.798895 -0.9116147 -0.2759155 -1.025135 -0.7548957 1.04336 -0.798895 -1.025135 -0.7548957 1.282424 -1.195192 1.282424 -1.195192 -1.025135 -0.7548957 -1.25919 -1.167989 1.282424 -1.195192 -1.25919 -1.167989 1.7 -1.6325 1.7 -1.6325 -1.25919 -1.167989 -1.7 -1.6325 -0.4382183 -0.1557934 -0.93 -0.6 0 -0.6 -0.4382183 -0.1557934 0 -0.6 -0.3166874 -0.05470085 -0.3166874 -0.05470085 0 -0.6 0 0.6 -0.3166874 -0.05470085 0 0.6 -0.343468 0.1010892 -0.343468 0.1010892 0 0.6 -0.4703345 0.1614415 -0.4703345 0.1614415 0 0.6 -0.93 0.6 -0.4703345 0.1614415 -0.93 0.6 -0.5941006 0.0912258 -0.5941006 0.0912258 -0.93 0.6 -0.5946865 -0.08304822 -0.5946865 -0.08304822 -0.93 0.6 -0.93 -0.6 -0.5946865 -0.08304822 -0.93 -0.6 -0.4382183 -0.1557934 -0.93 -0.6 0 -0.6 -0.93 0.6 -0.93 0.6 0 -0.6 0 0.6 -0.5367998 -0.1363589 -0.93 -0.6 0 -0.6 -0.5367998 -0.1363589 0 -0.6 -0.3639101 -0.1215306 -0.3639101 -0.1215306 0 -0.6 -0.3022987 -0.01746141 -0.3022987 -0.01746141 0 -0.6 0 0.6 -0.3022987 -0.01746141 0 0.6 -0.3434685 0.1010895 -0.3434685 0.1010895 0 0.6 -0.4703351 0.1614416 -0.4703351 0.1614416 0 0.6 -0.93 0.6 -0.4703351 0.1614416 -0.93 0.6 -0.6048878 0.05266332 -0.6048878 0.05266332 -0.93 0.6 -0.93 -0.6 -0.6048878 0.05266332 -0.93 -0.6 -0.5367998 -0.1363589 -0.93 -0.6 0 -0.6 -0.93 0.6 -0.93 0.6 0 -0.6 0 0.6 -1.8 -0.6 0 -0.6 -1.8 0.6 -1.8 0.6 0 -0.6 0 0.6 -0.5 0.4385822 0 0.4294077 0 0.534071 -0.5 -0.534071 0 -0.4835255 -0.5 -0.4294074 -0.5 -0.4294074 0 -0.4835255 0 -0.3271915 -0.5 -0.4294074 0 -0.3271915 -0.5 -0.2287192 -0.5 -0.2287192 0 -0.3271915 0 -0.1273247 -0.5 -0.2287192 0 -0.1273247 -0.5 -0.05006819 -0.5 -0.05006819 0 -0.1273247 0 0.07336544 -0.5 -0.05006819 0 0.07336544 -0.5 0.08344775 -0.5 0.08344775 0 0.07336544 -0.5 0.238178 -0.5 0.238178 0 0.07336544 0 0.2513893 -0.5 0.238178 0 0.2513893 -0.5 0.4385822 -0.5 0.4385822 0 0.2513893 0 0.4294077 -0.5 0.4390121 0 0.4849356 -0.5 0.534071 -0.5 -0.4739192 0 -0.5077613 0 -0.371693 -0.5 -0.4739192 0 -0.371693 -0.5 -0.3378482 -0.5 -0.3378482 0 -0.371693 -0.5 -0.2068825 -0.5 -0.2068825 0 -0.371693 0 -0.1936714 -0.5 -0.2068825 0 -0.1936714 -0.5 -0.07081353 -0.5 -0.07081353 0 -0.1936714 0 -0.06270599 -0.5 -0.07081353 0 -0.06270599 -0.5 0.06015288 -0.5 0.06015288 0 -0.06270599 0 0.07336544 -0.5 0.06015288 0 0.07336544 -0.5 0.260846 -0.5 0.260846 0 0.07336544 0 0.2749633 -0.5 0.260846 0 0.2749633 -0.5 0.4390121 -0.5 0.4390121 0 0.2749633 0 0.4849356 -0.5 0.4390122 0 0.4081774 -0.5 0.534071 -0.5 0.534071 0 0.4081774 0 0.534071 -0.5 -0.4739184 0 -0.4607045 -0.5 -0.337848 -0.5 -0.337848 0 -0.4607045 0 -0.3297382 -0.5 -0.337848 0 -0.3297382 -0.5 -0.2068825 -0.5 -0.2068825 0 -0.3297382 0 -0.1936715 -0.5 -0.2068825 0 -0.1936715 -0.5 -0.07081347 -0.5 -0.07081347 0 -0.1936715 0 -0.06270593 -0.5 -0.07081347 0 -0.06270593 -0.5 0.06015282 -0.5 0.06015282 0 -0.06270593 0 0.07336533 -0.5 0.06015282 0 0.07336533 -0.5 0.260846 -0.5 0.260846 0 0.07336533 0 0.2285752 -0.5 0.260846 0 0.2285752 0 0.4081774 -0.5 0.260846 0 0.4081774 -0.5 0.4390122 -0.5 0 0 0 -0.5 1.048912 -0.5 1.048912 0 0 0 1.189187 -0.5 1.048912 0 1.189187 -0.5 2.238452 -0.5 2.238452 0 1.189187 0 2.238452 0.5 -1.486527 0 -1.37873 0 -1.655066 0.5 -1.486527 0 -1.655066 0.5 -1.762867 -0.5 0 0 0 -0.5 1.048874 -0.5 1.048874 0 0 0 1.189543 -0.5 1.048874 0 1.189543 -0.5 2.238452 -0.5 2.238452 0 1.189543 0 2.238452 0.5 1.531418 0 1.500997 0.5 1.118654 0.5 1.118654 0 1.500997 0 1.091903 0.5 1.118654 0 1.091903 0.5 0.7552594 0.5 0.7552594 0 1.091903 0 0.7170255 0.5 0.7552594 0 0.7170255 0.5 0.3818065 0.5 0.3818065 0 0.7170255 0 0.2291986 0.5 0.3818065 0 0.2291986 0.5 0.1181762 -2.765 2.535 -1.386914 1.837893 -1.835 2.535 -1.835 2.535 -1.386914 1.837893 -1.4 3.765 -1.835 2.535 -1.4 3.765 -1.835 3.465 -1.835 3.465 -1.4 3.765 -3.2 3.765 -1.835 3.465 -3.2 3.765 -2.765 3.465 -2.765 3.465 -3.2 3.765 -2.765 2.535 -2.765 2.535 -3.2 3.765 -3.211616 1.856576 -2.765 2.535 -3.211616 1.856576 -1.386914 1.837893 -1.386914 1.837893 -3.211616 1.856576 -1.25664 1.333605 -1.25664 1.333605 -3.211616 1.856576 -3.325135 1.377604 -1.25664 1.333605 -3.325135 1.377604 -1.017576 0.9373076 -1.017576 0.9373076 -3.325135 1.377604 -3.55919 0.9645119 -1.017576 0.9373076 -3.55919 0.9645119 -0.6 0.5 -0.6 0.5 -3.55919 0.9645119 -4 0.5 -0.6 0.5 -4 0.5 0 -0.1711744 0 -0.1711744 -4 0.5 -4.6 0 -4.6 0 -4 0.5 -4.6 0.5 0 -0.1711744 0 0.5 -0.6 0.5 0.5 -0.1750034 0 -0.1711744 0.5 -0.5696555 0.5 -0.5696555 0 -0.1711744 0 -0.6078916 0.5 -0.5696555 0 -0.6078916 0.5 -1.011768 0.5 -1.011768 0 -0.6078916 0 -1.050001 0.5 -1.011768 0 -1.050001 0.5 -1.500997 0.5 -1.500997 0 -1.050001 0 -1.531419 0.2827694 -2.19308 -0.08553332 -2.624517 0.2520977 -2.368198 0.2520977 -2.368198 -0.08553332 -2.624517 0.2948759 -2.879421 0.2520977 -2.368198 0.2948759 -2.879421 0.3392369 -2.457263 0.3392369 -2.457263 0.2948759 -2.879421 0.4681965 -2.447904 0.4681965 -2.447904 0.2948759 -2.879421 0.7114935 -2.799752 0.4681965 -2.447904 0.7114935 -2.799752 0.5572621 -2.360765 0.5572621 -2.360765 0.7114935 -2.799752 0.5479035 -2.231802 0.5479035 -2.231802 0.7114935 -2.799752 0.9665277 -2.466311 0.2827694 -2.19308 -0.5086739 -1.272137 -0.08553332 -2.624517 -0.5086739 -1.272137 0.2827694 -2.19308 -0.3835596 -0.1081786 -0.3835596 -0.1081786 0.2827694 -2.19308 -0.3520957 0.06819826 -0.3520957 0.06819826 0.2827694 -2.19308 0.4371641 -2.138208 -0.3520957 0.06819826 0.4371641 -2.138208 0.4681966 2.152096 0.4681966 2.152096 0.4371641 -2.138208 0.5479035 -2.231802 0.4681966 2.152096 0.5479035 -2.231802 0.9665277 -2.466311 -0.06792664 2.648403 0.2450699 2.335468 0.2532541 2.87727 0.2532541 2.87727 0.2450699 2.335468 0.3924897 2.458158 0.2532541 2.87727 0.3924897 2.458158 0.6158258 2.846503 0.6158258 2.846503 0.3924897 2.458158 0.5479035 2.368198 0.6158258 2.846503 0.5479035 2.368198 0.9402628 2.517063 0.5479035 2.368198 0.5572621 2.239234 0.9402628 2.517063 0.9402628 2.517063 0.5572621 2.239234 0.4681966 2.152096 0.4681966 2.152096 0.3060116 2.166987 -0.3520957 0.06819826 -0.3520957 0.06819826 0.3060116 2.166987 -0.4652659 1.405433 -0.4652659 1.405433 0.3060116 2.166987 0.2450699 2.335468 -0.4652659 1.405433 0.2450699 2.335468 -0.06792664 2.648403 -0.6330096 0.09399253 -0.9816631 0.08196014 -0.6586996 -0.04870474 -0.6586996 -0.04870474 -0.9816631 0.08196014 -0.9636753 -0.1874346 -0.6586996 -0.04870474 -0.9636753 -0.1874346 -0.5086739 -1.272137 -0.6586996 -0.04870474 -0.5086739 -1.272137 -0.5563638 -0.1528051 -0.5563638 -0.1528051 -0.5086739 -1.272137 -0.3835596 -0.1081786 -0.9816631 0.08196014 -0.6330096 0.09399253 -0.4652659 1.405433 -0.6330096 0.09399253 -0.4851102 0.1621864 -0.4652659 1.405433 -0.4851102 0.1621864 -0.3520957 0.06819826 -0.4652659 1.405433 0.9665277 -2.466311 0.9402628 2.517063 0.4681966 2.152096 1.244173 1.762219 0 1.762219 1.244173 0 1.244173 0 0 1.762219 0 0 2.6 1.762219 0 1.762219 2.6 0 2.6 0 0 1.762219 0 0 1.244173 1.762219 0 1.762219 1.244173 0 1.244173 0 0 1.762219 0 0 2.6 1.762219 0 1.762219 2.6 0 2.6 0 0 1.762219 0 0 0.375 -0.75 0.5981479 -0.9499999 0.735685 0.812219 0.375 -0.75 0.735685 0.812219 0.575 0.8121255 0.575 0.8121255 -1.725 -0.35 0.375 -0.75 0.375 -0.75 -1.725 -0.35 -1.725 -0.75 -0.75 2.1 -2.026821 2.6 -1.998878 0 -0.75 2.1 -1.998878 0 -0.75 0.5 -0.75 0.5 1.85 0.5 -0.75 2.1 -0.75 2.1 1.85 0.5 1.85 2.1 0 0 0.93 0 0 2.4 0 2.4 0.93 0 0.93 2.4 0 0 0.93 0 0 2.4 0 2.4 0.93 0 0.93 2.4 0 0 0.93 0 0 2.4 0 2.4 0.93 0 0.93 2.4 0 0 0.93 0 0 2.4 0 2.4 0.93 0 0.93 2.4 0.465 0.465 -0.465 0.465 0.465 -0.465 0.465 -0.465 -0.465 0.465 -0.465 -0.465 -2.576773 0 0 0 -2.576773 0.3 -2.576773 0.3 0 0 0 0.3 -1.15 0.580896 -1.15 -0.580896 1.15 -0.580896 -2.576773 0 0 0 -2.576773 0.3 -2.576773 0.3 0 0 0 0.3 -1.15 -0.580896 1.15 -0.580896 1.15 0.580896 -0.8 -1.2 -0.465 -0.702781 -0.8 0.562219 -0.8 0.562219 -0.465 -0.702781 -0.465 0.227219 -0.8 0.562219 -0.465 0.227219 0.465 0.227219 -0.8 -1.2 0.8 -1.2 -0.465 -0.702781 -0.465 -0.702781 0.8 -1.2 0.465 -0.702781 0.465 -0.702781 0.8 -1.2 0.8 0.562219 0.465 -0.702781 0.8 0.562219 0.465 0.227219 0.465 0.227219 0.8 0.562219 -0.8 0.562219 1.95 0.141421 -0.65 0.141421 1.95 -0.141421 1.95 -0.141421 -0.65 0.141421 -0.65 -0.141421 -0.159839 2.6 -1.299122 2.1 0 2.6 0 2.6 -1.299122 2.1 -0.005496025 0 -0.005496025 0 -1.299122 2.1 -1.299122 0.5 -1.299122 2.1 -3.899122 2.1 -1.299122 0.5 -1.299122 0.5 -3.899122 2.1 -3.899122 0.5 0 2.3 -1.161792 2.3 0 0.3 0 0.3 -1.161792 2.3 -1.161792 0.3 -1.161792 0.3 -1.161792 2.3 -1.162171 0 -1.161792 2.3 -1.162125 2.6 -1.162171 0 1.9 -0.07499998 0.6944419 0.4073144 -0.4 -0.07499998 -0.4 -0.07499998 0.6944419 0.4073144 0.4430377 0.504454 1.9 1.925 1.267686 0.8694446 1.9 -0.07499998 1.9 -0.07499998 1.267686 0.8694446 1.170548 0.6180406 -0.4 1.925 0.6696844 1.439426 1.9 1.925 1.9 1.925 0.6696844 1.439426 0.9376562 1.410664 -0.4 -0.07499998 0.2323164 0.9805741 -0.4 1.925 -0.4 1.925 0.2323164 0.9805741 0.3746759 1.274223 0.9376562 1.410664 1.186372 1.196538 1.9 1.925 1.186372 1.196538 1.267686 0.8694446 1.9 1.925 1.9 -0.07499998 1.170548 0.6180406 0.9607272 0.4488919 0.9607272 0.4488919 0.6944419 0.4073144 1.9 -0.07499998 -0.4 -0.07499998 0.4430377 0.504454 0.2738898 0.7142778 0.2738898 0.7142778 0.2323164 0.9805741 -0.4 -0.07499998 -0.4 1.925 0.3746759 1.274223 0.6696844 1.439426 -0.134907 -0.75 0.116184 -0.55 -0.08934116 1.012173 2.216184 -0.55 2.216184 -0.15 0.116184 -0.55 0.116184 -0.55 2.216184 -0.15 -0.08934116 1.012173 -1.932369 1.3 -2.39227 0.1504256 -1.932369 -1.3 -1.932369 -1.3 -2.39227 0.1504256 -2.429448 -0.2401832 -4.032369 1.3 -2.900825 0.5123327 -1.932369 1.3 -1.932369 1.3 -2.900825 0.5123327 -2.57541 0.4205483 -4.032369 -1.3 -3.396793 -0.0803321 -4.032369 1.3 -4.032369 1.3 -3.396793 -0.0803321 -3.368035 0.1876527 -1.932369 -1.3 -2.937927 -0.5176856 -4.032369 -1.3 -4.032369 -1.3 -2.937927 -0.5176856 -3.233592 -0.3752281 -1.932369 1.3 -2.57541 0.4205483 -2.39227 0.1504256 -1.932369 -1.3 -2.429448 -0.2401832 -2.671642 -0.476108 -2.671642 -0.476108 -2.937927 -0.5176856 -1.932369 -1.3 -4.032369 -1.3 -3.233592 -0.3752281 -3.396793 -0.0803321 -3.368035 0.1876527 -3.209142 0.4053447 -4.032369 1.3 -4.032369 1.3 -3.209142 0.4053447 -2.900825 0.5123327 -0.4 -1.610007 0 -1.649336 0 -1.430646 -0.4 -1.610007 0 -1.430646 -0.4 -1.318247 -0.4 -1.318247 0 -1.430646 0 -1.155757 -0.4 -1.318247 0 -1.155757 -0.4 -0.9807782 -0.4 -0.9807782 0 -1.155757 0 -0.8808633 -0.4 -0.9807782 0 -0.8808633 -0.4 -0.5684468 -0.4 -0.5684468 0 -0.8808633 0 -0.5326104 -0.4 -0.5684468 0 -0.5326104 -0.4 -0.2186907 -0.4 -0.2186907 0 -0.5326104 0 -0.1936472 -0.4 -0.2186907 0 -0.1936472 -0.4 0.056198 -0.4 0.056198 0 -0.1936472 0 0.08124059 -0.4 0.056198 0 0.08124059 -0.4 0.3951645 -0.4 0.3951645 0 0.08124059 0 0.4310026 -0.4 0.3951645 0 0.4310026 -0.4 0.7434107 -0.4 0.7434107 0 0.4310026 0 0.7684537 -0.4 0.7434107 0 0.7684537 -0.4 1.018311 -0.4 1.018311 0 0.7684537 0 1.043353 -0.4 1.018311 0 1.043353 -0.4 1.293201 -0.4 1.293201 0 1.043353 0 1.318243 -0.4 1.293201 0 1.318243 -0.4 1.568092 -0.4 1.568092 0 1.318243 0 1.593138 1.3 0.4 1 0.4 1.3 0 1.3 0 1 0.4 -1 0.4 1.3 0 -1 0.4 -1.3 0 -1.3 0 -1 0.4 -1.3 0.4</float_array>
          <technique_common>
            <accessor source="#edf_torsional_200_top-mesh-map-0-array" count="2220" stride="2">
              <param name="S" type="float"/>
              <param name="T" type="float"/>
            </accessor>
          </technique_common>
        </source>
        <vertices id="edf_torsional_200_top-mesh-vertices">
          <input semantic="POSITION" source="#edf_torsional_200_top-mesh-positions"/>
        </vertices>
        <triangles material="ABS__White__010-material" count="728">
          <input semantic="VERTEX" source="#edf_torsional_200_top-mesh-vertices" offset="0"/>
          <input semantic="NORMAL" source="#edf_torsional_200_top-mesh-normals" offset="1"/>
          <input semantic="TEXCOORD" source="#edf_torsional_200_top-mesh-map-0" offset="2" set="0"/>
          <p>0 0 0 1 0 1 3 0 2 3 1 3 1 1 4 2 1 5 4 2 6 0 2 7 5 2 8 5 2 9 0 2 10 3 2 11 6 3 12 7 3 13 9 3 14 9 4 15 7 4 16 8 4 17 7 5 18 10 5 19 8 5 20 8 5 21 10 5 22 11 5 23 1 6 24 12 6 25 2 6 26 13 2 27 14 2 28 12 2 29 12 7 30 14 7 31 2 7 32 1 8 33 0 8 34 6 8 35 6 9 36 0 9 37 7 9 38 0 10 39 4 10 40 7 10 41 7 10 42 4 10 43 10 10 44 15 11 45 16 11 46 18 11 47 18 11 48 16 11 49 17 11 50 16 5 51 19 5 52 17 5 53 17 5 54 19 5 55 20 5 56 19 10 57 21 10 58 20 10 59 20 10 60 21 10 61 22 10 62 21 2 63 15 2 64 22 2 65 22 2 66 15 2 67 18 2 68 18 12 69 17 12 70 22 12 71 22 12 72 17 12 73 20 12 74 2 13 75 14 13 76 24 13 77 24 14 78 14 14 79 23 14 80 25 5 81 24 5 82 23 5 83 26 15 84 27 15 85 29 15 86 29 16 87 27 16 88 28 16 89 30 2 90 29 2 91 28 2 92 5 17 93 16 17 94 4 17 95 4 12 96 16 12 97 15 12 98 4 12 99 15 12 100 10 12 101 10 12 102 15 12 103 11 12 104 11 12 105 15 12 106 21 12 107 11 12 108 21 12 109 19 12 110 16 12 111 5 12 112 19 12 113 19 12 114 5 12 115 11 12 116 1 18 117 6 18 118 12 18 119 12 19 120 6 19 121 31 19 122 3 20 123 2 20 124 27 20 125 3 21 126 27 21 127 8 21 128 8 22 129 27 22 130 9 22 131 8 11 132 11 11 133 3 11 134 3 11 135 11 11 136 5 11 137 25 23 138 28 23 139 24 23 140 24 24 141 28 24 142 27 24 143 24 25 144 27 25 145 2 25 146 25 23 147 30 23 148 28 23 149 23 11 150 37 11 151 25 11 152 25 11 153 37 11 154 38 11 155 29 11 156 34 11 157 23 11 158 23 26 159 34 26 160 35 26 161 30 11 162 32 11 163 29 11 164 29 27 165 32 27 166 33 27 167 25 11 168 40 11 169 30 11 170 30 28 171 40 28 172 41 28 173 29 29 174 33 29 175 34 29 176 35 30 177 36 30 178 23 30 179 23 31 180 36 31 181 37 31 182 25 32 183 38 32 184 39 32 185 39 11 186 40 11 187 25 11 188 30 11 189 41 11 190 42 11 191 42 33 192 32 33 193 30 33 194 31 34 195 6 34 196 9 34 197 31 5 198 9 5 199 27 5 200 27 5 201 26 5 202 31 5 203 31 5 204 26 5 205 43 5 206 31 10 207 52 10 208 12 10 209 12 35 210 52 35 211 53 35 212 43 10 213 50 10 214 31 10 215 31 10 216 50 10 217 51 10 218 13 36 219 47 36 220 43 36 221 43 37 222 47 37 223 48 37 224 12 10 225 44 10 226 13 10 227 13 38 228 44 38 229 45 38 230 45 39 231 46 39 232 13 39 233 46 10 234 47 10 235 13 10 236 43 10 237 48 10 238 49 10 239 49 10 240 50 10 241 43 10 242 31 40 243 51 40 244 52 40 245 53 41 246 54 41 247 12 41 248 12 42 249 54 42 250 44 42 251 44 43 252 37 44 253 45 45 254 45 46 255 37 47 256 36 48 257 45 49 258 36 50 259 46 51 260 46 52 261 36 53 262 35 54 263 46 55 264 35 56 265 47 57 266 47 58 267 35 59 268 34 60 269 47 61 270 34 62 271 48 63 272 48 64 273 34 65 274 33 66 275 48 67 276 33 68 277 49 69 278 49 70 279 33 71 280 32 72 281 49 73 282 32 74 283 50 75 284 50 76 285 32 77 286 42 78 287 50 79 288 42 80 289 51 81 290 51 82 291 42 83 292 41 84 293 51 85 294 41 86 295 52 87 296 52 88 297 41 89 298 40 90 299 52 91 300 40 92 301 53 93 302 53 94 303 40 95 304 39 96 305 53 97 306 39 98 307 54 99 308 54 100 309 39 101 310 38 102 311 54 103 312 38 104 313 44 105 314 44 106 315 38 107 316 37 108 317 14 23 318 13 23 319 23 23 320 23 23 321 13 23 322 43 23 323 23 23 324 43 23 325 29 23 326 29 23 327 43 23 328 26 23 329 55 109 330 65 110 331 59 111 332 59 112 333 65 113 334 60 114 335 59 115 336 60 116 337 58 117 338 58 118 339 60 119 340 61 120 341 58 121 342 61 122 343 62 123 344 58 124 345 62 125 346 57 126 347 57 127 348 62 128 349 63 129 350 57 130 351 63 131 352 56 132 353 56 133 354 63 134 355 64 135 356 56 136 357 64 137 358 55 138 359 55 139 360 64 140 361 65 141 362 66 142 363 77 143 364 71 144 365 71 145 366 77 146 367 72 147 368 71 148 369 72 149 370 70 150 371 70 151 372 72 152 373 73 153 374 70 154 375 73 155 376 74 156 377 70 157 378 74 158 379 69 159 380 69 160 381 74 161 382 75 162 383 69 163 384 75 164 385 68 165 386 68 166 387 75 167 388 67 168 389 67 169 390 75 170 391 76 171 392 67 172 393 76 173 394 66 174 395 66 175 396 76 176 397 77 177 398 83 178 399 78 179 400 82 180 401 82 181 402 78 182 403 79 183 404 82 184 405 79 185 406 81 186 407 81 187 408 79 188 409 80 189 410 71 190 411 80 190 412 66 190 413 66 191 414 80 191 415 84 191 416 66 2 417 84 2 418 67 2 419 67 2 420 84 2 421 85 2 422 67 2 423 85 2 424 68 2 425 68 2 426 85 2 427 69 2 428 69 192 429 85 192 430 81 192 431 69 193 432 81 193 433 70 193 434 70 194 435 81 194 436 80 194 437 70 195 438 80 195 439 71 195 440 91 196 441 86 197 442 90 198 443 90 199 444 86 200 445 87 201 446 90 202 447 87 203 448 89 204 449 89 205 450 87 206 451 88 207 452 65 208 453 93 208 454 89 208 455 65 209 456 89 209 457 60 209 458 60 210 459 89 210 460 61 210 461 61 211 462 89 211 463 88 211 464 61 212 465 88 212 466 62 212 467 62 213 468 88 213 469 63 213 470 63 214 471 88 214 472 92 214 473 63 5 474 92 5 475 64 5 476 64 215 477 92 215 478 93 215 479 64 216 480 93 216 481 65 216 482 78 217 483 83 217 484 95 217 485 95 218 486 83 218 487 94 218 488 86 219 489 91 219 490 97 219 491 97 220 492 91 220 493 96 220 494 94 11 495 124 11 496 95 11 497 98 11 498 122 11 499 94 11 500 94 11 501 122 11 502 123 11 503 98 11 504 99 11 505 122 11 506 122 11 507 99 11 508 121 11 509 121 221 510 99 221 511 100 221 512 121 11 513 100 11 514 120 11 515 120 11 516 100 11 517 119 11 518 119 222 519 100 222 520 101 222 521 119 11 522 101 11 523 118 11 524 118 223 525 101 223 526 102 223 527 118 11 528 102 11 529 95 11 530 118 224 531 95 224 532 124 224 533 95 11 534 102 11 535 103 11 536 95 225 537 103 225 538 115 225 539 104 11 540 113 11 541 103 11 542 104 226 543 105 226 544 112 226 545 112 227 546 105 227 547 117 227 548 117 11 549 105 11 550 106 11 551 117 228 552 106 228 553 116 228 554 116 229 555 106 229 556 96 229 557 116 11 558 96 11 559 115 11 560 115 11 561 96 11 562 95 11 563 96 230 564 106 230 565 107 230 566 96 231 567 107 231 568 126 231 569 126 11 570 107 11 571 125 11 572 125 232 573 107 232 574 108 232 575 125 11 576 108 11 577 131 11 578 131 233 579 108 233 580 109 233 581 131 11 582 109 11 583 130 11 584 130 234 585 109 234 586 110 234 587 130 11 588 110 11 589 129 11 590 129 11 591 110 11 592 111 11 593 129 235 594 111 235 595 97 235 596 129 236 597 97 236 598 128 236 599 128 11 600 97 11 601 127 11 602 127 11 603 97 11 604 96 11 605 127 11 606 96 11 607 126 11 608 104 11 609 112 11 610 113 11 611 113 11 612 114 11 613 103 11 614 114 237 615 115 237 616 103 237 617 94 238 618 123 238 619 124 238 620 133 239 621 89 239 622 132 239 623 132 240 624 89 240 625 93 240 626 132 241 627 93 241 628 135 241 629 135 23 630 93 23 631 84 23 632 135 23 633 84 23 634 134 23 635 134 23 636 84 23 637 133 23 638 133 242 639 84 242 640 80 242 641 133 243 642 80 243 643 89 243 644 89 23 645 80 23 646 90 23 647 90 23 648 80 23 649 79 23 650 90 23 651 79 23 652 91 23 653 91 244 654 79 244 655 78 244 656 91 245 657 78 245 658 96 245 659 96 246 660 78 246 661 95 246 662 77 5 663 134 5 664 133 5 665 77 5 666 133 5 667 72 5 668 72 247 669 133 247 670 73 247 671 73 5 672 133 5 673 136 5 674 73 248 675 136 248 676 74 248 677 74 5 678 136 5 679 75 5 680 75 5 681 136 5 682 137 5 683 75 5 684 137 5 685 76 5 686 76 249 687 137 249 688 134 249 689 76 5 690 134 5 691 77 5 692 137 10 693 138 10 694 134 10 695 134 10 696 138 10 697 135 10 698 59 250 699 132 250 700 55 250 701 55 251 702 132 251 703 135 251 704 55 252 705 135 252 706 56 252 707 56 253 708 135 253 709 138 253 710 56 254 711 138 254 712 57 254 713 57 255 714 138 255 715 139 255 716 57 256 717 139 256 718 58 256 719 58 257 720 139 257 721 132 257 722 58 258 723 132 258 724 59 258 725 139 11 726 136 11 727 132 11 728 132 11 729 136 11 730 133 11 731 92 11 732 85 11 733 93 11 734 93 11 735 85 11 736 84 11 737 112 259 738 140 260 739 113 261 740 113 262 741 140 263 742 141 264 743 113 265 744 141 266 745 114 267 746 114 268 747 141 269 748 142 270 749 114 271 750 142 272 751 115 273 752 115 274 753 142 275 754 143 276 755 115 277 756 143 278 757 144 279 758 115 280 759 144 281 760 116 282 761 116 283 762 144 284 763 117 285 764 117 286 765 144 287 766 145 288 767 117 289 768 145 290 769 140 291 770 117 292 771 140 293 772 112 294 773 118 295 774 151 296 775 146 297 776 118 298 777 146 299 778 119 300 779 119 301 780 146 302 781 120 303 782 120 304 783 146 305 784 147 306 785 120 307 786 147 308 787 121 309 788 121 310 789 147 311 790 148 312 791 121 313 792 148 314 793 122 315 794 122 316 795 148 317 796 149 318 797 122 319 798 149 320 799 123 321 800 123 322 801 149 323 802 150 324 803 123 325 804 150 326 805 124 327 806 124 328 807 150 329 808 151 330 809 124 331 810 151 332 811 118 333 812 125 334 813 152 335 814 126 336 815 126 337 816 152 338 817 153 339 818 126 340 819 153 341 820 127 342 821 127 343 822 153 344 823 154 345 824 127 346 825 154 347 826 128 348 827 128 349 828 154 350 829 155 351 830 128 352 831 155 353 832 129 354 833 129 355 834 155 356 835 156 357 836 129 358 837 156 359 838 130 360 839 130 361 840 156 362 841 157 363 842 130 364 843 157 365 844 131 366 845 131 367 846 157 368 847 158 369 848 131 370 849 158 371 850 125 372 851 125 373 852 158 374 853 152 375 854 105 376 855 162 377 856 106 378 857 106 379 858 162 380 859 159 381 860 106 382 861 159 383 862 160 384 863 106 385 864 160 386 865 107 387 866 104 388 867 161 389 868 162 390 869 104 391 870 162 392 871 105 393 872 102 394 873 168 395 874 103 396 875 103 397 876 168 398 877 163 399 878 103 400 879 163 401 880 104 402 881 104 403 882 163 404 883 161 405 884 98 406 885 164 407 886 99 408 887 99 409 888 164 410 889 165 411 890 99 412 891 165 413 892 166 414 893 99 415 894 166 416 895 100 417 896 100 418 897 166 419 898 167 420 899 100 421 900 167 422 901 101 423 902 101 424 903 167 425 904 168 426 905 101 427 906 168 428 907 102 429 908 139 12 909 81 12 910 136 12 911 136 12 912 81 12 913 85 12 914 136 430 915 85 430 916 137 430 917 137 12 918 85 12 919 92 12 920 137 12 921 92 12 922 138 12 923 138 431 924 92 431 925 139 431 926 139 12 927 92 12 928 88 12 929 139 432 930 88 432 931 81 432 932 81 12 933 88 12 934 82 12 935 82 12 936 88 12 937 87 12 938 82 12 939 87 12 940 83 12 941 83 12 942 87 12 943 86 12 944 83 12 945 86 12 946 94 12 947 94 12 948 86 12 949 97 12 950 94 433 951 97 433 952 164 433 953 164 434 954 97 434 955 169 434 956 169 435 957 97 435 958 111 435 959 164 436 960 98 436 961 94 436 962 107 437 963 160 438 964 170 439 965 107 440 966 170 441 967 108 442 968 108 443 969 170 444 970 171 445 971 108 446 972 171 447 973 109 448 974 109 449 975 171 450 976 172 451 977 109 452 978 172 453 979 110 454 980 110 455 981 172 456 982 173 457 983 110 458 984 173 459 985 111 460 986 111 461 987 173 462 988 169 463 989 152 10 990 170 10 991 153 10 992 153 10 993 170 10 994 160 10 995 170 10 996 152 10 997 171 10 998 171 10 999 152 10 1000 158 10 1001 171 10 1002 158 10 1003 172 10 1004 172 464 1005 158 464 1006 157 464 1007 172 465 1008 157 465 1009 156 465 1010 172 10 1011 156 10 1012 173 10 1013 173 466 1014 156 466 1015 169 466 1016 156 467 1017 155 467 1018 169 467 1019 169 468 1020 155 468 1021 150 468 1022 150 469 1023 155 469 1024 154 469 1025 150 470 1026 154 470 1027 143 470 1028 143 10 1029 154 10 1030 144 10 1031 144 471 1032 154 471 1033 153 471 1034 144 10 1035 153 10 1036 160 10 1037 151 10 1038 168 10 1039 146 10 1040 146 472 1041 168 472 1042 167 472 1043 146 10 1044 167 10 1045 147 10 1046 147 473 1047 167 473 1048 166 473 1049 147 474 1050 166 474 1051 148 474 1052 148 475 1053 166 475 1054 165 475 1055 148 476 1056 165 476 1057 149 476 1058 149 477 1059 165 477 1060 164 477 1061 151 478 1062 163 478 1063 168 478 1064 163 479 1065 151 479 1066 143 479 1067 143 480 1068 151 480 1069 150 480 1070 169 10 1071 150 10 1072 164 10 1073 164 481 1074 150 481 1075 149 481 1076 140 10 1077 162 10 1078 161 10 1079 140 10 1080 161 10 1081 141 10 1082 141 10 1083 161 10 1084 163 10 1085 141 10 1086 163 10 1087 142 10 1088 142 10 1089 163 10 1090 143 10 1091 162 482 1092 140 482 1093 159 482 1094 159 483 1095 140 483 1096 145 483 1097 159 484 1098 145 484 1099 144 484 1100 159 10 1101 144 10 1102 160 10 1103 182 485 1140 188 486 1141 187 487 1142 187 488 1143 188 489 1144 189 490 1145 187 491 1146 189 492 1147 186 493 1148 186 494 1149 189 495 1150 190 496 1151 186 497 1152 190 498 1153 185 499 1154 185 500 1155 190 501 1156 191 502 1157 185 503 1158 191 504 1159 184 505 1160 184 506 1161 191 507 1162 192 508 1163 184 509 1164 192 510 1165 183 511 1166 183 512 1167 192 513 1168 193 514 1169 183 515 1170 193 516 1171 182 517 1172 182 518 1173 193 519 1174 188 520 1175 194 521 1176 200 522 1177 199 523 1178 199 524 1179 200 525 1180 201 526 1181 199 527 1182 201 528 1183 198 529 1184 198 530 1185 201 531 1186 202 532 1187 198 533 1188 202 534 1189 197 535 1190 197 536 1191 202 501 1192 203 537 1193 197 538 1194 203 539 1195 196 540 1196 196 541 1197 203 542 1198 204 543 1199 196 544 1200 204 545 1201 195 546 1202 195 547 1203 204 513 1204 205 514 1205 195 548 1206 205 549 1207 194 550 1208 194 551 1209 205 552 1210 200 553 1211 211 554 1212 206 555 1213 210 556 1214 210 557 1215 206 558 1216 207 559 1217 210 560 1218 207 561 1219 209 562 1220 209 563 1221 207 564 1222 208 565 1223 199 566 1224 213 566 1225 206 566 1226 199 567 1227 206 567 1228 194 567 1229 194 568 1230 206 568 1231 195 568 1232 195 569 1233 206 569 1234 211 569 1235 195 570 1236 211 570 1237 196 570 1238 196 571 1239 211 571 1240 197 571 1241 197 572 1242 211 572 1243 212 572 1244 197 573 1245 212 573 1246 198 573 1247 198 2 1248 212 2 1249 213 2 1250 198 2 1251 213 2 1252 199 2 1253 219 574 1254 214 575 1255 218 576 1256 218 577 1257 214 578 1258 215 579 1259 218 580 1260 215 581 1261 217 582 1262 217 583 1263 215 584 1264 216 585 1265 188 586 1266 219 586 1267 220 586 1268 188 5 1269 220 5 1270 189 5 1271 189 5 1272 220 5 1273 221 5 1274 189 5 1275 221 5 1276 190 5 1277 190 587 1278 221 587 1279 191 587 1280 191 588 1281 221 588 1282 214 588 1283 191 589 1284 214 589 1285 192 589 1286 192 590 1287 214 590 1288 193 590 1289 193 591 1290 214 591 1291 219 591 1292 193 592 1293 219 592 1294 188 592 1295 209 593 1296 208 593 1297 223 593 1298 223 594 1299 208 594 1300 222 594 1301 217 595 1302 216 595 1303 225 595 1304 225 596 1305 216 596 1306 224 596 1307 222 11 1308 247 11 1309 223 11 1310 225 11 1311 241 11 1312 222 11 1313 222 597 1314 241 597 1315 242 597 1316 224 11 1317 257 11 1318 225 11 1319 226 598 1320 256 598 1321 224 598 1322 226 11 1323 227 11 1324 256 11 1325 256 599 1326 227 599 1327 255 599 1328 255 11 1329 227 11 1330 254 11 1331 254 11 1332 227 11 1333 228 11 1334 254 11 1335 228 11 1336 253 11 1337 253 11 1338 228 11 1339 252 11 1340 252 11 1341 228 11 1342 229 11 1343 252 11 1344 229 11 1345 258 11 1346 258 11 1347 229 11 1348 225 11 1349 258 600 1350 225 600 1351 257 600 1352 225 601 1353 229 601 1354 230 601 1355 225 602 1356 230 602 1357 241 602 1358 231 603 1359 239 603 1360 230 603 1361 231 604 1362 232 604 1363 244 604 1364 231 11 1365 244 11 1366 239 11 1367 233 605 1368 244 605 1369 232 605 1370 233 606 1371 243 606 1372 244 606 1373 233 11 1374 222 11 1375 242 11 1376 233 607 1377 234 607 1378 222 607 1379 234 608 1380 245 608 1381 222 608 1382 245 11 1383 234 11 1384 251 11 1385 251 609 1386 234 609 1387 235 609 1388 251 610 1389 235 610 1390 250 610 1391 250 611 1392 235 611 1393 236 611 1394 250 612 1395 236 612 1396 249 612 1397 249 613 1398 236 613 1399 237 613 1400 237 614 1401 238 614 1402 249 614 1403 249 11 1404 238 11 1405 248 11 1406 248 11 1407 238 11 1408 223 11 1409 248 11 1410 223 11 1411 247 11 1412 239 11 1413 240 11 1414 230 11 1415 230 615 1416 240 615 1417 241 615 1418 242 11 1419 243 11 1420 233 11 1421 245 11 1422 246 11 1423 222 11 1424 222 616 1425 246 616 1426 247 616 1427 256 617 1428 257 617 1429 224 617 1430 260 618 1431 206 618 1432 259 618 1433 259 619 1434 206 619 1435 213 619 1436 259 12 1437 213 12 1438 262 12 1439 262 12 1440 213 12 1441 220 12 1442 262 12 1443 220 12 1444 261 12 1445 261 12 1446 220 12 1447 260 12 1448 260 620 1449 220 620 1450 219 620 1451 260 621 1452 219 621 1453 206 621 1454 206 622 1455 219 622 1456 207 622 1457 207 12 1458 219 12 1459 218 12 1460 207 623 1461 218 623 1462 208 623 1463 208 624 1464 218 624 1465 217 624 1466 208 625 1467 217 625 1468 222 625 1469 222 626 1470 217 626 1471 225 626 1472 200 5 1473 259 5 1474 262 5 1475 200 5 1476 262 5 1477 201 5 1478 201 5 1479 262 5 1480 264 5 1481 201 5 1482 264 5 1483 202 5 1484 202 5 1485 264 5 1486 203 5 1487 203 5 1488 264 5 1489 263 5 1490 203 5 1491 263 5 1492 204 5 1493 204 5 1494 263 5 1495 205 5 1496 205 5 1497 263 5 1498 259 5 1499 205 5 1500 259 5 1501 200 5 1502 262 10 1503 261 10 1504 264 10 1505 264 10 1506 261 10 1507 265 10 1508 187 627 1509 261 627 1510 260 627 1511 187 628 1512 260 628 1513 182 628 1514 182 629 1515 260 629 1516 183 629 1517 183 630 1518 260 630 1519 266 630 1520 183 631 1521 266 631 1522 184 631 1523 184 632 1524 266 632 1525 185 632 1526 185 633 1527 266 633 1528 265 633 1529 185 634 1530 265 634 1531 186 634 1532 186 635 1533 265 635 1534 261 635 1535 186 636 1536 261 636 1537 187 636 1538 260 11 1539 259 11 1540 266 11 1541 266 11 1542 259 11 1543 263 11 1544 220 11 1545 213 11 1546 221 11 1547 221 11 1548 213 11 1549 212 11 1550 244 637 1551 272 638 1552 267 639 1553 244 640 1554 267 641 1555 239 642 1556 239 643 1557 267 644 1558 268 645 1559 239 646 1560 268 647 1561 240 648 1562 240 649 1563 268 650 1564 269 651 1565 240 652 1566 269 653 1567 241 654 1568 241 655 1569 269 656 1570 270 657 1571 241 658 1572 270 659 1573 242 660 1574 242 661 1575 270 662 1576 243 663 1577 243 664 1578 270 665 1579 271 666 1580 243 667 1581 271 668 1582 244 669 1583 244 670 1584 271 671 1585 272 672 1586 251 673 1587 273 674 1588 245 675 1589 245 676 1590 273 677 1591 274 678 1592 245 679 1593 274 680 1594 246 681 1595 246 682 1596 274 683 1597 247 684 1598 247 685 1599 274 686 1600 275 687 1601 247 688 1602 275 689 1603 248 690 1604 248 691 1605 275 692 1606 276 693 1607 248 694 1608 276 695 1609 249 696 1610 249 697 1611 276 698 1612 277 699 1613 249 700 1614 277 701 1615 250 702 1616 250 703 1617 277 704 1618 278 705 1619 250 706 1620 278 707 1621 251 708 1622 251 709 1623 278 710 1624 273 711 1625 258 712 1626 285 713 1627 252 714 1628 252 715 1629 285 716 1630 279 717 1631 252 718 1632 279 719 1633 253 720 1634 253 721 1635 279 722 1636 280 723 1637 253 724 1638 280 725 1639 254 726 1640 254 727 1641 280 728 1642 281 729 1643 254 730 1644 281 731 1645 255 732 1646 255 733 1647 281 734 1648 282 735 1649 255 736 1650 282 737 1651 256 738 1652 256 739 1653 282 740 1654 283 741 1655 256 742 1656 283 743 1657 257 744 1658 257 745 1659 283 746 1660 284 747 1661 257 748 1662 284 749 1663 285 750 1664 257 751 1665 285 752 1666 258 753 1667 229 754 1668 297 755 1669 230 756 1670 230 757 1671 297 758 1672 286 759 1673 230 760 1674 286 761 1675 231 762 1676 231 763 1677 286 764 1678 287 765 1679 231 766 1680 287 767 1681 288 768 1682 231 769 1683 288 770 1684 232 771 1685 232 772 1686 288 773 1687 233 774 1688 233 775 1689 288 776 1690 289 777 1691 233 778 1692 289 779 1693 234 780 1694 234 781 1695 289 782 1696 290 783 1697 234 784 1698 290 785 1699 235 786 1700 235 787 1701 290 788 1702 291 789 1703 235 790 1704 291 791 1705 236 792 1706 236 793 1707 291 794 1708 292 795 1709 236 796 1710 292 797 1711 237 798 1712 237 799 1713 292 800 1714 293 801 1715 237 802 1716 293 803 1717 238 804 1718 263 23 1719 214 23 1720 266 23 1721 266 23 1722 214 23 1723 221 23 1724 266 805 1725 221 805 1726 265 805 1727 265 23 1728 221 23 1729 212 23 1730 265 23 1731 212 23 1732 264 23 1733 264 23 1734 212 23 1735 263 23 1736 263 23 1737 212 23 1738 211 23 1739 263 806 1740 211 806 1741 214 806 1742 214 23 1743 211 23 1744 215 23 1745 215 23 1746 211 23 1747 210 23 1748 215 807 1749 210 807 1750 216 807 1751 216 808 1752 210 808 1753 209 808 1754 216 809 1755 209 809 1756 224 809 1757 224 23 1758 209 23 1759 223 23 1760 224 810 1761 223 810 1762 294 810 1763 294 811 1764 223 811 1765 293 811 1766 293 812 1767 223 812 1768 238 812 1769 294 813 1770 226 813 1771 224 813 1772 226 814 1773 294 815 1774 227 816 1775 227 817 1776 294 818 1777 295 819 1778 227 820 1779 295 821 1780 228 822 1781 228 823 1782 295 824 1783 296 825 1784 228 826 1785 296 827 1786 229 828 1787 229 829 1788 296 830 1789 297 831 1790 285 10 1791 297 10 1792 279 10 1793 279 832 1794 297 832 1795 296 832 1796 279 833 1797 296 833 1798 280 833 1799 280 10 1800 296 10 1801 281 10 1802 281 10 1803 296 10 1804 295 10 1805 281 834 1806 295 834 1807 282 834 1808 282 10 1809 295 10 1810 283 10 1811 283 835 1812 295 835 1813 294 835 1814 285 10 1815 286 10 1816 297 10 1817 286 10 1818 285 10 1819 269 10 1820 269 10 1821 285 10 1822 270 10 1823 270 836 1824 285 836 1825 284 836 1826 270 10 1827 284 10 1828 275 10 1829 275 837 1830 284 837 1831 283 837 1832 275 838 1833 283 838 1834 294 838 1835 290 10 1836 273 10 1837 291 10 1838 291 839 1839 273 839 1840 278 839 1841 291 10 1842 278 10 1843 292 10 1844 292 840 1845 278 840 1846 277 840 1847 292 10 1848 277 10 1849 293 10 1850 277 10 1851 276 10 1852 293 10 1853 293 841 1854 276 841 1855 275 841 1856 275 10 1857 274 10 1858 270 10 1859 270 842 1860 274 842 1861 289 842 1862 289 843 1863 274 843 1864 273 843 1865 289 844 1866 273 844 1867 290 844 1868 272 845 1869 288 845 1870 267 845 1871 267 10 1872 288 10 1873 287 10 1874 267 846 1875 287 846 1876 286 846 1877 267 10 1878 286 10 1879 268 10 1880 268 847 1881 286 847 1882 269 847 1883 288 10 1884 272 10 1885 289 10 1886 272 848 1887 271 848 1888 289 848 1889 271 10 1890 270 10 1891 289 10 1892 294 849 1893 293 849 1894 275 849 1895 298 850 1896 299 850 1897 301 850 1898 301 851 1899 299 851 1900 300 851 1901 299 2 1902 302 2 1903 300 2 1904 300 2 1905 302 2 1906 303 2 1907 304 852 1908 305 852 1909 307 852 1910 307 853 1911 305 853 1912 306 853 1913 308 5 1914 304 5 1915 309 5 1916 309 5 1917 304 5 1918 307 5 1919 313 854 1920 298 854 1921 301 854 1922 313 855 1923 301 855 1924 310 855 1925 310 2 1926 311 2 1927 313 2 1928 313 2 1929 311 2 1930 312 2 1931 299 856 1932 298 856 1933 305 856 1934 299 857 1935 305 857 1936 304 857 1937 304 10 1938 308 10 1939 299 10 1940 299 10 1941 308 10 1942 302 10 1943 314 11 1944 315 11 1945 317 11 1946 317 11 1947 315 11 1948 316 11 1949 318 5 1950 314 5 1951 319 5 1952 319 5 1953 314 5 1954 317 5 1955 320 10 1956 318 10 1957 321 10 1958 321 10 1959 318 10 1960 319 10 1961 315 2 1962 320 2 1963 316 2 1964 316 2 1965 320 2 1966 321 2 1967 321 23 1968 319 23 1969 316 23 1970 316 23 1971 319 23 1972 317 23 1973 311 858 1974 310 858 1975 323 858 1976 323 859 1977 310 859 1978 322 859 1979 322 5 1980 324 5 1981 323 5 1982 306 860 1983 325 860 1984 327 860 1985 327 861 1986 325 861 1987 326 861 1988 326 2 1989 328 2 1990 327 2 1991 302 862 1992 314 862 1993 303 862 1994 303 863 1995 314 863 1996 318 863 1997 303 23 1998 318 23 1999 320 23 2000 302 23 2001 308 23 2002 314 23 2003 314 23 2004 308 23 2005 315 23 2006 315 23 2007 308 23 2008 309 23 2009 315 864 2010 309 864 2011 320 864 2012 320 23 2013 309 23 2014 303 23 2015 313 865 2016 329 865 2017 298 865 2018 298 866 2019 329 866 2020 305 866 2021 301 867 2022 300 867 2023 310 867 2024 310 868 2025 300 868 2026 306 868 2027 306 869 2028 300 869 2029 307 869 2030 300 11 2031 303 11 2032 307 11 2033 307 11 2034 303 11 2035 309 11 2036 324 12 2037 322 12 2038 328 12 2039 328 12 2040 322 12 2041 327 12 2042 327 870 2043 322 870 2044 306 870 2045 322 871 2046 310 871 2047 306 871 2048 324 11 2049 336 11 2050 323 11 2051 323 11 2052 336 11 2053 337 11 2054 328 11 2055 333 11 2056 324 11 2057 324 872 2058 333 872 2059 334 872 2060 326 11 2061 330 11 2062 328 11 2063 328 873 2064 330 873 2065 331 873 2066 323 874 2067 339 874 2068 326 874 2069 326 875 2070 339 875 2071 340 875 2072 331 11 2073 332 11 2074 328 11 2075 332 876 2076 333 876 2077 328 876 2078 324 877 2079 334 877 2080 335 877 2081 335 878 2082 336 878 2083 324 878 2084 323 879 2085 337 879 2086 338 879 2087 338 11 2088 339 11 2089 323 11 2090 326 880 2091 340 880 2092 330 880 2093 305 881 2094 329 881 2095 306 881 2096 341 5 2097 325 5 2098 329 5 2099 329 882 2100 325 882 2101 306 882 2102 313 10 2103 344 10 2104 329 10 2105 329 883 2106 344 883 2107 345 883 2108 312 10 2109 342 10 2110 313 10 2111 313 884 2112 342 884 2113 343 884 2114 341 885 2115 349 885 2116 312 885 2117 312 886 2118 349 886 2119 350 886 2120 329 10 2121 347 10 2122 341 10 2123 341 10 2124 347 10 2125 348 10 2126 313 887 2127 343 887 2128 344 887 2129 329 888 2130 345 888 2131 346 888 2132 346 10 2133 347 10 2134 329 10 2135 341 889 2136 348 889 2137 349 889 2138 350 10 2139 351 10 2140 312 10 2141 312 890 2142 351 890 2143 342 890 2144 342 891 2145 336 892 2146 335 893 2147 342 894 2148 335 895 2149 343 896 2150 343 897 2151 335 898 2152 334 899 2153 343 900 2154 334 901 2155 344 902 2156 344 903 2157 334 904 2158 333 905 2159 344 906 2160 333 907 2161 345 908 2162 345 909 2163 333 910 2164 332 911 2165 345 912 2166 332 913 2167 346 914 2168 346 915 2169 332 916 2170 331 917 2171 346 918 2172 331 919 2173 347 920 2174 347 921 2175 331 922 2176 330 923 2177 347 924 2178 330 925 2179 348 926 2180 348 927 2181 330 928 2182 340 929 2183 348 930 2184 340 931 2185 349 932 2186 349 933 2187 340 934 2188 339 935 2189 349 936 2190 339 937 2191 350 938 2192 350 939 2193 339 940 2194 338 941 2195 350 942 2196 338 943 2197 351 944 2198 351 945 2199 338 946 2200 337 947 2201 351 948 2202 337 949 2203 342 950 2204 342 951 2205 337 952 2206 336 953 2207 311 12 2208 323 12 2209 312 12 2210 312 12 2211 323 12 2212 326 12 2213 312 12 2214 326 12 2215 341 12 2216 341 12 2217 326 12 2218 325 12 2219</p>
        </triangles>
        <triangles material="Steel_-_Satin_010-material" count="12">
          <input semantic="VERTEX" source="#edf_torsional_200_top-mesh-vertices" offset="0"/>
          <input semantic="NORMAL" source="#edf_torsional_200_top-mesh-normals" offset="1"/>
          <input semantic="TEXCOORD" source="#edf_torsional_200_top-mesh-map-0" offset="2" set="0"/>
          <p>174 12 1104 175 12 1105 177 12 1106 177 12 1107 175 12 1108 176 12 1109 176 5 1110 175 5 1111 178 5 1112 176 5 1113 178 5 1114 179 5 1115 175 11 1116 174 11 1117 180 11 1118 175 11 1119 180 11 1120 178 11 1121 174 2 1122 177 2 1123 181 2 1124 174 2 1125 181 2 1126 180 2 1127 177 10 1128 176 10 1129 179 10 1130 177 10 1131 179 10 1132 181 10 1133 178 23 1134 180 23 1135 179 23 1136 179 23 1137 180 23 1138 181 23 1139</p>
        </triangles>
      </mesh>
    </geometry>
  </library_geometries>
  <library_visual_scenes>
    <visual_scene id="Scene" name="Scene">
      <node id="edf_torsional_200_top" name="edf_torsional_200_top" type="NODE">
        <matrix sid="transform">-4.37114e-10 -7.54979e-10 0.01 -0.214799 0.01 0 4.37114e-10 -0.00631 0 0.01 7.54979e-10 -0.001656 0 0 0 1</matrix>
        <instance_geometry url="#edf_torsional_200_top-mesh" name="edf_torsional_200_top">
          <bind_material>
            <technique_common>
              <instance_material symbol="ABS__White__010-material" target="#ABS__White__010-material">
                <bind_vertex_input semantic="UVMap" input_semantic="TEXCOORD" input_set="0"/>
              </instance_material>
              <instance_material symbol="Steel_-_Satin_010-material" target="#Steel_-_Satin_010-material">
                <bind_vertex_input semantic="UVMap" input_semantic="TEXCOORD" input_set="0"/>
              </instance_material>
            </technique_common>
          </bind_material>
        </instance_geometry>
      </node>
    </visual_scene>
  </library_visual_scenes>
  <scene>
    <instance_visual_scene url="#Scene"/>
  </scene>
</COLLADA>